responden_id,Q1. Apakah Anda bersedia menjadi responden dalam penelitian ini?,Apakah Anda memenuhi seluruh kriteria responden di atas?,jenis_kelamin,usia,semester,uang_saku_bulanan,perguruan_tinggi,frekuensi_penggunaan,jenis_transaksi_dominan,jumlah_ewallet_aktif_raw,ewallet_utama,ewallet_digunakan,lama_penggunaan,nominal_transaksi,pengeluaran_ewallet_bulanan,alasan_utama,kondisi_penggunaan,promo_memengaruhi,frekuensi_pindah_promo,Q22/S1.1. E-wallet membantu saya melakukan transaksi dengan lebih cepat.,Q23/S1.2. E-wallet membuat aktivitas pembayaran saya menjadi lebih praktis.,Q24/S1.3. E-wallet membantu saya memenuhi kebutuhan transaksi sehari-hari.,Q25/S1.4. E-wallet lebih efisien dibandingkan pembayaran tunai dalam beberapa situasi.,Q26/S2.1. Aplikasi e-wallet mudah saya gunakan.,Q27/S2.2. Fitur-fitur pada e-wallet mudah saya pahami.,Q28/S2.3. Saya tidak mengalami kesulitan saat melakukan transaksi menggunakan e-wallet.,Q29/S2.4. Proses top-up saldo e-wallet mudah dilakukan.,Q30/S3.1. Saya merasa saldo saya aman saat menggunakan e-wallet.,Q31/S3.2. Saya merasa transaksi menggunakan e-wallet terlindungi dengan baik.,"Q32/S3.3. Fitur keamanan seperti PIN, OTP, atau verifikasi biometrik membuat saya merasa lebih aman.",Q33/S3.4. Saya merasa data pribadi saya aman saat menggunakan e-wallet.,Q34/S4.1. Saya percaya penyedia e-wallet mampu menjaga keamanan transaksi saya.,Q35/S4.2. Saya percaya penyedia e-wallet akan membantu jika terjadi masalah transaksi.,Q36/S4.3. Saya percaya informasi pribadi saya dikelola dengan baik oleh penyedia e-wallet.,Q37/S4.4. Saya merasa nyaman menyimpan saldo di aplikasi e-wallet.,Q38/S5.1. Promo atau cashback membuat saya lebih tertarik menggunakan e-wallet.,Q39/S5.2. Saya lebih sering menggunakan e-wallet ketika ada promo atau diskon.,Q40/S5.3. Saya memilih e-wallet tertentu karena promo yang ditawarkan lebih menarik.,Q41/S5.4. Promo atau cashback menjadi salah satu alasan utama saya menggunakan e-wallet.,Q42/S6.1. Saya khawatir saldo e-wallet saya dapat hilang karena kesalahan sistem atau penyalahgunaan akun.,Q43/S6.2. Saya khawatir data pribadi saya disalahgunakan saat menggunakan e-wallet.,Q44/S6.3. Saya merasa penggunaan e-wallet memiliki risiko keamanan tertentu.,Q45/S6.4. Saya ragu menggunakan e-wallet untuk transaksi dengan nominal besar.,fitur_dibutuhkan,perlu_ditingkatkan,niat_lanjut,kepuasan,saran,S1_kegunaan_mean,S2_kemudahan_mean,S3_keamanan_mean,S4_kepercayaan_mean,S5_promo_insentif_mean,S6_persepsi_risiko_mean,jumlah_ewallet_dari_multiselect,jumlah_ewallet_outlier_flag,jumlah_ewallet_aktif_clean,usia_clean,semester_encoded,uang_saku_encoded,frekuensi_penggunaan_encoded,lama_penggunaan_encoded,nominal_transaksi_encoded,pengeluaran_ewallet_bulanan_encoded,promo_memengaruhi_encoded,frekuensi_pindah_promo_encoded,niat_lanjut_encoded,kepuasan_encoded,cluster,nama_segmen
1,"Ya, saya bersedia","Ya, saya memenuhi seluruh kriteria tersebut",Laki-Laki,21.0,Semester 8,Rp500.000 – Rp999.999,Universitas Islam Negeri Sumatera Utara,"Sangat jarang, kurang dari 1 kali dalam seminggu",Transfer ke teman / orang lain,1.0,DANA,DANA,6 bulan – kurang dari 1 tahun,Rp50.000 – Rp99.999,Rp100.000 – Rp299.999,Mudah untuk transfer uang,Saat transfer ke teman/keluarga,Cukup memengaruhi,Jarang,5.0,5.0,5.0,5.0,5.0,5.0,5.0,5.0,4.0,4.0,5.0,4.0,5.0,5.0,5.0,5.0,5.0,5.0,5.0,5.0,5.0,5.0,5.0,5.0,"Promo makanan/minuman, Cashback transaksi, Transfer gratis, Pembayaran UKT/kampus, Pembayaran transportasi, Keamanan akun yang lebih kuat, Integrasi dengan aplikasi belanja/transportasi",Kemudahan top-up,Berniat,5.0,-,5.0,5.0,4.25,5.0,5.0,5.0,1,False,1.0,21.0,8.0,2,1,2,3,2,3,2,4,5.0,1,Pengguna Aktif Responsif Promo
2,"Ya, saya bersedia","Ya, saya memenuhi seluruh kriteria tersebut",Laki-Laki,22.0,Semester 6,Rp3.000.000 atau lebih,Universitas Islam Negeri Sumatera Utara,"Cukup sering, 3–5 kali dalam seminggu",Transfer ke teman / orang lain,1.0,DANA,"DANA, GoPay, OVO",3 tahun atau lebih,Rp50.000 – Rp99.999,Rp100.000 – Rp299.999,Banyak merchant yang menerima e-wallet,Saat tidak membawa uang tunai,Tidak memengaruhi,Jarang,4.0,3.0,3.0,3.0,3.0,3.0,2.0,4.0,2.0,3.0,4.0,2.0,3.0,3.0,2.0,2.0,2.0,3.0,3.0,3.0,3.0,3.0,3.0,3.0,"Promo makanan/minuman, Transfer gratis, Top-up mudah dan murah, Pembayaran UKT/kampus, Keamanan akun yang lebih kuat, Riwayat transaksi yang jelas, Integrasi dengan aplikasi belanja/transportasi",Keamanan akun,Berniat,3.0,"saldo w didana sering hilang, males banget walopun ga langganan, njir lah ma dana",3.25,3.0,2.75,2.5,2.75,3.0,3,False,1.0,22.0,6.0,6,3,5,3,2,2,2,4,3.0,2,Pengguna Positif Moderat/Selektif
3,"Ya, saya bersedia","Ya, saya memenuhi seluruh kriteria tersebut",Perempuan,22.0,Semester 8,Kurang dari Rp500.000,Universitas Islam Negeri Sumatera Utara,"Sering, 6–10 kali dalam seminggu",Transportasi,2.0,GoPay,"DANA, GoPay, ShopeePay",3 tahun atau lebih,Rp25.000 – Rp49.999,Rp100.000 – Rp299.999,Tidak perlu membawa uang tunai,Saat tidak membawa uang tunai,Cukup memengaruhi,Jarang,5.0,5.0,5.0,5.0,5.0,5.0,4.0,4.0,4.0,4.0,4.0,3.0,3.0,2.0,4.0,3.0,5.0,3.0,4.0,3.0,5.0,5.0,5.0,5.0,"Transfer gratis, Top-up mudah dan murah, Pembayaran transportasi, Keamanan akun yang lebih kuat, Integrasi dengan aplikasi belanja/transportasi",Keamanan akun,Berniat,4.0,,5.0,4.5,3.75,3.0,3.75,5.0,3,False,2.0,22.0,8.0,1,4,5,2,2,3,2,4,4.0,1,Pengguna Aktif Responsif Promo
4,"Ya, saya bersedia","Ya, saya memenuhi seluruh kriteria tersebut",Laki-Laki,22.0,Semester 8,Rp2.000.000 – Rp2.999.999,Universitas Islam Negeri Sumatera Utara,"Sering, 6–10 kali dalam seminggu",lainnya,3.0,DANA,"DANA, GoPay, lainnya",3 tahun atau lebih,Rp100.000 – Rp199.999,Rp1.000.000 atau lebih,Praktis dan cepat,Saat melakukan pembayaran rutin,Tidak memengaruhi,Jarang,5.0,5.0,5.0,4.0,5.0,4.0,5.0,5.0,5.0,5.0,5.0,5.0,4.0,4.0,4.0,4.0,2.0,3.0,2.0,2.0,3.0,3.0,3.0,2.0,"Promo makanan/minuman, Cashback transaksi, Transfer gratis, Top-up mudah dan murah, Pembayaran UKT/kampus, Pembayaran transportasi, Keamanan akun yang lebih kuat, Riwayat transaksi yang jelas, Integrasi dengan aplikasi belanja/transportasi",Perlindungan data pribadi,Berniat,5.0,"Positif: Kemudahan dan efisiensi adalah nilai utama. Bayar makan, transportasi, hingga keperluan akademik bisa dilakukan dalam hitungan detik tanpa perlu membawa uang tunai. Fitur seperti split bill juga sangat membantu dalam pergaulan antar mahasiswa. Promo dan cashback yang sering ditawarkan platform seperti GoPay, OVO, atau Dana juga secara nyata membantu menghemat pengeluaran, terutama bagi mahasiswa dengan anggaran terbatas. Transparansi transaksi lewat riwayat mutasi bisa membantu mahasiswa lebih sadar ke mana uangnya pergi — ini justru bisa menjadi alat kontrol keuangan yang baik jika dimanfaatkan. Negatif: Kemudahan justru bisa memicu pengeluaran impulsif. Karena tidak terasa ""mengeluarkan uang sungguhan"", godaan untuk membeli sesuatu yang tidak dibutuhkan menjadi jauh lebih besar. Fitur paylater dan cicilan adalah jebakan paling berbahaya. Banyak mahasiswa tergoda kemudahan ini, lalu terjebak utang konsumtif yang menumpuk sebelum akhir bulan. Ketergantungan digital juga patut diperhatikan — sinyal buruk, aplikasi error, atau saldo habis di momen krusial bisa menjadi masalah nyata.",4.75,4.75,5.0,4.0,2.25,2.75,3,False,3.0,22.0,8.0,5,4,5,4,5,2,2,4,5.0,1,Pengguna Aktif Responsif Promo
5,"Ya, saya bersedia","Ya, saya memenuhi seluruh kriteria tersebut",Laki-Laki,23.0,Semester 8,Rp1.000.000 – Rp1.499.999,Universitas Islam Negeri Sumatera Utara,"Sering, 6–10 kali dalam seminggu",Pembelian makanan/minuman,1.0,DANA,DANA,3 tahun atau lebih,Rp200.000 atau lebih,Rp1.000.000 atau lebih,Praktis dan cepat,Saat membeli makanan/minuman,Cukup memengaruhi,Tidak pernah,4.0,4.0,4.0,4.0,4.0,5.0,4.0,4.0,3.0,3.0,4.0,4.0,3.0,4.0,4.0,3.0,4.0,3.0,3.0,3.0,3.0,3.0,4.0,3.0,"Promo makanan/minuman, Transfer gratis, Top-up mudah dan murah, Riwayat transaksi yang jelas",Biaya admin,Berniat,5.0,menurut saya hal yg paling di tingkatkan dari layanan e-wallet adalah biaya admin terutama dana cuman gratis 10 kali dalam sebulan. kadang juga uang bisa hilang di dana tanpa notif pemberitahuan kalau kita ada berlangganan tiba tiba uang keluar setiap bulan dan kita harus betul” detail di dana berlangganan apa kalau tidak uang bisa tersedot sendiri setiap bulan nya,4.0,4.25,3.5,3.5,3.25,3.25,1,False,1.0,23.0,8.0,3,4,5,5,5,3,1,4,5.0,1,Pengguna Aktif Responsif Promo
6,"Ya, saya bersedia","Ya, saya memenuhi seluruh kriteria tersebut",Perempuan,21.0,Semester 6,Rp500.000 – Rp999.999,Universitas IsIam negeri Sumatra Utara,"Jarang, 1–2 kali dalam seminggu",Pembelian makanan/minuman,4.0,ShopeePay,"DANA, GoPay, OVO, ShopeePay",3 tahun atau lebih,Rp25.000 – Rp49.999,Kurang dari Rp100.000,Banyak promo/cashback,Saat membeli makanan/minuman,Memengaruhi,Sering,5.0,5.0,5.0,4.0,4.0,5.0,5.0,4.0,4.0,5.0,5.0,5.0,4.0,5.0,5.0,5.0,5.0,5.0,5.0,5.0,4.0,4.0,4.0,3.0,"Promo makanan/minuman, Cashback transaksi, Top-up mudah dan murah, Integrasi dengan aplikasi belanja/transportasi",Jumlah promo/cashback,Sangat berniat,4.0,Semoga lbh baik lagi,4.75,4.5,4.75,4.75,5.0,3.75,4,False,4.0,21.0,6.0,2,2,5,2,1,4,4,5,4.0,1,Pengguna Aktif Responsif Promo
7,"Ya, saya bersedia","Ya, saya memenuhi seluruh kriteria tersebut",Perempuan,21.0,Semester 8,Rp1.500.000 – Rp1.999.999,Universitas Islam Negeri Sumatera Utara,"Cukup sering, 3–5 kali dalam seminggu",Belanja online,2.0,DANA,DANA,2 tahun – kurang dari 3 tahun,Rp100.000 – Rp199.999,Rp100.000 – Rp299.999,Mudah untuk belanja online,Saat belanja online,Tidak memengaruhi,Jarang,4.0,5.0,3.0,4.0,4.0,4.0,5.0,4.0,4.0,4.0,4.0,3.0,3.0,3.0,3.0,4.0,2.0,2.0,1.0,1.0,3.0,4.0,3.0,3.0,Transfer gratis,Layanan bantuan/customer service,Berniat,5.0,"Penggunaan e-wallet bagi mahasiswa cukup bermanfaat karena memudahkan transaksi menjadi lebih praktis, dan sering menawarkan promo yang menguntungkan. Namun, mahasiswa perlu bijak dalam penggunaannya agar tidak menjadi lebih konsumtif dan tetap mampu mengontrol pengeluaran.",4.0,4.25,3.75,3.25,1.5,3.25,1,False,2.0,21.0,8.0,4,3,4,4,2,2,2,4,5.0,1,Pengguna Aktif Responsif Promo
8,"Ya, saya bersedia","Ya, saya memenuhi seluruh kriteria tersebut",Perempuan,20.0,Semester 6,Rp500.000 – Rp999.999,Universitas Islam Negeri Sumatera Utara,"Jarang, 1–2 kali dalam seminggu",Pembelian makanan/minuman,1.0,DANA,DANA,6 bulan – kurang dari 1 tahun,Rp25.000 – Rp49.999,Rp100.000 – Rp299.999,Praktis dan cepat,Saat membeli makanan/minuman,Cukup memengaruhi,Jarang,4.0,4.0,4.0,4.0,4.0,4.0,4.0,4.0,4.0,4.0,4.0,4.0,4.0,4.0,5.0,4.0,4.0,4.0,4.0,4.0,4.0,4.0,2.0,4.0,Promo makanan/minuman,Perlindungan data pribadi,Berniat,4.0,-,4.0,4.0,4.0,4.25,4.0,3.5,1,False,1.0,20.0,6.0,2,2,2,2,2,3,2,4,4.0,1,Pengguna Aktif Responsif Promo
9,"Ya, saya bersedia","Ya, saya memenuhi seluruh kriteria tersebut",Perempuan,19.0,Semester 4,Rp1.000.000 – Rp1.499.999,Universitas Islam Negeri Sumatera Utara,"Cukup sering, 3–5 kali dalam seminggu",Pembelian makanan/minuman,2.0,DANA,"DANA, ShopeePay",2 tahun – kurang dari 3 tahun,Rp25.000 – Rp49.999,Rp500.000 – Rp999.999,Mudah untuk transfer uang,Saat membeli makanan/minuman,Memengaruhi,Jarang,5.0,5.0,5.0,5.0,4.0,4.0,4.0,4.0,4.0,4.0,3.0,3.0,3.0,3.0,3.0,2.0,4.0,4.0,4.0,4.0,5.0,4.0,5.0,4.0,"Promo makanan/minuman, Transfer gratis, Top-up mudah dan murah, Pembayaran UKT/kampus, Pembayaran transportasi, Keamanan akun yang lebih kuat, Riwayat transaksi yang jelas",Perlindungan data pribadi,Berniat,4.0,"Dompet elektronik (e-wallet) sangat membantu mahasiswa dalam melakukan transaksi. Namun demikian, maraknya kasus kehilangan dana saat menggunakan e-wallet menimbulkan kekhawatiran. Oleh karena itu, penyedia layanan e-wallet sebaiknya meningkatkan sistem keamanan dalam penyimpanan dana agar kepercayaan pelanggan tetap terjaga.",5.0,4.0,3.5,2.75,4.0,4.5,2,False,2.0,19.0,4.0,3,3,4,2,4,4,2,4,4.0,1,Pengguna Aktif Responsif Promo
10,"Ya, saya bersedia","Ya, saya memenuhi seluruh kriteria tersebut",Perempuan,21.0,Semester 8,Rp500.000 – Rp999.999,Universitas Padjadjaran,"Jarang, 1–2 kali dalam seminggu",Belanja online,2.0,ShopeePay,"GoPay, ShopeePay",2 tahun – kurang dari 3 tahun,Rp25.000 – Rp49.999,Rp100.000 – Rp299.999,Mudah untuk belanja online,Saat belanja online,Tidak memengaruhi,Tidak pernah,5.0,5.0,4.0,5.0,5.0,5.0,5.0,5.0,5.0,5.0,5.0,5.0,4.0,5.0,4.0,5.0,3.0,3.0,1.0,1.0,4.0,4.0,5.0,4.0,"Transfer gratis, Top-up mudah dan murah, Pembayaran transportasi, Keamanan akun yang lebih kuat, Integrasi dengan aplikasi belanja/transportasi",Biaya admin,Berniat,4.0,,4.75,5.0,5.0,4.5,2.0,4.25,2,False,2.0,21.0,8.0,2,2,4,2,2,2,1,4,4.0,1,Pengguna Aktif Responsif Promo
11,"Ya, saya bersedia","Ya, saya memenuhi seluruh kriteria tersebut",Perempuan,22.0,Semester 8,Kurang dari Rp500.000,Universitas Islam Negeri Sumatera Utara,"Cukup sering, 3–5 kali dalam seminggu",Transfer ke teman / orang lain,2.0,DANA,"DANA, ShopeePay",2 tahun – kurang dari 3 tahun,Rp25.000 – Rp49.999,Kurang dari Rp100.000,Praktis dan cepat,Saat transfer ke teman/keluarga,Cukup memengaruhi,Jarang,4.0,4.0,3.0,5.0,5.0,5.0,4.0,4.0,3.0,3.0,4.0,3.0,3.0,3.0,3.0,4.0,3.0,2.0,2.0,2.0,4.0,4.0,4.0,5.0,"Transfer gratis, Pembayaran UKT/kampus, Keamanan akun yang lebih kuat",Jumlah merchant yang menerima e-wallet,Ragu-ragu,4.0,,4.0,4.5,3.25,3.25,2.25,4.25,2,False,2.0,22.0,8.0,1,3,4,2,1,3,2,3,4.0,1,Pengguna Aktif Responsif Promo
12,"Ya, saya bersedia","Ya, saya memenuhi seluruh kriteria tersebut",Laki-Laki,20.0,Semester 2,Kurang dari Rp500.000,Universitas Islam Negeri Sumatera Utara,"Jarang, 1–2 kali dalam seminggu",Pembayaran tagihan,2.0,DANA,DANA,2 tahun – kurang dari 3 tahun,Rp25.000 – Rp49.999,Kurang dari Rp100.000,Praktis dan cepat,Saat melakukan pembayaran rutin,Cukup memengaruhi,Jarang,3.0,4.0,3.0,2.0,4.0,4.0,4.0,4.0,4.0,4.0,4.0,3.0,4.0,4.0,4.0,4.0,3.0,3.0,3.0,3.0,4.0,4.0,3.0,3.0,"Transfer gratis, Top-up mudah dan murah, Pembayaran UKT/kampus, Keamanan akun yang lebih kuat",Perlindungan data pribadi,Berniat,3.0,Gunakanlah e-wallet dengan bijak dan sesuai dengan kebutuhan,3.0,4.0,3.75,4.0,3.0,3.5,1,False,2.0,20.0,2.0,1,2,4,2,1,3,2,4,3.0,1,Pengguna Aktif Responsif Promo
13,"Ya, saya bersedia","Ya, saya memenuhi seluruh kriteria tersebut",Laki-Laki,21.0,Semester 8,Kurang dari Rp500.000,Universitas Islam Negeri Sumatera Utara,"Cukup sering, 3–5 kali dalam seminggu",Pembelian makanan/minuman,1.0,DANA,"GoPay, OVO",3 tahun atau lebih,Rp100.000 – Rp199.999,Rp300.000 – Rp499.999,Praktis dan cepat,Saat membeli makanan/minuman,Tidak memengaruhi,Tidak pernah,5.0,5.0,5.0,5.0,5.0,5.0,5.0,5.0,5.0,5.0,5.0,3.0,4.0,4.0,4.0,5.0,3.0,2.0,1.0,2.0,1.0,2.0,2.0,1.0,"Promo makanan/minuman, Transfer gratis, Top-up mudah dan murah, Pembayaran transportasi, Riwayat transaksi yang jelas",Biaya admin,Sangat berniat,5.0,-,5.0,5.0,4.5,4.25,2.0,1.5,2,False,1.0,21.0,8.0,1,3,5,4,3,2,1,5,5.0,1,Pengguna Aktif Responsif Promo
14,"Ya, saya bersedia","Ya, saya memenuhi seluruh kriteria tersebut",Laki-Laki,22.0,Semester 8,Rp1.000.000 – Rp1.499.999,Universitas Islam Negeri Sumatera Utara,"Sangat jarang, kurang dari 1 kali dalam seminggu",Pembelian makanan/minuman,1.0,DANA,"DANA, GoPay, ShopeePay",3 tahun atau lebih,Rp100.000 – Rp199.999,Rp300.000 – Rp499.999,Praktis dan cepat,Saat membeli makanan/minuman,Tidak memengaruhi,Tidak pernah,4.0,4.0,4.0,4.0,4.0,4.0,4.0,4.0,3.0,3.0,4.0,3.0,3.0,3.0,3.0,3.0,3.0,3.0,3.0,3.0,3.0,3.0,3.0,3.0,"Transfer gratis, Top-up mudah dan murah",Perlindungan data pribadi,Ragu-ragu,3.0,,4.0,4.0,3.25,3.0,3.0,3.0,3,False,1.0,22.0,8.0,3,1,5,4,3,2,1,3,3.0,2,Pengguna Positif Moderat/Selektif
15,"Ya, saya bersedia","Ya, saya memenuhi seluruh kriteria tersebut",Perempuan,21.0,Semester 6,Kurang dari Rp500.000,STMIK IKMI CIREBON,"Cukup sering, 3–5 kali dalam seminggu",Belanja online,5.0,GoPay,"DANA, GoPay, ShopeePay",3 tahun atau lebih,Rp100.000 – Rp199.999,Rp300.000 – Rp499.999,Praktis dan cepat,Saat belanja online,Cukup memengaruhi,Sering,5.0,5.0,4.0,3.0,3.0,5.0,5.0,5.0,1.0,4.0,5.0,5.0,5.0,4.0,4.0,3.0,5.0,5.0,5.0,5.0,5.0,5.0,5.0,5.0,"Promo makanan/minuman, Transfer gratis, Top-up mudah dan murah",Jumlah promo/cashback,Sangat berniat,5.0,,4.25,4.5,3.75,4.0,5.0,5.0,3,False,5.0,21.0,6.0,1,3,5,4,3,3,4,5,5.0,1,Pengguna Aktif Responsif Promo
16,"Ya, saya bersedia","Ya, saya memenuhi seluruh kriteria tersebut",Laki-Laki,18.0,Semester 2,Rp500.000 – Rp999.999,Universitas Padjajaran,"Sering, 6–10 kali dalam seminggu",Pembelian makanan/minuman,3.0,DANA,"DANA, GoPay, ShopeePay",2 tahun – kurang dari 3 tahun,Rp25.000 – Rp49.999,Rp100.000 – Rp299.999,Tidak perlu membawa uang tunai,Saat membeli makanan/minuman,Tidak memengaruhi,Tidak pernah,5.0,5.0,5.0,5.0,5.0,5.0,4.0,5.0,5.0,5.0,5.0,5.0,3.0,3.0,3.0,5.0,1.0,1.0,1.0,1.0,1.0,1.0,1.0,1.0,"Promo makanan/minuman, Cashback transaksi, Transfer gratis, Top-up mudah dan murah, Pembayaran UKT/kampus, Pembayaran transportasi, Keamanan akun yang lebih kuat, Riwayat transaksi yang jelas, Integrasi dengan aplikasi belanja/transportasi",Layanan bantuan/customer service,Sangat berniat,5.0,"jika terjadi kendala atau sesuatu pada sistem, untuk pihak e wallet khususnya dalam membantu customer dalam menghadapi suatu kendala yang terjadi pada cust tersebut",5.0,4.75,5.0,3.5,1.0,1.0,3,False,3.0,18.0,2.0,2,4,4,2,2,2,1,5,5.0,2,Pengguna Positif Moderat/Selektif
17,"Ya, saya bersedia","Ya, saya memenuhi seluruh kriteria tersebut",Laki-Laki,21.0,Semester 8,Kurang dari Rp500.000,Universitas Islam Negeri Sumatera Utara,"Cukup sering, 3–5 kali dalam seminggu",Transfer ke teman / orang lain,4.0,GoPay,GoPay,6 bulan – kurang dari 1 tahun,Rp25.000 – Rp49.999,Kurang dari Rp100.000,Banyak promo/cashback,Saat transfer ke teman/keluarga,Sangat memengaruhi,Sering,5.0,4.0,3.0,4.0,4.0,4.0,4.0,4.0,2.0,2.0,3.0,3.0,4.0,4.0,3.0,3.0,5.0,5.0,5.0,4.0,4.0,4.0,4.0,3.0,"Promo makanan/minuman, Cashback transaksi, Transfer gratis, Pembayaran UKT/kampus, Keamanan akun yang lebih kuat",Jumlah promo/cashback,Berniat,4.0,"Pengalaman sebagai pengguna baru dalam menggunakann apk eWallet (GoPay) membuat saya merasa sangat terbantu, karena promo dan cashbacknya Semoga eWallet ini dan lainnya akan banyak lagi promo promo lainnya. Sehingga akan memudahkan semuanya untuk transaksi sehari hari",4.0,4.0,2.5,3.5,4.75,3.75,1,False,4.0,21.0,8.0,1,3,2,2,1,5,4,4,4.0,1,Pengguna Aktif Responsif Promo
18,"Ya, saya bersedia","Ya, saya memenuhi seluruh kriteria tersebut",Perempuan,22.0,Semester 6,Rp500.000 – Rp999.999,UINSU,"Cukup sering, 3–5 kali dalam seminggu",Pembelian pulsa / paket data,4.0,DANA,"DANA, GoPay, OVO, ShopeePay",3 tahun atau lebih,Rp200.000 atau lebih,Rp300.000 – Rp499.999,Mudah untuk transfer uang,Saat transfer ke teman/keluarga,Cukup memengaruhi,Jarang,4.0,4.0,4.0,3.0,4.0,4.0,4.0,5.0,4.0,4.0,4.0,4.0,4.0,4.0,4.0,4.0,3.0,4.0,4.0,3.0,4.0,4.0,4.0,4.0,"Promo makanan/minuman, Cashback transaksi, Transfer gratis, Top-up mudah dan murah, Pembayaran transportasi, Integrasi dengan aplikasi belanja/transportasi",Biaya admin,Berniat,4.0,utk saat ini tdk ada sih,3.75,4.25,4.0,4.0,3.5,4.0,4,False,4.0,22.0,6.0,2,3,5,5,3,3,2,4,4.0,1,Pengguna Aktif Responsif Promo
19,"Ya, saya bersedia","Ya, saya memenuhi seluruh kriteria tersebut",Perempuan,20.0,Semester 6,Rp500.000 – Rp999.999,Universitas Islam Negeri Sumatera Utara,"Sering, 6–10 kali dalam seminggu",Pembelian makanan/minuman,3.0,DANA,"DANA, GoPay, ShopeePay",3 tahun atau lebih,Rp25.000 – Rp49.999,Rp1.000.000 atau lebih,Praktis dan cepat,Saat tidak membawa uang tunai,Cukup memengaruhi,Jarang,4.0,4.0,4.0,4.0,4.0,4.0,4.0,4.0,4.0,3.0,4.0,3.0,4.0,4.0,3.0,3.0,4.0,3.0,3.0,2.0,5.0,4.0,4.0,5.0,"Promo makanan/minuman, Transfer gratis, Top-up mudah dan murah, Pembayaran UKT/kampus, Pembayaran transportasi, Riwayat transaksi yang jelas",Keamanan akun,Berniat,4.0,,4.0,4.0,3.5,3.5,3.0,4.5,3,False,3.0,20.0,6.0,2,4,5,2,5,3,2,4,4.0,1,Pengguna Aktif Responsif Promo
20,"Ya, saya bersedia","Ya, saya memenuhi seluruh kriteria tersebut",Perempuan,22.0,Semester 8,Rp1.000.000 – Rp1.499.999,Universitas Padjadjaran,"Sangat sering, lebih dari 10 kali dalam seminggu",Pembelian makanan/minuman,2.0,GoPay,"GoPay, OVO, ShopeePay",3 tahun atau lebih,Kurang dari Rp25.000,Rp1.000.000 atau lebih,Praktis dan cepat,Saat membeli makanan/minuman,Tidak memengaruhi,Jarang,5.0,5.0,5.0,5.0,5.0,5.0,5.0,5.0,5.0,5.0,5.0,5.0,5.0,5.0,5.0,5.0,5.0,5.0,5.0,5.0,5.0,5.0,5.0,5.0,"Promo makanan/minuman, Cashback transaksi, Transfer gratis, Top-up mudah dan murah, Keamanan akun yang lebih kuat, Riwayat transaksi yang jelas",Jumlah promo/cashback,Sangat berniat,5.0,,5.0,5.0,5.0,5.0,5.0,5.0,3,False,2.0,22.0,8.0,3,5,5,1,5,2,2,5,5.0,1,Pengguna Aktif Responsif Promo
21,"Ya, saya bersedia","Ya, saya memenuhi seluruh kriteria tersebut",Perempuan,19.0,Semester 2,Kurang dari Rp500.000,Universitas Islam Negeri Jakarta,"Cukup sering, 3–5 kali dalam seminggu",Transfer ke teman / orang lain,2.0,GoPay,"GoPay, ShopeePay",3 tahun atau lebih,Kurang dari Rp25.000,Rp100.000 – Rp299.999,Praktis dan cepat,Saat membeli makanan/minuman,Sangat memengaruhi,Sangat sering,5.0,5.0,5.0,3.0,5.0,5.0,5.0,4.0,3.0,3.0,5.0,3.0,3.0,3.0,3.0,4.0,5.0,5.0,5.0,5.0,5.0,5.0,5.0,4.0,"Promo makanan/minuman, Cashback transaksi, Transfer gratis, Top-up mudah dan murah, Pembayaran UKT/kampus, Keamanan akun yang lebih kuat",Keamanan akun,Berniat,5.0,"Sebagai mahasiswa saya merasa sangat terbantu dengan adanya e-wallet untuk menyimpan uang karena tidak ada biaya admin. Namun, saya juga khawatir dengan banyaknya berita beredar saldo yang tiba-tiba hilang ataupun akun diretas",4.5,4.75,3.5,3.25,5.0,4.75,2,False,2.0,19.0,2.0,1,3,5,1,2,5,5,4,5.0,1,Pengguna Aktif Responsif Promo
22,"Ya, saya bersedia","Ya, saya memenuhi seluruh kriteria tersebut",Perempuan,18.0,Semester 2,Rp500.000 – Rp999.999,Universitas Islam Negeri Sumatera Utara,"Cukup sering, 3–5 kali dalam seminggu",Pembelian pulsa / paket data,3.0,DANA,"DANA, GoPay, ShopeePay",2 tahun – kurang dari 3 tahun,Rp25.000 – Rp49.999,Rp300.000 – Rp499.999,Praktis dan cepat,Saat tidak membawa uang tunai,Memengaruhi,Jarang,4.0,4.0,4.0,4.0,4.0,4.0,4.0,4.0,4.0,4.0,4.0,4.0,4.0,4.0,4.0,4.0,4.0,4.0,4.0,4.0,2.0,4.0,4.0,4.0,"Promo makanan/minuman, Transfer gratis, Keamanan akun yang lebih kuat",Perlindungan data pribadi,Berniat,5.0,"Selama saya menggunakan e-wallet sudah sangat bagus tetapi untuk penyimpanan uang dengan jumlah besar sedikit ragu, karena rawan untuk di retas, mungkin bisa keamanannya lebih diperketat agar pengguna merasa aman menyimpan uang dengan jumlah besar",4.0,4.0,4.0,4.0,4.0,3.5,3,False,3.0,18.0,2.0,2,3,4,2,3,4,2,4,5.0,1,Pengguna Aktif Responsif Promo
23,"Ya, saya bersedia","Ya, saya memenuhi seluruh kriteria tersebut",Perempuan,20.0,Semester 6,Rp1.500.000 – Rp1.999.999,Universitas Telkom,"Sangat sering, lebih dari 10 kali dalam seminggu",Transportasi,3.0,OVO,"OVO, ShopeePay, lainnya",3 tahun atau lebih,Rp25.000 – Rp49.999,Rp300.000 – Rp499.999,Tidak perlu membawa uang tunai,Saat membeli makanan/minuman,Sangat memengaruhi,Sangat sering,5.0,5.0,5.0,5.0,5.0,5.0,5.0,5.0,5.0,5.0,5.0,5.0,5.0,5.0,5.0,5.0,5.0,3.0,5.0,3.0,4.0,4.0,5.0,4.0,"Promo makanan/minuman, Cashback transaksi, Transfer gratis, Top-up mudah dan murah, Pembayaran UKT/kampus, Pembayaran transportasi, Keamanan akun yang lebih kuat, Riwayat transaksi yang jelas, Integrasi dengan aplikasi belanja/transportasi",Jumlah promo/cashback,Sangat berniat,5.0,"Sejauh ini pengalaman saya menggunakan e-wallet sangat baik, dikarenakan setiap hari saya menggunakan Ojek Online untuk transportasi, maka dari itu sangat membantu proses transaksinya",5.0,5.0,5.0,5.0,4.0,4.25,3,False,3.0,20.0,6.0,4,5,5,2,3,5,5,5,5.0,1,Pengguna Aktif Responsif Promo
24,"Ya, saya bersedia","Ya, saya memenuhi seluruh kriteria tersebut",Perempuan,21.0,Semester 7,Rp1.500.000 – Rp1.999.999,Universitas Islam Negeri Sumatera Utara,"Cukup sering, 3–5 kali dalam seminggu",Hiburan / langganan digital,3.0,OVO,ShopeePay,3 tahun atau lebih,Rp25.000 – Rp49.999,Rp300.000 – Rp499.999,Praktis dan cepat,Saat belanja online,Memengaruhi,Sangat sering,4.0,4.0,3.0,3.0,5.0,4.0,4.0,4.0,2.0,3.0,4.0,2.0,3.0,2.0,3.0,3.0,5.0,5.0,5.0,4.0,5.0,5.0,5.0,1.0,"Promo makanan/minuman, Transfer gratis, Top-up mudah dan murah, Keamanan akun yang lebih kuat, Riwayat transaksi yang jelas",Biaya admin,Berniat,4.0,"Aku perna saldo OVO aku terpotong untuk pembayayan Google Play Store, padahal OVO aku cuma jadi backup payment itupun untuk Google Drive, kenapa aku tiba-tiba bisa berlangganan Google Play Store coba, ini ngga tau salah e-wallet apa salah Google nya.",3.5,4.25,2.75,2.75,4.75,4.0,1,False,3.0,21.0,7.0,4,3,5,2,3,4,5,4,4.0,1,Pengguna Aktif Responsif Promo
25,"Ya, saya bersedia","Ya, saya memenuhi seluruh kriteria tersebut",Perempuan,21.0,Semester 8,Rp1.500.000 – Rp1.999.999,UINSU,"Sering, 6–10 kali dalam seminggu",Pembelian makanan/minuman,5.0,DANA,DANA,3 tahun atau lebih,Rp200.000 atau lebih,Rp500.000 – Rp999.999,Praktis dan cepat,Saat tidak membawa uang tunai,Memengaruhi,Kadang-kadang,5.0,4.0,5.0,4.0,4.0,4.0,5.0,3.0,4.0,5.0,4.0,4.0,4.0,5.0,4.0,5.0,3.0,5.0,5.0,4.0,3.0,5.0,4.0,2.0,Top-up mudah dan murah,Keamanan akun,Berniat,4.0,Bebas Admin,4.5,4.0,4.25,4.5,4.25,3.5,1,False,5.0,21.0,8.0,4,4,5,5,4,4,3,4,4.0,1,Pengguna Aktif Responsif Promo
26,"Ya, saya bersedia","Ya, saya memenuhi seluruh kriteria tersebut",Laki-Laki,22.0,Semester 8,Kurang dari Rp500.000,Universitas Islam Negeri Sumatera Utara,"Sangat sering, lebih dari 10 kali dalam seminggu",Pembelian makanan/minuman,3.0,DANA,"DANA, GoPay, ShopeePay, LinkAja",3 tahun atau lebih,Rp50.000 – Rp99.999,Rp500.000 – Rp999.999,Praktis dan cepat,Saat membeli makanan/minuman,Memengaruhi,Kadang-kadang,5.0,5.0,5.0,5.0,5.0,5.0,5.0,5.0,5.0,5.0,5.0,5.0,5.0,5.0,5.0,5.0,3.0,3.0,3.0,3.0,2.0,2.0,2.0,2.0,"Transfer gratis, Top-up mudah dan murah",Jumlah merchant yang menerima e-wallet,Sangat berniat,5.0,,5.0,5.0,5.0,5.0,3.0,2.0,4,False,3.0,22.0,8.0,1,5,5,3,4,4,3,5,5.0,1,Pengguna Aktif Responsif Promo
27,"Ya, saya bersedia","Ya, saya memenuhi seluruh kriteria tersebut",Perempuan,23.0,Semester 8,Rp500.000 – Rp999.999,uinversitas islam negeri sumatera utara,"Cukup sering, 3–5 kali dalam seminggu",Pembelian makanan/minuman,3.0,DANA,"DANA, GoPay, OVO, ShopeePay",3 tahun atau lebih,Rp50.000 – Rp99.999,Rp100.000 – Rp299.999,Praktis dan cepat,Saat membeli makanan/minuman,Memengaruhi,Kadang-kadang,5.0,5.0,5.0,4.0,5.0,5.0,5.0,5.0,3.0,3.0,4.0,4.0,4.0,2.0,3.0,3.0,3.0,3.0,3.0,3.0,4.0,4.0,3.0,5.0,"Promo makanan/minuman, Transfer gratis, Top-up mudah dan murah",Keamanan akun,Berniat,4.0,,4.75,5.0,3.5,3.0,3.0,4.0,4,False,3.0,23.0,8.0,2,3,5,3,2,4,3,4,4.0,1,Pengguna Aktif Responsif Promo
28,"Ya, saya bersedia","Ya, saya memenuhi seluruh kriteria tersebut",Perempuan,20.0,Semester 6,Rp1.500.000 – Rp1.999.999,Universitas Islam Negeri Sumatera Utara,"Cukup sering, 3–5 kali dalam seminggu",Belanja online,3.0,ShopeePay,"DANA, GoPay, ShopeePay",2 tahun – kurang dari 3 tahun,Rp50.000 – Rp99.999,Rp100.000 – Rp299.999,Praktis dan cepat,Saat belanja online,Cukup memengaruhi,Sering,5.0,5.0,5.0,4.0,5.0,5.0,5.0,5.0,4.0,4.0,5.0,5.0,4.0,5.0,4.0,3.0,4.0,4.0,3.0,2.0,3.0,3.0,4.0,3.0,"Promo makanan/minuman, Cashback transaksi, Pembayaran UKT/kampus, Keamanan akun yang lebih kuat",Jumlah promo/cashback,Berniat,5.0,,4.75,5.0,4.5,4.0,3.25,3.25,3,False,3.0,20.0,6.0,4,3,4,3,2,3,4,4,5.0,1,Pengguna Aktif Responsif Promo
29,"Ya, saya bersedia","Ya, saya memenuhi seluruh kriteria tersebut",Perempuan,21.0,Semester 6,Rp500.000 – Rp999.999,Universitas IsIam Negeri Sumatra Utara,"Cukup sering, 3–5 kali dalam seminggu",Pembelian makanan/minuman,2.0,DANA,"DANA, ShopeePay",2 tahun – kurang dari 3 tahun,Rp25.000 – Rp49.999,Rp300.000 – Rp499.999,Mudah untuk transfer uang,Saat transfer ke teman/keluarga,Cukup memengaruhi,Kadang-kadang,4.0,4.0,4.0,3.0,4.0,4.0,4.0,4.0,4.0,4.0,4.0,4.0,3.0,4.0,3.0,4.0,4.0,4.0,4.0,4.0,4.0,3.0,4.0,4.0,"Transfer gratis, Top-up mudah dan murah",Biaya admin,Berniat,4.0,,3.75,4.0,4.0,3.5,4.0,3.75,2,False,2.0,21.0,6.0,2,3,4,2,3,3,3,4,4.0,1,Pengguna Aktif Responsif Promo
30,"Ya, saya bersedia","Ya, saya memenuhi seluruh kriteria tersebut",Laki-Laki,21.0,Semester 8,Rp500.000 – Rp999.999,Universitas Islam Negeri Sumatera Utara,"Sangat sering, lebih dari 10 kali dalam seminggu",Pembelian makanan/minuman,3.0,GoPay,"DANA, GoPay, ShopeePay",3 tahun atau lebih,Kurang dari Rp25.000,Rp100.000 – Rp299.999,Praktis dan cepat,Saat membeli makanan/minuman,Sangat tidak memengaruhi,Kadang-kadang,5.0,5.0,5.0,5.0,5.0,5.0,5.0,5.0,3.0,3.0,4.0,3.0,3.0,3.0,3.0,4.0,5.0,4.0,4.0,4.0,4.0,5.0,5.0,5.0,"Promo makanan/minuman, Cashback transaksi, Transfer gratis, Top-up mudah dan murah, Pembayaran UKT/kampus, Pembayaran transportasi, Riwayat transaksi yang jelas",Perlindungan data pribadi,Sangat berniat,4.0,,5.0,5.0,3.25,3.25,4.25,4.75,3,False,3.0,21.0,8.0,2,5,5,1,2,1,3,5,4.0,1,Pengguna Aktif Responsif Promo
31,"Ya, saya bersedia","Ya, saya memenuhi seluruh kriteria tersebut",Laki-Laki,19.0,Semester 2,Rp1.000.000 – Rp1.499.999,uinsu,"Sangat sering, lebih dari 10 kali dalam seminggu",Hiburan / langganan digital,4.0,DANA,"DANA, GoPay, ShopeePay",3 tahun atau lebih,Rp25.000 – Rp49.999,Rp1.000.000 atau lebih,Mudah untuk belanja online,Saat belanja online,Cukup memengaruhi,Kadang-kadang,4.0,4.0,4.0,4.0,4.0,4.0,4.0,3.0,3.0,4.0,4.0,4.0,4.0,4.0,4.0,3.0,3.0,4.0,2.0,3.0,2.0,3.0,2.0,2.0,"Cashback transaksi, Transfer gratis, Pembayaran UKT/kampus",Jumlah promo/cashback,Berniat,4.0,jangan terlalu banyak menyimpan saldo di e wallet,4.0,3.75,3.75,3.75,3.0,2.25,3,False,4.0,19.0,2.0,3,5,5,2,5,3,3,4,4.0,1,Pengguna Aktif Responsif Promo
32,"Ya, saya bersedia","Ya, saya memenuhi seluruh kriteria tersebut",Laki-Laki,19.0,Semester 2,Kurang dari Rp500.000,UIN Syarif Hidayatullah jakarta,"Jarang, 1–2 kali dalam seminggu",Pembelian makanan/minuman,3.0,DANA,"DANA, ShopeePay, lainnya",Kurang dari 6 bulan,Kurang dari Rp25.000,Kurang dari Rp100.000,Praktis dan cepat,Saat membeli makanan/minuman,Sangat memengaruhi,Kadang-kadang,4.0,4.0,3.0,3.0,4.0,4.0,4.0,4.0,4.0,4.0,4.0,4.0,3.0,3.0,3.0,3.0,4.0,4.0,4.0,4.0,4.0,4.0,4.0,4.0,"Promo makanan/minuman, Cashback transaksi, Transfer gratis, Top-up mudah dan murah, Pembayaran UKT/kampus, Pembayaran transportasi, Keamanan akun yang lebih kuat",Biaya admin,Berniat,3.0,Biaya adminnya kak,3.5,4.0,4.0,3.0,4.0,4.0,3,False,3.0,19.0,2.0,1,2,1,1,1,5,3,4,3.0,1,Pengguna Aktif Responsif Promo
33,"Ya, saya bersedia","Ya, saya memenuhi seluruh kriteria tersebut",Perempuan,22.0,Semester 8,Rp1.500.000 – Rp1.999.999,Universitas Islam Negeri Sumatera Utara,"Sering, 6–10 kali dalam seminggu",Pembelian makanan/minuman,4.0,DANA,"DANA, GoPay, OVO, ShopeePay",3 tahun atau lebih,Rp50.000 – Rp99.999,Rp300.000 – Rp499.999,Praktis dan cepat,Saat membeli makanan/minuman,Cukup memengaruhi,Kadang-kadang,5.0,5.0,4.0,3.0,4.0,4.0,3.0,4.0,2.0,3.0,3.0,3.0,3.0,3.0,3.0,4.0,4.0,3.0,3.0,2.0,5.0,5.0,5.0,3.0,"Promo makanan/minuman, Transfer gratis, Top-up mudah dan murah, Riwayat transaksi yang jelas",Layanan bantuan/customer service,Berniat,4.0,"Pernah menyimpan saldo yg cukup banyak disalah satu e-wallet di atas, saya kira aman setidaknya sampai saya membutuhkan saldo tersebut, tapi 2 hari kemudian ternyata akun saya mendadak tidak bisa dibuka, seakan bermasalah, dan ketika e-wallet tersebut dibuka kembali, saldo saya justru sudah tidak ada. saat dicek di riwayat transaksi, saldo tersebut dinyatakan tidak terdata sama sekali. sudah melaporkan ke CS e-wallet tersebut, tapi tidak ada tindakan, dan akhirnya hanya bisa ikhlas dan memutuskan tidak akan pernah menggunakan e-wallet itu lagi.",4.25,3.75,2.75,3.25,3.0,4.5,4,False,4.0,22.0,8.0,4,4,5,3,3,3,3,4,4.0,1,Pengguna Aktif Responsif Promo
34,"Ya, saya bersedia","Ya, saya memenuhi seluruh kriteria tersebut",Perempuan,20.0,Semester 6,Kurang dari Rp500.000,Universitas Islam Negeri Sumatera Utara,"Cukup sering, 3–5 kali dalam seminggu",Pembelian pulsa / paket data,2.0,DANA,"DANA, ShopeePay",2 tahun – kurang dari 3 tahun,Rp25.000 – Rp49.999,Rp100.000 – Rp299.999,Praktis dan cepat,Saat tidak membawa uang tunai,Cukup memengaruhi,Kadang-kadang,4.0,4.0,4.0,3.0,4.0,4.0,4.0,4.0,4.0,3.0,4.0,3.0,3.0,3.0,4.0,3.0,4.0,4.0,4.0,2.0,3.0,3.0,3.0,4.0,"Promo makanan/minuman, Cashback transaksi, Top-up mudah dan murah, Keamanan akun yang lebih kuat, Riwayat transaksi yang jelas, Integrasi dengan aplikasi belanja/transportasi",Keamanan akun,Berniat,4.0,bagus penggunaannya mudah dan praktis,3.75,4.0,3.5,3.25,3.5,3.25,2,False,2.0,20.0,6.0,1,3,4,2,2,3,3,4,4.0,1,Pengguna Aktif Responsif Promo
35,"Ya, saya bersedia","Ya, saya memenuhi seluruh kriteria tersebut",Perempuan,20.0,Semester 6,Kurang dari Rp500.000,Universitas Islam Negeri Sumatera Utara,"Sangat sering, lebih dari 10 kali dalam seminggu",Transfer ke teman / orang lain,3.0,DANA,DANA,3 tahun atau lebih,Rp50.000 – Rp99.999,Rp1.000.000 atau lebih,Praktis dan cepat,Saat membeli makanan/minuman,Memengaruhi,Sering,5.0,5.0,5.0,5.0,5.0,4.0,4.0,5.0,4.0,4.0,4.0,4.0,4.0,4.0,4.0,5.0,5.0,3.0,3.0,4.0,3.0,3.0,3.0,2.0,"Transfer gratis, Top-up mudah dan murah, Pembayaran transportasi, Riwayat transaksi yang jelas",Keamanan akun,Berniat,5.0,Sejauh ini saya selaku pengguna e-wallet merasa puas dikarenakan tidak ada dikenakan biaya admin ketika melakukan transfer melalui e-wallet dan juga e-wallet sangat mudah dipahami semua orang,5.0,4.5,4.0,4.25,3.75,2.75,1,False,3.0,20.0,6.0,1,5,5,3,5,4,4,4,5.0,1,Pengguna Aktif Responsif Promo
36,"Ya, saya bersedia","Ya, saya memenuhi seluruh kriteria tersebut",Laki-Laki,20.0,Semester 4,Rp2.000.000 – Rp2.999.999,Universitas Indonesia,"Cukup sering, 3–5 kali dalam seminggu",Pembelian makanan/minuman,3.0,ShopeePay,"DANA, GoPay, OVO, ShopeePay",3 tahun atau lebih,Rp50.000 – Rp99.999,Rp100.000 – Rp299.999,Banyak promo/cashback,Saat membeli makanan/minuman,Sangat memengaruhi,Sangat sering,4.0,5.0,5.0,5.0,5.0,5.0,5.0,5.0,3.0,5.0,5.0,5.0,5.0,5.0,5.0,5.0,5.0,5.0,5.0,5.0,5.0,4.0,3.0,5.0,"Promo makanan/minuman, Cashback transaksi, Top-up mudah dan murah, Pembayaran transportasi",Biaya admin,Berniat,5.0,mudah dan cepat,4.75,5.0,4.5,5.0,5.0,4.25,4,False,3.0,20.0,4.0,5,3,5,3,2,5,5,4,5.0,1,Pengguna Aktif Responsif Promo
37,"Ya, saya bersedia","Ya, saya memenuhi seluruh kriteria tersebut",Laki-Laki,21.0,Semester 6,Kurang dari Rp500.000,Universitas Islam Lamongan,"Jarang, 1–2 kali dalam seminggu",Transfer ke teman / orang lain,4.0,DANA,"DANA, GoPay, OVO, ShopeePay",3 tahun atau lebih,Rp100.000 – Rp199.999,Rp100.000 – Rp299.999,Praktis dan cepat,Saat transfer ke teman/keluarga,Cukup memengaruhi,Jarang,5.0,5.0,3.0,4.0,5.0,5.0,5.0,5.0,4.0,4.0,5.0,4.0,4.0,4.0,4.0,4.0,4.0,4.0,2.0,2.0,3.0,3.0,3.0,3.0,"Promo makanan/minuman, Transfer gratis, Top-up mudah dan murah, Keamanan akun yang lebih kuat, Riwayat transaksi yang jelas",Keamanan akun,Berniat,5.0,,4.25,5.0,4.25,4.0,3.0,3.0,4,False,4.0,21.0,6.0,1,2,5,4,2,3,2,4,5.0,1,Pengguna Aktif Responsif Promo
38,"Ya, saya bersedia","Ya, saya memenuhi seluruh kriteria tersebut",Perempuan,19.0,Semester 2,Rp1.000.000 – Rp1.499.999,Universitas Muhammadiyah Surakarta,"Sering, 6–10 kali dalam seminggu",lainnya,4.0,lainnya,"DANA, ShopeePay, lainnya",2 tahun – kurang dari 3 tahun,Rp50.000 – Rp99.999,Rp1.000.000 atau lebih,Praktis dan cepat,Lainnya,Sangat tidak memengaruhi,Tidak pernah,5.0,5.0,5.0,4.0,4.0,4.0,4.0,4.0,2.0,3.0,4.0,4.0,3.0,3.0,4.0,4.0,3.0,4.0,3.0,3.0,5.0,3.0,4.0,4.0,"Promo makanan/minuman, Cashback transaksi, Transfer gratis, Top-up mudah dan murah, Pembayaran UKT/kampus, Pembayaran transportasi, Keamanan akun yang lebih kuat, Riwayat transaksi yang jelas, Integrasi dengan aplikasi belanja/transportasi",Biaya admin,Berniat,4.0,.,4.75,4.0,3.25,3.5,3.25,4.0,3,False,4.0,19.0,2.0,3,4,4,3,5,1,1,4,4.0,1,Pengguna Aktif Responsif Promo
39,"Ya, saya bersedia","Ya, saya memenuhi seluruh kriteria tersebut",Perempuan,18.0,Semester 2,Kurang dari Rp500.000,Universitas Islam Negeri Sumatera Utara,"Jarang, 1–2 kali dalam seminggu",Pembelian pulsa / paket data,1.0,DANA,DANA,1 tahun – kurang dari 2 tahun,Rp25.000 – Rp49.999,Rp100.000 – Rp299.999,Praktis dan cepat,Saat membeli makanan/minuman,Memengaruhi,Jarang,5.0,5.0,5.0,3.0,5.0,5.0,4.0,5.0,4.0,4.0,5.0,3.0,3.0,3.0,3.0,4.0,4.0,4.0,4.0,5.0,5.0,5.0,5.0,5.0,Pembayaran transportasi,Perlindungan data pribadi,Berniat,5.0,"Penggunaan e-wallet sangat membantu mahasiswa karena praktis dan banyak promo. Namun, membuatnya menjadi lebih boros jika tidak terkontrol.",4.5,4.75,4.0,3.25,4.25,5.0,1,False,1.0,18.0,2.0,1,2,3,2,2,4,2,4,5.0,1,Pengguna Aktif Responsif Promo
40,"Ya, saya bersedia","Ya, saya memenuhi seluruh kriteria tersebut",Laki-Laki,20.0,Semester 3,Kurang dari Rp500.000,UNIVERSITAS ISLAM NEGERI SUMATERA UTARA,"Sangat jarang, kurang dari 1 kali dalam seminggu",Pembelian pulsa / paket data,2.0,lainnya,lainnya,Kurang dari 6 bulan,Kurang dari Rp25.000,Kurang dari Rp100.000,Lainnya,Saat belanja online,Sangat tidak memengaruhi,Kadang-kadang,5.0,5.0,3.0,3.0,4.0,5.0,3.0,3.0,1.0,3.0,3.0,2.0,3.0,3.0,1.0,1.0,3.0,1.0,1.0,1.0,5.0,5.0,5.0,5.0,"Promo makanan/minuman, Cashback transaksi, Transfer gratis, Top-up mudah dan murah, Pembayaran UKT/kampus, Pembayaran transportasi, Keamanan akun yang lebih kuat, Riwayat transaksi yang jelas, Integrasi dengan aplikasi belanja/transportasi",Keamanan akun,Berniat,3.0,"Ragu, karena e -wallet tidak selalu aman karna setiap waktu semua sistem akan error dan keamanan akun sangat rentan untuk sekarang",4.0,3.75,2.25,2.0,1.5,5.0,1,False,2.0,20.0,3.0,1,1,1,1,1,1,3,4,3.0,2,Pengguna Positif Moderat/Selektif
41,"Ya, saya bersedia","Ya, saya memenuhi seluruh kriteria tersebut",Perempuan,18.0,Semester 2,Rp500.000 – Rp999.999,Universitas Islam Negeri Sumatera Utara,"Cukup sering, 3–5 kali dalam seminggu",lainnya,4.0,DANA,ShopeePay,6 bulan – kurang dari 1 tahun,Rp50.000 – Rp99.999,Kurang dari Rp100.000,Praktis dan cepat,Saat tidak membawa uang tunai,Cukup memengaruhi,Sering,5.0,5.0,5.0,4.0,5.0,5.0,5.0,5.0,4.0,5.0,5.0,5.0,4.0,4.0,4.0,4.0,5.0,5.0,4.0,4.0,5.0,3.0,4.0,5.0,"Promo makanan/minuman, Cashback transaksi, Transfer gratis, Top-up mudah dan murah, Pembayaran UKT/kampus, Pembayaran transportasi, Keamanan akun yang lebih kuat, Riwayat transaksi yang jelas, Integrasi dengan aplikasi belanja/transportasi",Keamanan akun,Berniat,4.0,,4.75,5.0,4.75,4.0,4.5,4.25,1,False,4.0,18.0,2.0,2,3,2,3,1,3,4,4,4.0,1,Pengguna Aktif Responsif Promo
42,"Ya, saya bersedia","Ya, saya memenuhi seluruh kriteria tersebut",Perempuan,18.0,Semester 2,Rp1.000.000 – Rp1.499.999,Universitas Islam Negeri Sumatera Utara,"Cukup sering, 3–5 kali dalam seminggu",Pembelian pulsa / paket data,2.0,DANA,"DANA, ShopeePay",2 tahun – kurang dari 3 tahun,Rp50.000 – Rp99.999,Rp100.000 – Rp299.999,Banyak merchant yang menerima e-wallet,Saat belanja online,Sangat memengaruhi,Sering,5.0,5.0,5.0,5.0,5.0,5.0,5.0,5.0,3.0,3.0,4.0,3.0,3.0,4.0,4.0,4.0,4.0,4.0,4.0,4.0,4.0,4.0,4.0,3.0,"Pembayaran UKT/kampus, Keamanan akun yang lebih kuat",Perlindungan data pribadi,Berniat,4.0,,5.0,5.0,3.25,3.75,4.0,3.75,2,False,2.0,18.0,2.0,3,3,4,3,2,5,4,4,4.0,1,Pengguna Aktif Responsif Promo
43,"Ya, saya bersedia","Ya, saya memenuhi seluruh kriteria tersebut",Perempuan,20.0,Semester 2,Kurang dari Rp500.000,UNIVERSITAS ISLAM NEGERI SUMATRA UTARA,"Sering, 6–10 kali dalam seminggu",Belanja online,3.0,ShopeePay,"DANA, GoPay, ShopeePay",2 tahun – kurang dari 3 tahun,Rp200.000 atau lebih,Rp500.000 – Rp999.999,Tidak perlu membawa uang tunai,Saat tidak membawa uang tunai,Sangat memengaruhi,Sering,5.0,5.0,5.0,3.0,5.0,5.0,5.0,5.0,3.0,3.0,4.0,5.0,3.0,3.0,3.0,3.0,5.0,3.0,4.0,5.0,5.0,2.0,3.0,3.0,"Promo makanan/minuman, Transfer gratis, Top-up mudah dan murah, Pembayaran transportasi, Integrasi dengan aplikasi belanja/transportasi",Keamanan akun,Berniat,3.0,,4.5,5.0,3.75,3.0,4.25,3.25,3,False,3.0,20.0,2.0,1,4,4,5,4,5,4,4,3.0,1,Pengguna Aktif Responsif Promo
44,"Ya, saya bersedia","Ya, saya memenuhi seluruh kriteria tersebut",Perempuan,19.0,Semester 2,Rp500.000 – Rp999.999,Universitas Islam Negeri Sumatera Utara,"Jarang, 1–2 kali dalam seminggu",Transfer ke teman / orang lain,1.0,DANA,DANA,6 bulan – kurang dari 1 tahun,Rp200.000 atau lebih,Rp300.000 – Rp499.999,Praktis dan cepat,Saat transfer ke teman/keluarga,Tidak memengaruhi,Tidak pernah,5.0,5.0,5.0,4.0,5.0,5.0,4.0,4.0,4.0,4.0,4.0,4.0,3.0,3.0,3.0,3.0,3.0,3.0,3.0,3.0,4.0,4.0,4.0,4.0,"Transfer gratis, Pembayaran transportasi, Keamanan akun yang lebih kuat",Perlindungan data pribadi,Berniat,5.0,,4.75,4.5,4.0,3.0,3.0,4.0,1,False,1.0,19.0,2.0,2,2,2,5,3,2,1,4,5.0,1,Pengguna Aktif Responsif Promo
45,"Ya, saya bersedia","Ya, saya memenuhi seluruh kriteria tersebut",Perempuan,20.0,Semester 6,Rp2.000.000 – Rp2.999.999,Universitas Telkom,"Cukup sering, 3–5 kali dalam seminggu",Transportasi,2.0,GoPay,"DANA, GoPay, ShopeePay, LinkAja",2 tahun – kurang dari 3 tahun,Rp100.000 – Rp199.999,Rp100.000 – Rp299.999,Praktis dan cepat,Saat membeli makanan/minuman,Memengaruhi,Sangat sering,5.0,5.0,4.0,4.0,5.0,5.0,5.0,4.0,3.0,3.0,4.0,3.0,3.0,3.0,3.0,3.0,5.0,5.0,5.0,4.0,5.0,5.0,5.0,5.0,"Promo makanan/minuman, Transfer gratis, Top-up mudah dan murah, Pembayaran transportasi, Keamanan akun yang lebih kuat, Riwayat transaksi yang jelas, Integrasi dengan aplikasi belanja/transportasi",Biaya admin,Berniat,5.0,"ada beberapa e wallet yang punya kasus sedot dana dari akun pelanggan bagi mahasiswa itu mengkhawatirkan, untuk minimal top up dari e wallet juga kadang bikin kesel butuhnya berapa tapi harus top up lebih dari itu",4.5,4.75,3.25,3.0,4.75,5.0,4,False,2.0,20.0,6.0,5,3,4,4,2,4,5,4,5.0,1,Pengguna Aktif Responsif Promo
46,"Ya, saya bersedia","Ya, saya memenuhi seluruh kriteria tersebut",Laki-Laki,17.0,Semester 2,Kurang dari Rp500.000,Uinsu,"Cukup sering, 3–5 kali dalam seminggu",Pembelian makanan/minuman,1.0,DANA,"DANA, GoPay",3 tahun atau lebih,Kurang dari Rp25.000,Kurang dari Rp100.000,Praktis dan cepat,Saat membeli makanan/minuman,Tidak memengaruhi,Tidak pernah,4.0,4.0,3.0,4.0,4.0,4.0,4.0,4.0,4.0,3.0,4.0,3.0,3.0,3.0,3.0,4.0,4.0,4.0,4.0,4.0,3.0,2.0,4.0,3.0,"Promo makanan/minuman, Transfer gratis, Top-up mudah dan murah",Jumlah promo/cashback,Berniat,4.0,Tidak ada,3.75,4.0,3.5,3.25,4.0,3.0,2,False,1.0,17.0,2.0,1,3,5,1,1,2,1,4,4.0,1,Pengguna Aktif Responsif Promo
47,"Ya, saya bersedia","Ya, saya memenuhi seluruh kriteria tersebut",Laki-Laki,23.0,Semester 6,Rp500.000 – Rp999.999,POLITEKNIK NEGERI BANYUWANGI,"Jarang, 1–2 kali dalam seminggu",Pembelian pulsa / paket data,3.0,DANA,"DANA, GoPay, LinkAja",2 tahun – kurang dari 3 tahun,Rp25.000 – Rp49.999,Rp100.000 – Rp299.999,Praktis dan cepat,Saat tidak membawa uang tunai,Memengaruhi,Jarang,4.0,5.0,3.0,2.0,5.0,4.0,4.0,4.0,4.0,3.0,4.0,4.0,3.0,4.0,3.0,3.0,4.0,4.0,4.0,3.0,4.0,3.0,4.0,5.0,"Promo makanan/minuman, Top-up mudah dan murah, Riwayat transaksi yang jelas, Integrasi dengan aplikasi belanja/transportasi",Perlindungan data pribadi,Ragu-ragu,4.0,"Saya harap e-wallet tertentu bisa memberikan kejelasan sebelum membekukan akun, karena kakak saya mempunyai saldo 600 ribu di e-wallet tertentu tiba-tiba habis begitu saja dan akunnya dibekukan tanpa alasan yang jelas.",3.5,4.25,3.75,3.25,3.75,4.0,3,False,3.0,23.0,6.0,2,2,4,2,2,4,2,3,4.0,1,Pengguna Aktif Responsif Promo
48,"Ya, saya bersedia","Ya, saya memenuhi seluruh kriteria tersebut",Laki-Laki,18.0,Semester 2,Kurang dari Rp500.000,Universitas Islam Negeri Sumatera Utara,"Jarang, 1–2 kali dalam seminggu",Pembelian pulsa / paket data,2.0,DANA,"DANA, GoPay",2 tahun – kurang dari 3 tahun,Rp50.000 – Rp99.999,Kurang dari Rp100.000,Mudah untuk transfer uang,Saat belanja online,Memengaruhi,Jarang,4.0,5.0,4.0,5.0,5.0,4.0,4.0,4.0,3.0,3.0,3.0,3.0,3.0,3.0,3.0,3.0,4.0,4.0,3.0,3.0,5.0,5.0,5.0,5.0,Keamanan akun yang lebih kuat,Perlindungan data pribadi,Berniat,4.0,Saya menggunakan dana dan mudah di gunakan juga praktis,4.5,4.25,3.0,3.0,3.5,5.0,2,False,2.0,18.0,2.0,1,2,4,3,1,4,2,4,4.0,1,Pengguna Aktif Responsif Promo
49,"Ya, saya bersedia","Ya, saya memenuhi seluruh kriteria tersebut",Perempuan,21.0,Semester 8,Rp500.000 – Rp999.999,Universitas Prima Indonesia,"Cukup sering, 3–5 kali dalam seminggu",Pembelian makanan/minuman,4.0,ShopeePay,"DANA, GoPay, OVO, ShopeePay",3 tahun atau lebih,Rp100.000 – Rp199.999,Rp1.000.000 atau lebih,Praktis dan cepat,Saat membeli makanan/minuman,Cukup memengaruhi,Kadang-kadang,4.0,4.0,4.0,4.0,4.0,4.0,4.0,4.0,4.0,4.0,4.0,4.0,4.0,4.0,4.0,4.0,4.0,4.0,4.0,4.0,3.0,3.0,3.0,3.0,"Promo makanan/minuman, Cashback transaksi, Transfer gratis, Top-up mudah dan murah, Pembayaran UKT/kampus, Pembayaran transportasi, Keamanan akun yang lebih kuat, Riwayat transaksi yang jelas, Integrasi dengan aplikasi belanja/transportasi",Perlindungan data pribadi,Berniat,4.0,,4.0,4.0,4.0,4.0,4.0,3.0,4,False,4.0,21.0,8.0,2,3,5,4,5,3,3,4,4.0,1,Pengguna Aktif Responsif Promo
50,"Ya, saya bersedia","Ya, saya memenuhi seluruh kriteria tersebut",Perempuan,21.0,Semester 6,Rp3.000.000 atau lebih,IPB University,"Sangat sering, lebih dari 10 kali dalam seminggu",Pembelian makanan/minuman,2.0,GoPay,GoPay,3 tahun atau lebih,Rp25.000 – Rp49.999,Rp300.000 – Rp499.999,Praktis dan cepat,Saat membeli makanan/minuman,Tidak memengaruhi,Tidak pernah,5.0,4.0,5.0,5.0,5.0,5.0,5.0,5.0,5.0,5.0,4.0,4.0,4.0,5.0,4.0,3.0,2.0,2.0,3.0,3.0,5.0,5.0,4.0,3.0,"Promo makanan/minuman, Transfer gratis, Pembayaran transportasi",Keamanan akun,Berniat,4.0,-,4.75,5.0,4.5,4.0,2.5,4.25,1,False,2.0,21.0,6.0,6,5,5,2,3,2,1,4,4.0,1,Pengguna Aktif Responsif Promo
51,"Ya, saya bersedia","Ya, saya memenuhi seluruh kriteria tersebut",Perempuan,21.0,Semester 6,Rp500.000 – Rp999.999,Universitas Negeri Surabaya,"Jarang, 1–2 kali dalam seminggu",Belanja online,2.0,ShopeePay,"GoPay, OVO, ShopeePay",2 tahun – kurang dari 3 tahun,Rp50.000 – Rp99.999,Rp100.000 – Rp299.999,Praktis dan cepat,Saat tidak membawa uang tunai,Sangat tidak memengaruhi,Sering,5.0,5.0,5.0,5.0,5.0,5.0,5.0,5.0,4.0,4.0,4.0,4.0,4.0,4.0,4.0,4.0,5.0,5.0,5.0,5.0,4.0,4.0,4.0,4.0,"Promo makanan/minuman, Cashback transaksi, Transfer gratis, Top-up mudah dan murah, Pembayaran UKT/kampus, Pembayaran transportasi, Keamanan akun yang lebih kuat, Riwayat transaksi yang jelas, Integrasi dengan aplikasi belanja/transportasi",Perlindungan data pribadi,Berniat,5.0,-,5.0,5.0,4.0,4.0,5.0,4.0,3,False,2.0,21.0,6.0,2,2,4,3,2,1,4,4,5.0,1,Pengguna Aktif Responsif Promo
52,"Ya, saya bersedia","Ya, saya memenuhi seluruh kriteria tersebut",Perempuan,21.0,Semester 6,Rp2.000.000 – Rp2.999.999,Universitas Pelita Harapan,"Sangat sering, lebih dari 10 kali dalam seminggu",Pembelian makanan/minuman,3.0,OVO,"GoPay, OVO, ShopeePay",3 tahun atau lebih,Rp200.000 atau lebih,Rp1.000.000 atau lebih,Praktis dan cepat,Saat membeli makanan/minuman,Sangat memengaruhi,Kadang-kadang,5.0,5.0,5.0,4.0,5.0,5.0,4.0,5.0,5.0,5.0,5.0,4.0,5.0,4.0,4.0,4.0,5.0,4.0,4.0,5.0,3.0,3.0,2.0,2.0,"Promo makanan/minuman, Cashback transaksi, Transfer gratis, Riwayat transaksi yang jelas",Jumlah promo/cashback,Sangat berniat,5.0,-,4.75,4.75,4.75,4.25,4.5,2.5,3,False,3.0,21.0,6.0,5,5,5,5,5,5,3,5,5.0,1,Pengguna Aktif Responsif Promo
53,"Ya, saya bersedia","Ya, saya memenuhi seluruh kriteria tersebut",Perempuan,20.0,Semester 6,Rp500.000 – Rp999.999,Institut Teknologi Indonesia,"Jarang, 1–2 kali dalam seminggu",Belanja online,2.0,GoPay,"DANA, GoPay",2 tahun – kurang dari 3 tahun,Rp100.000 – Rp199.999,Rp300.000 – Rp499.999,Mudah untuk belanja online,Saat belanja online,Sangat memengaruhi,Sering,5.0,5.0,5.0,5.0,5.0,5.0,1.0,5.0,4.0,4.0,5.0,4.0,4.0,4.0,4.0,4.0,5.0,5.0,5.0,5.0,4.0,4.0,4.0,4.0,"Promo makanan/minuman, Cashback transaksi, Transfer gratis, Top-up mudah dan murah, Pembayaran transportasi, Riwayat transaksi yang jelas",Perlindungan data pribadi,Berniat,5.0,,5.0,4.0,4.25,4.0,5.0,4.0,2,False,2.0,20.0,6.0,2,2,4,4,3,5,4,4,5.0,1,Pengguna Aktif Responsif Promo
54,"Ya, saya bersedia","Ya, saya memenuhi seluruh kriteria tersebut",Perempuan,25.0,Semester 9 atau lebih,Rp500.000 – Rp999.999,Universitas Dirgantara Marsekal Suryadarma,"Jarang, 1–2 kali dalam seminggu",Pembelian pulsa / paket data,2.0,ShopeePay,"GoPay, ShopeePay",3 tahun atau lebih,Rp50.000 – Rp99.999,Rp100.000 – Rp299.999,Praktis dan cepat,Saat ada promo/cashback,Cukup memengaruhi,Tidak pernah,4.0,4.0,4.0,4.0,4.0,4.0,4.0,4.0,3.0,3.0,4.0,3.0,3.0,3.0,3.0,3.0,4.0,4.0,3.0,4.0,3.0,3.0,3.0,3.0,"Promo makanan/minuman, Cashback transaksi, Transfer gratis, Top-up mudah dan murah, Riwayat transaksi yang jelas",Perlindungan data pribadi,Berniat,4.0,"Ada sisi positif dan sisi negatif nya dari penggunaan e-wallet itu sendiri. Dari sisi positifnya e-wallet untuk mahasiswa seperti kami itu mempermudah proses transaksi jadi lebih cepat, praktis, dan gaperlu ribet bawa uang tunai. Cocok untuk kebutuhan sehari-hari, selain itu juga banyak promo seperti cashback dan diskon yang bisa bikin hemat pengeluaran. Tapi, di balik kemudahan itu semua, akan menimbulkan masalah seperti perilaku konsumtif yang bikin kita ga sadar sama pengeluaran kita. Maka dari itu kita harus lebih bijak untuk menggunakan uang yang ada di e-wallet untuk bisa membantu mahasiswa belajar manajemen keuangan digital sejak dini.",4.0,4.0,3.25,3.0,3.75,3.0,2,False,2.0,25.0,9.0,2,2,5,3,2,3,1,4,4.0,1,Pengguna Aktif Responsif Promo
55,"Ya, saya bersedia","Ya, saya memenuhi seluruh kriteria tersebut",Perempuan,21.0,Semester 4,Rp1.500.000 – Rp1.999.999,Universitas Alma Ata,"Sangat sering, lebih dari 10 kali dalam seminggu",Belanja online,3.0,DANA,ShopeePay,3 tahun atau lebih,Rp50.000 – Rp99.999,Rp300.000 – Rp499.999,Praktis dan cepat,Saat melakukan pembayaran rutin,Sangat memengaruhi,Sering,5.0,5.0,5.0,4.0,4.0,4.0,5.0,5.0,3.0,3.0,4.0,3.0,3.0,1.0,2.0,3.0,4.0,5.0,5.0,4.0,5.0,4.0,5.0,4.0,Integrasi dengan aplikasi belanja/transportasi,Layanan bantuan/customer service,Berniat,4.0,"aktifkan keamanan end to end atau 2FA untuk menjaga keamanan akun, informasi pribadi, dan keamanan saldo e-wallet.. juga ganti sandi e wallet secara berkala jika sudah dirasa perlu diganti & sudah tidak aman",4.75,4.5,3.25,2.25,4.5,4.5,1,False,3.0,21.0,4.0,4,5,5,3,3,5,4,4,4.0,1,Pengguna Aktif Responsif Promo
56,"Ya, saya bersedia","Ya, saya memenuhi seluruh kriteria tersebut",Laki-Laki,19.0,Semester 4,Rp1.000.000 – Rp1.499.999,Universitas Islam Negeri Sumatera Utara,"Jarang, 1–2 kali dalam seminggu",Pembayaran tagihan,1.0,DANA,DANA,2 tahun – kurang dari 3 tahun,Rp25.000 – Rp49.999,Kurang dari Rp100.000,Praktis dan cepat,Saat transfer ke teman/keluarga,Cukup memengaruhi,Kadang-kadang,5.0,5.0,4.0,5.0,5.0,5.0,5.0,5.0,5.0,5.0,5.0,5.0,5.0,5.0,5.0,5.0,4.0,3.0,3.0,3.0,2.0,2.0,3.0,2.0,"Transfer gratis, Top-up mudah dan murah, Pembayaran UKT/kampus, Pembayaran transportasi, Riwayat transaksi yang jelas, Integrasi dengan aplikasi belanja/transportasi",Biaya admin,Berniat,5.0,,4.75,5.0,5.0,5.0,3.25,2.25,1,False,1.0,19.0,4.0,3,2,4,2,1,3,3,4,5.0,1,Pengguna Aktif Responsif Promo
57,"Ya, saya bersedia","Ya, saya memenuhi seluruh kriteria tersebut",Perempuan,22.0,Semester 8,Kurang dari Rp500.000,Universitas Muhammadiyah Cirebon,"Sangat jarang, kurang dari 1 kali dalam seminggu",Pembelian pulsa / paket data,150.0,ShopeePay,"DANA, GoPay, ShopeePay",2 tahun – kurang dari 3 tahun,Rp100.000 – Rp199.999,Rp100.000 – Rp299.999,Banyak promo/cashback,Saat ada promo/cashback,Sangat memengaruhi,Jarang,5.0,5.0,3.0,3.0,4.0,5.0,3.0,5.0,3.0,3.0,3.0,4.0,3.0,3.0,4.0,3.0,5.0,5.0,5.0,5.0,4.0,4.0,3.0,5.0,"Promo makanan/minuman, Cashback transaksi, Transfer gratis, Top-up mudah dan murah",Perlindungan data pribadi,Ragu-ragu,4.0,-,4.0,4.25,3.25,3.25,5.0,4.0,3,True,3.0,22.0,8.0,1,1,4,4,2,5,2,3,4.0,1,Pengguna Aktif Responsif Promo
58,"Ya, saya bersedia","Ya, saya memenuhi seluruh kriteria tersebut",Perempuan,20.0,Semester 6,Rp1.500.000 – Rp1.999.999,IPB,"Sering, 6–10 kali dalam seminggu",Pembelian makanan/minuman,4.0,ShopeePay,"DANA, GoPay, OVO, ShopeePay",3 tahun atau lebih,Rp25.000 – Rp49.999,Rp1.000.000 atau lebih,Praktis dan cepat,Saat membeli makanan/minuman,Cukup memengaruhi,Sering,4.0,4.0,4.0,4.0,4.0,4.0,4.0,4.0,4.0,4.0,4.0,4.0,3.0,3.0,3.0,3.0,3.0,3.0,3.0,3.0,3.0,3.0,3.0,3.0,"Promo makanan/minuman, Cashback transaksi, Transfer gratis, Top-up mudah dan murah, Pembayaran UKT/kampus, Pembayaran transportasi, Keamanan akun yang lebih kuat, Riwayat transaksi yang jelas, Integrasi dengan aplikasi belanja/transportasi",Keamanan akun,Berniat,4.0,,4.0,4.0,4.0,3.0,3.0,3.0,4,False,4.0,20.0,6.0,4,4,5,2,5,3,4,4,4.0,1,Pengguna Aktif Responsif Promo
59,"Ya, saya bersedia","Ya, saya memenuhi seluruh kriteria tersebut",Perempuan,22.0,Semester 7,Rp500.000 – Rp999.999,Universitas Lampung,"Jarang, 1–2 kali dalam seminggu",Pembelian pulsa / paket data,2.0,iSaku,"LinkAja, iSaku",6 bulan – kurang dari 1 tahun,Rp25.000 – Rp49.999,Rp100.000 – Rp299.999,Tidak perlu membawa uang tunai,Saat melakukan pembayaran rutin,Memengaruhi,Sering,5.0,4.0,5.0,4.0,5.0,4.0,4.0,4.0,5.0,4.0,4.0,4.0,4.0,5.0,4.0,4.0,5.0,4.0,5.0,4.0,5.0,4.0,5.0,4.0,Cashback transaksi,Jumlah promo/cashback,Sangat berniat,4.0,,4.5,4.25,4.25,4.25,4.5,4.5,2,False,2.0,22.0,7.0,2,2,2,2,2,4,4,5,4.0,1,Pengguna Aktif Responsif Promo
60,"Ya, saya bersedia","Ya, saya memenuhi seluruh kriteria tersebut",Laki-Laki,21.0,Semester 6,Rp1.000.000 – Rp1.499.999,Universitas Brawijaya,"Sangat sering, lebih dari 10 kali dalam seminggu",Transfer ke teman / orang lain,4.0,DANA,"DANA, GoPay, OVO, ShopeePay, LinkAja",3 tahun atau lebih,Rp100.000 – Rp199.999,Rp1.000.000 atau lebih,Mudah untuk transfer uang,Saat transfer ke teman/keluarga,Memengaruhi,Sangat sering,5.0,4.0,4.0,5.0,4.0,5.0,4.0,4.0,4.0,5.0,4.0,5.0,5.0,4.0,5.0,5.0,4.0,4.0,4.0,5.0,4.0,5.0,4.0,5.0,Promo makanan/minuman,Jumlah promo/cashback,Berniat,5.0,,4.5,4.25,4.5,4.75,4.25,4.5,5,False,4.0,21.0,6.0,3,5,5,4,5,4,5,4,5.0,1,Pengguna Aktif Responsif Promo
61,"Ya, saya bersedia","Ya, saya memenuhi seluruh kriteria tersebut",Perempuan,21.0,Semester 5,Rp3.000.000 atau lebih,Universitas Muhammadiyah Surakarta,"Cukup sering, 3–5 kali dalam seminggu",Belanja online,2.0,ShopeePay,"GoPay, OVO, ShopeePay",1 tahun – kurang dari 2 tahun,Rp50.000 – Rp99.999,Rp300.000 – Rp499.999,Mudah untuk belanja online,Saat ada promo/cashback,Sangat memengaruhi,Sangat sering,4.0,4.0,5.0,4.0,5.0,4.0,5.0,5.0,4.0,5.0,4.0,4.0,5.0,5.0,4.0,4.0,5.0,5.0,5.0,4.0,4.0,4.0,4.0,4.0,Pembayaran transportasi,Jumlah merchant yang menerima e-wallet,Sangat berniat,5.0,,4.25,4.75,4.25,4.5,4.75,4.0,3,False,2.0,21.0,5.0,6,3,3,3,3,5,5,5,5.0,1,Pengguna Aktif Responsif Promo
62,"Ya, saya bersedia","Ya, saya memenuhi seluruh kriteria tersebut",Perempuan,19.0,Semester 1,Rp3.000.000 atau lebih,Universitas Gadjah Mada,"Cukup sering, 3–5 kali dalam seminggu",Belanja online,2.0,ShopeePay,"DANA, OVO, ShopeePay",1 tahun – kurang dari 2 tahun,Rp50.000 – Rp99.999,Rp300.000 – Rp499.999,Mudah untuk belanja online,Saat belanja online,Sangat memengaruhi,Sering,4.0,4.0,4.0,4.0,4.0,4.0,5.0,4.0,5.0,5.0,5.0,4.0,5.0,4.0,4.0,5.0,4.0,4.0,4.0,4.0,4.0,4.0,5.0,4.0,Integrasi dengan aplikasi belanja/transportasi,Kecepatan transaksi,Sangat berniat,4.0,,4.0,4.25,4.75,4.5,4.0,4.25,3,False,2.0,19.0,1.0,6,3,3,3,3,5,4,5,4.0,1,Pengguna Aktif Responsif Promo
63,"Ya, saya bersedia","Ya, saya memenuhi seluruh kriteria tersebut",Laki-Laki,20.0,Semester 3,Rp500.000 – Rp999.999,Universitas Islam Majapahit,"Sangat sering, lebih dari 10 kali dalam seminggu",Belanja online,4.0,ShopeePay,"DANA, GoPay, OVO, ShopeePay",3 tahun atau lebih,Rp100.000 – Rp199.999,Rp1.000.000 atau lebih,Mudah untuk belanja online,Saat belanja online,Memengaruhi,Sering,5.0,4.0,4.0,4.0,5.0,1.0,2.0,1.0,2.0,2.0,2.0,1.0,2.0,1.0,2.0,2.0,2.0,2.0,1.0,2.0,1.0,2.0,1.0,2.0,Integrasi dengan aplikasi belanja/transportasi,Kecepatan transaksi,Tidak berniat,2.0,,4.25,2.25,1.75,1.75,1.75,1.5,4,False,4.0,20.0,3.0,2,5,5,4,5,4,4,2,2.0,2,Pengguna Positif Moderat/Selektif
64,"Ya, saya bersedia","Ya, saya memenuhi seluruh kriteria tersebut",Perempuan,20.0,Semester 5,Rp1.500.000 – Rp1.999.999,Universitas Negeri Jakarta,"Sangat jarang, kurang dari 1 kali dalam seminggu",Pembayaran tagihan,1.0,DANA,"DANA, GoPay, OVO, ShopeePay",6 bulan – kurang dari 1 tahun,Rp100.000 – Rp199.999,Kurang dari Rp100.000,Mudah untuk transfer uang,Saat melakukan pembayaran rutin,Sangat memengaruhi,Sangat sering,5.0,5.0,4.0,4.0,5.0,4.0,5.0,5.0,4.0,5.0,5.0,4.0,5.0,4.0,5.0,5.0,5.0,4.0,5.0,4.0,4.0,5.0,5.0,4.0,Transfer gratis,Biaya admin,Berniat,4.0,,4.5,4.75,4.5,4.75,4.5,4.5,4,False,1.0,20.0,5.0,4,1,2,4,1,5,5,4,4.0,1,Pengguna Aktif Responsif Promo
65,"Ya, saya bersedia","Ya, saya memenuhi seluruh kriteria tersebut",Laki-Laki,21.0,Semester 6,Rp1.000.000 – Rp1.499.999,Universitas Syiah Kuala,"Sangat sering, lebih dari 10 kali dalam seminggu",Transfer ke teman / orang lain,5.0,DANA,"DANA, GoPay, OVO, ShopeePay, LinkAja",3 tahun atau lebih,Rp100.000 – Rp199.999,Rp1.000.000 atau lebih,Mudah untuk transfer uang,Saat transfer ke teman/keluarga,Memengaruhi,Sangat sering,4.0,5.0,4.0,5.0,4.0,4.0,4.0,5.0,4.0,5.0,4.0,5.0,4.0,4.0,5.0,4.0,4.0,5.0,4.0,5.0,4.0,5.0,5.0,4.0,Pembayaran transportasi,Jumlah merchant yang menerima e-wallet,Berniat,5.0,,4.5,4.25,4.5,4.25,4.5,4.5,5,False,5.0,21.0,6.0,3,5,5,4,5,4,5,4,5.0,1,Pengguna Aktif Responsif Promo
66,"Ya, saya bersedia","Ya, saya memenuhi seluruh kriteria tersebut",Perempuan,19.0,Semester 3,Rp500.000 – Rp999.999,Universitas Diponegoro,"Sering, 6–10 kali dalam seminggu",Pembelian makanan/minuman,3.0,GoPay,"DANA, GoPay, OVO",2 tahun – kurang dari 3 tahun,Rp25.000 – Rp49.999,Rp500.000 – Rp999.999,Praktis dan cepat,Saat tidak membawa uang tunai,Sangat memengaruhi,Sangat sering,4.0,4.0,4.0,5.0,5.0,5.0,5.0,4.0,5.0,4.0,4.0,4.0,4.0,5.0,4.0,4.0,5.0,5.0,4.0,4.0,5.0,5.0,4.0,4.0,Pembayaran transportasi,Jumlah merchant yang menerima e-wallet,Berniat,5.0,,4.25,4.75,4.25,4.25,4.5,4.5,3,False,3.0,19.0,3.0,2,4,4,2,4,5,5,4,5.0,1,Pengguna Aktif Responsif Promo
67,"Ya, saya bersedia","Ya, saya memenuhi seluruh kriteria tersebut",Perempuan,19.0,Semester 2,Kurang dari Rp500.000,Universitas Islam Negeri Raden Fatah,"Sering, 6–10 kali dalam seminggu",Pembelian makanan/minuman,3.0,DANA,"OVO, LinkAja",2 tahun – kurang dari 3 tahun,Rp25.000 – Rp49.999,Rp500.000 – Rp999.999,Banyak merchant yang menerima e-wallet,Saat membeli makanan/minuman,Memengaruhi,Sering,5.0,4.0,5.0,4.0,4.0,5.0,5.0,4.0,5.0,4.0,4.0,4.0,5.0,4.0,5.0,4.0,4.0,4.0,5.0,4.0,5.0,4.0,4.0,4.0,Top-up mudah dan murah,Kemudahan top-up,Sangat berniat,4.0,,4.5,4.5,4.25,4.5,4.25,4.25,2,False,3.0,19.0,2.0,1,4,4,2,4,4,4,5,4.0,1,Pengguna Aktif Responsif Promo
68,"Ya, saya bersedia","Ya, saya memenuhi seluruh kriteria tersebut",Perempuan,19.0,Semester 1,Rp3.000.000 atau lebih,Universitas Dr Soetomo,"Sangat sering, lebih dari 10 kali dalam seminggu",Pembelian makanan/minuman,4.0,GoPay,"DANA, GoPay, OVO, ShopeePay",3 tahun atau lebih,Rp50.000 – Rp99.999,Rp1.000.000 atau lebih,Tidak perlu membawa uang tunai,Saat membeli makanan/minuman,Tidak memengaruhi,Tidak pernah,1.0,1.0,2.0,1.0,2.0,1.0,1.0,1.0,3.0,2.0,3.0,2.0,1.0,2.0,2.0,1.0,2.0,2.0,1.0,2.0,2.0,1.0,1.0,1.0,Transfer gratis,Biaya admin,Tidak berniat,2.0,,1.25,1.25,2.5,1.5,1.75,1.25,4,False,4.0,19.0,1.0,6,5,5,3,5,2,1,2,2.0,2,Pengguna Positif Moderat/Selektif
69,"Ya, saya bersedia","Ya, saya memenuhi seluruh kriteria tersebut",Laki-Laki,20.0,Semester 4,Rp2.000.000 – Rp2.999.999,Universitas Teknokrat Indonesia,"Cukup sering, 3–5 kali dalam seminggu",Transfer ke teman / orang lain,2.0,DANA,"ShopeePay, LinkAja",1 tahun – kurang dari 2 tahun,Rp100.000 – Rp199.999,Rp300.000 – Rp499.999,Mudah untuk transfer uang,Saat transfer ke teman/keluarga,Memengaruhi,Sangat sering,3.0,4.0,5.0,4.0,4.0,4.0,5.0,4.0,5.0,5.0,3.0,4.0,5.0,3.0,4.0,3.0,3.0,5.0,4.0,5.0,5.0,3.0,4.0,3.0,Keamanan akun yang lebih kuat,Keamanan akun,Sangat berniat,4.0,,4.0,4.25,4.25,3.75,4.25,3.75,2,False,2.0,20.0,4.0,5,3,3,4,3,4,5,5,4.0,1,Pengguna Aktif Responsif Promo
70,"Ya, saya bersedia","Ya, saya memenuhi seluruh kriteria tersebut",Perempuan,21.0,Semester 6,Rp3.000.000 atau lebih,Universitas Surabaya,"Sangat sering, lebih dari 10 kali dalam seminggu",Pembelian makanan/minuman,5.0,DANA,"DANA, GoPay, OVO, ShopeePay, Sakuku",3 tahun atau lebih,Rp50.000 – Rp99.999,Rp1.000.000 atau lebih,Praktis dan cepat,Saat ada promo/cashback,Sangat memengaruhi,Sering,4.0,5.0,3.0,5.0,4.0,5.0,5.0,3.0,3.0,3.0,5.0,4.0,5.0,4.0,4.0,5.0,5.0,5.0,3.0,4.0,4.0,5.0,4.0,5.0,Promo makanan/minuman,Jumlah promo/cashback,Sangat berniat,4.0,,4.25,4.25,3.75,4.5,4.25,4.5,5,False,5.0,21.0,6.0,6,5,5,3,5,5,4,5,4.0,1,Pengguna Aktif Responsif Promo
71,"Ya, saya bersedia","Ya, saya memenuhi seluruh kriteria tersebut",Perempuan,20.0,Semester 3,Kurang dari Rp500.000,Universitas Negeri Malang,"Sering, 6–10 kali dalam seminggu",Pembelian makanan/minuman,3.0,DANA,"DANA, GoPay, OVO, ShopeePay, LinkAja",2 tahun – kurang dari 3 tahun,Rp25.000 – Rp49.999,Rp500.000 – Rp999.999,Praktis dan cepat,Saat tidak membawa uang tunai,Sangat memengaruhi,Sering,5.0,5.0,4.0,4.0,4.0,4.0,5.0,4.0,5.0,5.0,4.0,4.0,4.0,4.0,4.0,5.0,4.0,5.0,4.0,5.0,5.0,4.0,5.0,5.0,Top-up mudah dan murah,Kemudahan top-up,Berniat,4.0,,4.5,4.25,4.5,4.25,4.5,4.75,5,False,3.0,20.0,3.0,1,4,4,2,4,5,4,4,4.0,1,Pengguna Aktif Responsif Promo
72,"Ya, saya bersedia","Ya, saya memenuhi seluruh kriteria tersebut",Laki-Laki,20.0,Semester 3,Rp1.000.000 – Rp1.499.999,Universitas Negeri Gorontalo,"Sering, 6–10 kali dalam seminggu",Pembelian makanan/minuman,3.0,GoPay,"DANA, GoPay, OVO, ShopeePay",2 tahun – kurang dari 3 tahun,Rp25.000 – Rp49.999,Rp500.000 – Rp999.999,Praktis dan cepat,Saat membeli makanan/minuman,Sangat memengaruhi,Sering,4.0,4.0,5.0,4.0,4.0,4.0,5.0,4.0,4.0,4.0,5.0,4.0,5.0,4.0,4.0,4.0,5.0,4.0,5.0,5.0,5.0,4.0,5.0,4.0,Pembayaran UKT/kampus,Perlindungan data pribadi,Berniat,4.0,,4.25,4.25,4.25,4.25,4.75,4.5,4,False,3.0,20.0,3.0,3,4,4,2,4,5,4,4,4.0,1,Pengguna Aktif Responsif Promo
73,"Ya, saya bersedia","Ya, saya memenuhi seluruh kriteria tersebut",Perempuan,18.0,Semester 1,Rp1.000.000 – Rp1.499.999,Universitas Negeri Manado,"Sangat sering, lebih dari 10 kali dalam seminggu",Belanja online,4.0,ShopeePay,"DANA, GoPay, OVO, ShopeePay, lainnya",3 tahun atau lebih,Rp100.000 – Rp199.999,Rp1.000.000 atau lebih,Banyak promo/cashback,Saat belanja online,Memengaruhi,Sering,5.0,4.0,4.0,5.0,5.0,4.0,4.0,4.0,5.0,4.0,4.0,5.0,4.0,5.0,5.0,5.0,4.0,4.0,4.0,4.0,5.0,4.0,4.0,5.0,Cashback transaksi,Jumlah promo/cashback,Berniat,4.0,,4.5,4.25,4.5,4.75,4.0,4.5,5,False,4.0,18.0,1.0,3,5,5,4,5,4,4,4,4.0,1,Pengguna Aktif Responsif Promo
74,"Ya, saya bersedia","Ya, saya memenuhi seluruh kriteria tersebut",Perempuan,20.0,Semester 4,Rp3.000.000 atau lebih,Universitas Islam Negeri Sultan Syarif Kasim,"Jarang, 1–2 kali dalam seminggu",Belanja online,2.0,ShopeePay,"DANA, GoPay, OVO, ShopeePay, LinkAja",2 tahun – kurang dari 3 tahun,Rp50.000 – Rp99.999,Rp100.000 – Rp299.999,Mudah untuk belanja online,Saat ada promo/cashback,Sangat memengaruhi,Sering,5.0,4.0,3.0,5.0,4.0,4.0,5.0,5.0,3.0,4.0,4.0,4.0,4.0,5.0,4.0,5.0,5.0,3.0,4.0,4.0,5.0,3.0,5.0,5.0,Pembayaran transportasi,Jumlah merchant yang menerima e-wallet,Berniat,4.0,,4.25,4.5,3.75,4.5,4.0,4.5,5,False,2.0,20.0,4.0,6,2,4,3,2,5,4,4,4.0,1,Pengguna Aktif Responsif Promo
75,"Ya, saya bersedia","Ya, saya memenuhi seluruh kriteria tersebut",Perempuan,22.0,Semester 8,Rp3.000.000 atau lebih,Universitas Negeri Surabaya,"Sangat sering, lebih dari 10 kali dalam seminggu",Belanja online,4.0,ShopeePay,"DANA, OVO, ShopeePay, LinkAja, iSaku",3 tahun atau lebih,Rp50.000 – Rp99.999,Rp1.000.000 atau lebih,Banyak promo/cashback,Saat belanja online,Sangat tidak memengaruhi,Jarang,2.0,2.0,2.0,2.0,1.0,2.0,1.0,2.0,2.0,1.0,2.0,2.0,2.0,1.0,2.0,2.0,1.0,1.0,1.0,1.0,2.0,1.0,1.0,2.0,Promo makanan/minuman,Jumlah promo/cashback,Tidak berniat,1.0,,2.0,1.5,1.75,1.75,1.0,1.5,5,False,4.0,22.0,8.0,6,5,5,3,5,1,2,2,1.0,2,Pengguna Positif Moderat/Selektif
76,"Ya, saya bersedia","Ya, saya memenuhi seluruh kriteria tersebut",Perempuan,21.0,Semester 6,Rp500.000 – Rp999.999,Universitas Negeri Jakarta,"Sering, 6–10 kali dalam seminggu",Transfer ke teman / orang lain,3.0,OVO,"DANA, GoPay, OVO, ShopeePay",2 tahun – kurang dari 3 tahun,Rp100.000 – Rp199.999,Rp500.000 – Rp999.999,Mudah untuk transfer uang,Saat transfer ke teman/keluarga,Memengaruhi,Sangat sering,5.0,5.0,5.0,4.0,5.0,4.0,5.0,5.0,5.0,4.0,4.0,5.0,4.0,5.0,5.0,4.0,4.0,4.0,5.0,5.0,4.0,4.0,4.0,4.0,Pembayaran transportasi,Jumlah merchant yang menerima e-wallet,Sangat berniat,4.0,,4.75,4.75,4.5,4.5,4.5,4.0,4,False,3.0,21.0,6.0,2,4,4,4,4,4,5,5,4.0,1,Pengguna Aktif Responsif Promo
77,"Ya, saya bersedia","Ya, saya memenuhi seluruh kriteria tersebut",Perempuan,19.0,Semester 2,Rp2.000.000 – Rp2.999.999,Universitas Negeri Papua,"Sangat sering, lebih dari 10 kali dalam seminggu",Pembelian makanan/minuman,4.0,GoPay,"DANA, GoPay, OVO, ShopeePay",3 tahun atau lebih,Rp50.000 – Rp99.999,Rp1.000.000 atau lebih,Tidak perlu membawa uang tunai,Saat membeli makanan/minuman,Memengaruhi,Sering,4.0,5.0,4.0,4.0,4.0,4.0,4.0,5.0,5.0,5.0,4.0,4.0,5.0,4.0,4.0,4.0,4.0,5.0,5.0,4.0,4.0,5.0,5.0,4.0,Promo makanan/minuman,Jumlah promo/cashback,Berniat,5.0,,4.25,4.25,4.5,4.25,4.5,4.5,4,False,4.0,19.0,2.0,5,5,5,3,5,4,4,4,5.0,1,Pengguna Aktif Responsif Promo
78,"Ya, saya bersedia","Ya, saya memenuhi seluruh kriteria tersebut",Laki-Laki,20.0,Semester 4,Rp1.500.000 – Rp1.999.999,Universitas Diponegoro,"Sangat sering, lebih dari 10 kali dalam seminggu",Pembelian makanan/minuman,5.0,OVO,"DANA, GoPay, OVO, ShopeePay, LinkAja",3 tahun atau lebih,Rp50.000 – Rp99.999,Rp1.000.000 atau lebih,Banyak merchant yang menerima e-wallet,Saat ada promo/cashback,Sangat memengaruhi,Sering,4.0,5.0,4.0,5.0,5.0,5.0,5.0,4.0,5.0,4.0,4.0,5.0,5.0,5.0,4.0,4.0,5.0,4.0,5.0,4.0,4.0,5.0,5.0,5.0,Pembayaran transportasi,Jumlah merchant yang menerima e-wallet,Berniat,4.0,,4.5,4.75,4.5,4.5,4.5,4.75,5,False,5.0,20.0,4.0,4,5,5,3,5,5,4,4,4.0,1,Pengguna Aktif Responsif Promo
79,"Ya, saya bersedia","Ya, saya memenuhi seluruh kriteria tersebut",Laki-Laki,21.0,Semester 6,Rp1.500.000 – Rp1.999.999,Universitas Gadjah Mada,"Cukup sering, 3–5 kali dalam seminggu",Belanja online,2.0,ShopeePay,"DANA, GoPay",1 tahun – kurang dari 2 tahun,Rp25.000 – Rp49.999,Rp300.000 – Rp499.999,Banyak promo/cashback,Saat belanja online,Sangat memengaruhi,Sangat sering,5.0,5.0,5.0,4.0,5.0,5.0,4.0,4.0,5.0,4.0,5.0,4.0,5.0,5.0,4.0,5.0,5.0,5.0,5.0,4.0,5.0,5.0,4.0,5.0,Promo makanan/minuman,Jumlah promo/cashback,Sangat berniat,5.0,,4.75,4.5,4.5,4.75,4.75,4.75,2,False,2.0,21.0,6.0,4,3,3,2,3,5,5,5,5.0,1,Pengguna Aktif Responsif Promo
80,"Ya, saya bersedia","Ya, saya memenuhi seluruh kriteria tersebut",Perempuan,21.0,Semester 5,Kurang dari Rp500.000,Universitas Muhammadiyah Yogyakarta,"Cukup sering, 3–5 kali dalam seminggu",Transportasi,2.0,ShopeePay,"OVO, ShopeePay",1 tahun – kurang dari 2 tahun,Rp25.000 – Rp49.999,Rp300.000 – Rp499.999,Banyak promo/cashback,Saat belanja online,Memengaruhi,Sangat sering,4.0,5.0,4.0,5.0,4.0,5.0,4.0,4.0,5.0,4.0,4.0,4.0,4.0,4.0,5.0,4.0,4.0,5.0,4.0,5.0,4.0,4.0,4.0,4.0,Integrasi dengan aplikasi belanja/transportasi,Kecepatan transaksi,Berniat,4.0,,4.5,4.25,4.25,4.25,4.5,4.0,2,False,2.0,21.0,5.0,1,3,3,2,3,4,5,4,4.0,1,Pengguna Aktif Responsif Promo
81,"Ya, saya bersedia","Ya, saya memenuhi seluruh kriteria tersebut",Perempuan,21.0,Semester 6,Kurang dari Rp500.000,Universitas Negeri Semarang,"Jarang, 1–2 kali dalam seminggu",Belanja online,2.0,ShopeePay,"OVO, ShopeePay",2 tahun – kurang dari 3 tahun,Rp50.000 – Rp99.999,Rp100.000 – Rp299.999,Mudah untuk belanja online,Saat ada promo/cashback,Memengaruhi,Sering,4.0,5.0,5.0,4.0,4.0,4.0,4.0,5.0,4.0,4.0,4.0,4.0,5.0,4.0,5.0,5.0,4.0,4.0,4.0,4.0,4.0,5.0,4.0,4.0,Integrasi dengan aplikasi belanja/transportasi,Kecepatan transaksi,Sangat berniat,5.0,,4.5,4.25,4.0,4.75,4.0,4.25,2,False,2.0,21.0,6.0,1,2,4,3,2,4,4,5,5.0,1,Pengguna Aktif Responsif Promo
82,"Ya, saya bersedia","Ya, saya memenuhi seluruh kriteria tersebut",Perempuan,23.0,Semester 9 atau lebih,Rp3.000.000 atau lebih,Universitas Negeri Malang,"Sangat sering, lebih dari 10 kali dalam seminggu",Belanja online,4.0,ShopeePay,"DANA, GoPay, OVO, ShopeePay, LinkAja",3 tahun atau lebih,Rp100.000 – Rp199.999,Rp1.000.000 atau lebih,Banyak promo/cashback,Saat belanja online,Sangat memengaruhi,Sangat sering,4.0,5.0,5.0,4.0,5.0,5.0,5.0,4.0,5.0,4.0,5.0,5.0,4.0,5.0,5.0,5.0,4.0,5.0,5.0,4.0,5.0,5.0,4.0,5.0,Cashback transaksi,Jumlah promo/cashback,Berniat,5.0,,4.5,4.75,4.75,4.75,4.5,4.75,5,False,4.0,23.0,9.0,6,5,5,4,5,5,5,4,5.0,1,Pengguna Aktif Responsif Promo
83,"Ya, saya bersedia","Ya, saya memenuhi seluruh kriteria tersebut",Perempuan,20.0,Semester 4,Rp2.000.000 – Rp2.999.999,Universitas Negeri Jakarta,"Cukup sering, 3–5 kali dalam seminggu",Belanja online,2.0,ShopeePay,"DANA, OVO, ShopeePay",1 tahun – kurang dari 2 tahun,Rp50.000 – Rp99.999,Rp300.000 – Rp499.999,Mudah untuk belanja online,Saat ada promo/cashback,Tidak memengaruhi,Tidak pernah,2.0,1.0,1.0,2.0,2.0,1.0,2.0,1.0,2.0,2.0,1.0,2.0,2.0,2.0,1.0,2.0,2.0,1.0,1.0,1.0,1.0,2.0,1.0,1.0,Promo makanan/minuman,Jumlah promo/cashback,Tidak berniat,2.0,,1.5,1.5,1.75,1.75,1.25,1.25,3,False,2.0,20.0,4.0,5,3,3,3,3,2,1,2,2.0,2,Pengguna Positif Moderat/Selektif
84,"Ya, saya bersedia","Ya, saya memenuhi seluruh kriteria tersebut",Laki-Laki,19.0,Semester 2,Rp1.500.000 – Rp1.999.999,Universitas Diponegoro,"Sangat sering, lebih dari 10 kali dalam seminggu",Belanja online,5.0,ShopeePay,"DANA, GoPay, OVO, ShopeePay, LinkAja",3 tahun atau lebih,Rp100.000 – Rp199.999,Rp1.000.000 atau lebih,Banyak promo/cashback,Saat belanja online,Memengaruhi,Sangat sering,4.0,4.0,4.0,5.0,4.0,5.0,4.0,5.0,5.0,4.0,5.0,4.0,4.0,5.0,4.0,5.0,4.0,4.0,5.0,4.0,5.0,4.0,4.0,4.0,Pembayaran UKT/kampus,Perlindungan data pribadi,Berniat,5.0,,4.25,4.5,4.5,4.5,4.25,4.25,5,False,5.0,19.0,2.0,4,5,5,4,5,4,5,4,5.0,1,Pengguna Aktif Responsif Promo
85,"Ya, saya bersedia","Ya, saya memenuhi seluruh kriteria tersebut",Laki-Laki,19.0,Semester 1,Rp1.500.000 – Rp1.999.999,Universitas Negeri Semarang,"Jarang, 1–2 kali dalam seminggu",Pembelian pulsa / paket data,2.0,iSaku,"LinkAja, iSaku",6 bulan – kurang dari 1 tahun,Rp25.000 – Rp49.999,Rp100.000 – Rp299.999,Tidak perlu membawa uang tunai,Saat melakukan pembayaran rutin,Memengaruhi,Sering,4.0,5.0,5.0,4.0,4.0,4.0,5.0,5.0,5.0,4.0,4.0,5.0,4.0,4.0,5.0,5.0,5.0,4.0,4.0,5.0,4.0,4.0,5.0,5.0,Cashback transaksi,Jumlah promo/cashback,Berniat,5.0,,4.5,4.5,4.5,4.5,4.5,4.5,2,False,2.0,19.0,1.0,4,2,2,2,2,4,4,4,5.0,1,Pengguna Aktif Responsif Promo
86,"Ya, saya bersedia","Ya, saya memenuhi seluruh kriteria tersebut",Perempuan,21.0,Semester 5,Rp1.500.000 – Rp1.999.999,Universitas Islam Indonesia,"Jarang, 1–2 kali dalam seminggu",Pembelian pulsa / paket data,2.0,DANA,"DANA, ShopeePay",6 bulan – kurang dari 1 tahun,Rp25.000 – Rp49.999,Rp100.000 – Rp299.999,Tidak perlu membawa uang tunai,Saat melakukan pembayaran rutin,Sangat memengaruhi,Sangat sering,5.0,5.0,4.0,4.0,5.0,5.0,5.0,4.0,5.0,5.0,5.0,5.0,5.0,4.0,5.0,5.0,5.0,4.0,4.0,4.0,5.0,4.0,4.0,5.0,Promo makanan/minuman,Jumlah promo/cashback,Berniat,5.0,,4.5,4.75,5.0,4.75,4.25,4.5,2,False,2.0,21.0,5.0,4,2,2,2,2,5,5,4,5.0,1,Pengguna Aktif Responsif Promo
87,"Ya, saya bersedia","Ya, saya memenuhi seluruh kriteria tersebut",Perempuan,20.0,Semester 4,Rp2.000.000 – Rp2.999.999,Universitas Islam Indonesia,"Sering, 6–10 kali dalam seminggu",Transportasi,3.0,OVO,"GoPay, OVO, ShopeePay",2 tahun – kurang dari 3 tahun,Rp25.000 – Rp49.999,Rp500.000 – Rp999.999,Tidak perlu membawa uang tunai,Saat tidak membawa uang tunai,Memengaruhi,Sangat sering,5.0,5.0,4.0,4.0,4.0,5.0,4.0,5.0,5.0,4.0,4.0,5.0,5.0,4.0,5.0,4.0,4.0,5.0,5.0,4.0,4.0,4.0,5.0,4.0,Transfer gratis,Biaya admin,Berniat,4.0,,4.5,4.5,4.5,4.5,4.5,4.25,3,False,3.0,20.0,4.0,5,4,4,2,4,4,5,4,4.0,1,Pengguna Aktif Responsif Promo
88,"Ya, saya bersedia","Ya, saya memenuhi seluruh kriteria tersebut",Laki-Laki,20.0,Semester 4,Kurang dari Rp500.000,Universitas Pendidikan Indonesia,"Sering, 6–10 kali dalam seminggu",Belanja online,3.0,ShopeePay,"DANA, GoPay, OVO, ShopeePay",2 tahun – kurang dari 3 tahun,Rp50.000 – Rp99.999,Rp500.000 – Rp999.999,Mudah untuk belanja online,Saat belanja online,Tidak memengaruhi,Tidak pernah,1.0,2.0,2.0,1.0,1.0,3.0,1.0,2.0,1.0,2.0,1.0,1.0,1.0,1.0,2.0,1.0,2.0,2.0,1.0,2.0,2.0,2.0,2.0,1.0,Pembayaran UKT/kampus,Perlindungan data pribadi,Tidak berniat,1.0,,1.5,1.75,1.25,1.25,1.75,1.75,4,False,3.0,20.0,4.0,1,4,4,3,4,2,1,2,1.0,2,Pengguna Positif Moderat/Selektif
89,"Ya, saya bersedia","Ya, saya memenuhi seluruh kriteria tersebut",Laki-Laki,22.0,Semester 7,Rp1.500.000 – Rp1.999.999,Universitas Negeri Yogyakarta,"Sangat sering, lebih dari 10 kali dalam seminggu",Transfer ke teman / orang lain,5.0,DANA,iSaku,3 tahun atau lebih,Rp100.000 – Rp199.999,Rp1.000.000 atau lebih,Praktis dan cepat,Saat transfer ke teman/keluarga,Sangat memengaruhi,Sangat sering,5.0,5.0,5.0,5.0,5.0,5.0,5.0,5.0,5.0,5.0,5.0,5.0,5.0,5.0,5.0,5.0,5.0,5.0,5.0,5.0,5.0,5.0,5.0,5.0,Cashback transaksi,Jumlah promo/cashback,Sangat berniat,4.0,,5.0,5.0,5.0,5.0,5.0,5.0,1,False,5.0,22.0,7.0,4,5,5,4,5,5,5,5,4.0,1,Pengguna Aktif Responsif Promo
90,"Ya, saya bersedia","Ya, saya memenuhi seluruh kriteria tersebut",Laki-Laki,21.0,Semester 5,Kurang dari Rp500.000,Universitas PGRI Semarang,"Sering, 6–10 kali dalam seminggu",Pembelian makanan/minuman,3.0,DANA,"DANA, GoPay",2 tahun – kurang dari 3 tahun,Rp25.000 – Rp49.999,Rp500.000 – Rp999.999,Praktis dan cepat,Saat tidak membawa uang tunai,Sangat tidak memengaruhi,Tidak pernah,1.0,1.0,1.0,1.0,1.0,2.0,2.0,1.0,2.0,2.0,1.0,2.0,1.0,2.0,2.0,2.0,2.0,2.0,2.0,1.0,2.0,2.0,2.0,2.0,Top-up mudah dan murah,Kemudahan top-up,Tidak berniat,4.0,,1.0,1.5,1.75,1.75,1.75,2.0,2,False,3.0,21.0,5.0,1,4,4,2,4,1,1,2,4.0,2,Pengguna Positif Moderat/Selektif
91,"Ya, saya bersedia","Ya, saya memenuhi seluruh kriteria tersebut",Perempuan,21.0,Semester 6,Rp2.000.000 – Rp2.999.999,Universitas Hasanuddin,"Sering, 6–10 kali dalam seminggu",Pembelian makanan/minuman,3.0,GoPay,"DANA, GoPay, OVO, LinkAja",2 tahun – kurang dari 3 tahun,Rp25.000 – Rp49.999,Rp500.000 – Rp999.999,Banyak merchant yang menerima e-wallet,Saat membeli makanan/minuman,Memengaruhi,Sangat sering,5.0,4.0,5.0,4.0,5.0,5.0,4.0,5.0,4.0,5.0,5.0,4.0,4.0,4.0,4.0,5.0,4.0,5.0,5.0,5.0,4.0,5.0,5.0,5.0,Transfer gratis,Biaya admin,Berniat,5.0,,4.5,4.75,4.5,4.25,4.75,4.75,4,False,3.0,21.0,6.0,5,4,4,2,4,4,5,4,5.0,1,Pengguna Aktif Responsif Promo
92,"Ya, saya bersedia","Ya, saya memenuhi seluruh kriteria tersebut",Laki-Laki,20.0,Semester 3,Rp1.000.000 – Rp1.499.999,Universitas Gadjah Mada,"Sering, 6–10 kali dalam seminggu",Pembelian makanan/minuman,3.0,OVO,"DANA, GoPay, OVO, ShopeePay, LinkAja",2 tahun – kurang dari 3 tahun,Rp25.000 – Rp49.999,Rp500.000 – Rp999.999,Praktis dan cepat,Saat tidak membawa uang tunai,Sangat memengaruhi,Sering,5.0,4.0,5.0,5.0,5.0,4.0,4.0,5.0,4.0,5.0,4.0,5.0,4.0,5.0,5.0,4.0,5.0,5.0,4.0,5.0,5.0,4.0,5.0,5.0,Transfer gratis,Biaya admin,Berniat,4.0,,4.75,4.5,4.5,4.5,4.75,4.75,5,False,3.0,20.0,3.0,3,4,4,2,4,5,4,4,4.0,1,Pengguna Aktif Responsif Promo
93,"Ya, saya bersedia","Ya, saya memenuhi seluruh kriteria tersebut",Laki-Laki,18.0,Semester 1,Rp1.000.000 – Rp1.499.999,Universitas Islam Indonesia,"Cukup sering, 3–5 kali dalam seminggu",Pembelian makanan/minuman,2.0,OVO,"DANA, GoPay, ShopeePay",1 tahun – kurang dari 2 tahun,Rp25.000 – Rp49.999,Rp300.000 – Rp499.999,Banyak merchant yang menerima e-wallet,Saat membeli makanan/minuman,Sangat memengaruhi,Sangat sering,4.0,4.0,4.0,4.0,4.0,4.0,4.0,5.0,4.0,4.0,5.0,4.0,5.0,4.0,5.0,4.0,5.0,4.0,4.0,4.0,4.0,5.0,5.0,4.0,Cashback transaksi,Jumlah promo/cashback,Berniat,5.0,,4.0,4.25,4.25,4.5,4.25,4.5,3,False,2.0,18.0,1.0,3,3,3,2,3,5,5,4,5.0,1,Pengguna Aktif Responsif Promo
94,"Ya, saya bersedia","Ya, saya memenuhi seluruh kriteria tersebut",Laki-Laki,21.0,Semester 6,Kurang dari Rp500.000,Universitas Andalas,"Sangat sering, lebih dari 10 kali dalam seminggu",Pembelian makanan/minuman,4.0,GoPay,"DANA, GoPay, OVO, ShopeePay, LinkAja",3 tahun atau lebih,Rp25.000 – Rp49.999,Rp1.000.000 atau lebih,Praktis dan cepat,Saat ada promo/cashback,Memengaruhi,Sangat sering,4.0,4.0,4.0,5.0,5.0,4.0,5.0,4.0,5.0,5.0,4.0,5.0,5.0,4.0,5.0,5.0,5.0,5.0,4.0,4.0,5.0,5.0,5.0,4.0,Integrasi dengan aplikasi belanja/transportasi,Kecepatan transaksi,Berniat,5.0,,4.25,4.5,4.75,4.75,4.5,4.75,5,False,4.0,21.0,6.0,1,5,5,2,5,4,5,4,5.0,1,Pengguna Aktif Responsif Promo
95,"Ya, saya bersedia","Ya, saya memenuhi seluruh kriteria tersebut",Laki-Laki,24.0,Semester 9 atau lebih,Rp1.500.000 – Rp1.999.999,Universitas Gadjah Mada,"Sangat sering, lebih dari 10 kali dalam seminggu",Belanja online,4.0,ShopeePay,"DANA, GoPay, OVO, ShopeePay, LinkAja",3 tahun atau lebih,Rp50.000 – Rp99.999,Rp1.000.000 atau lebih,Banyak promo/cashback,Saat belanja online,Sangat memengaruhi,Sering,5.0,4.0,5.0,4.0,5.0,4.0,4.0,4.0,5.0,4.0,5.0,4.0,4.0,5.0,5.0,4.0,4.0,5.0,4.0,5.0,4.0,4.0,5.0,5.0,Promo makanan/minuman,Jumlah promo/cashback,Berniat,5.0,,4.5,4.25,4.5,4.5,4.5,4.5,5,False,4.0,24.0,9.0,4,5,5,3,5,5,4,4,5.0,1,Pengguna Aktif Responsif Promo
96,"Ya, saya bersedia","Ya, saya memenuhi seluruh kriteria tersebut",Laki-Laki,23.0,Semester 9 atau lebih,Rp500.000 – Rp999.999,Universitas Jember,"Sangat sering, lebih dari 10 kali dalam seminggu",Belanja online,4.0,ShopeePay,"GoPay, OVO, ShopeePay, LinkAja",3 tahun atau lebih,Rp100.000 – Rp199.999,Rp1.000.000 atau lebih,Mudah untuk belanja online,Saat belanja online,Memengaruhi,Sangat sering,4.0,4.0,4.0,5.0,4.0,4.0,5.0,4.0,4.0,5.0,4.0,4.0,5.0,5.0,4.0,4.0,4.0,4.0,4.0,4.0,5.0,4.0,4.0,4.0,Pembayaran transportasi,Jumlah merchant yang menerima e-wallet,Sangat berniat,4.0,,4.25,4.25,4.25,4.5,4.0,4.25,4,False,4.0,23.0,9.0,2,5,5,4,5,4,5,5,4.0,1,Pengguna Aktif Responsif Promo
97,"Ya, saya bersedia","Ya, saya memenuhi seluruh kriteria tersebut",Perempuan,23.0,Semester 9 atau lebih,Rp500.000 – Rp999.999,Universitas Negeri Semarang,"Sangat sering, lebih dari 10 kali dalam seminggu",Transfer ke teman / orang lain,5.0,DANA,"DANA, GoPay, OVO, ShopeePay, LinkAja",3 tahun atau lebih,Rp100.000 – Rp199.999,Rp1.000.000 atau lebih,Mudah untuk transfer uang,Saat transfer ke teman/keluarga,Sangat memengaruhi,Sangat sering,5.0,5.0,4.0,4.0,5.0,4.0,5.0,5.0,4.0,5.0,5.0,4.0,5.0,4.0,5.0,5.0,5.0,4.0,5.0,4.0,4.0,5.0,5.0,4.0,Promo makanan/minuman,Jumlah promo/cashback,Berniat,4.0,,4.5,4.75,4.5,4.75,4.5,4.5,5,False,5.0,23.0,9.0,2,5,5,4,5,5,5,4,4.0,1,Pengguna Aktif Responsif Promo
98,"Ya, saya bersedia","Ya, saya memenuhi seluruh kriteria tersebut",Laki-Laki,20.0,Semester 4,Kurang dari Rp500.000,Universitas Islam Negeri Walisongo,"Sangat sering, lebih dari 10 kali dalam seminggu",Transfer ke teman / orang lain,4.0,DANA,"DANA, GoPay, OVO, ShopeePay, LinkAja",3 tahun atau lebih,Rp100.000 – Rp199.999,Rp1.000.000 atau lebih,Mudah untuk transfer uang,Saat transfer ke teman/keluarga,Sangat memengaruhi,Sering,4.0,4.0,5.0,4.0,5.0,4.0,4.0,5.0,4.0,5.0,4.0,4.0,4.0,5.0,4.0,5.0,5.0,4.0,4.0,5.0,4.0,4.0,4.0,4.0,Transfer gratis,Biaya admin,Sangat berniat,4.0,,4.25,4.5,4.25,4.5,4.5,4.0,5,False,4.0,20.0,4.0,1,5,5,4,5,5,4,5,4.0,1,Pengguna Aktif Responsif Promo
99,"Ya, saya bersedia","Ya, saya memenuhi seluruh kriteria tersebut",Laki-Laki,22.0,Semester 8,Rp1.000.000 – Rp1.499.999,Universitas Wahid Hasyim,"Sering, 6–10 kali dalam seminggu",Pembelian makanan/minuman,3.0,GoPay,"DANA, OVO, ShopeePay, LinkAja",2 tahun – kurang dari 3 tahun,Rp25.000 – Rp49.999,Rp500.000 – Rp999.999,Praktis dan cepat,Saat membeli makanan/minuman,Memengaruhi,Sering,3.0,5.0,4.0,5.0,4.0,5.0,4.0,4.0,3.0,5.0,4.0,4.0,3.0,5.0,4.0,5.0,4.0,5.0,5.0,4.0,5.0,4.0,3.0,5.0,Pembayaran transportasi,Jumlah merchant yang menerima e-wallet,Berniat,5.0,,4.25,4.25,4.0,4.25,4.5,4.25,4,False,3.0,22.0,8.0,3,4,4,2,4,4,4,4,5.0,1,Pengguna Aktif Responsif Promo
100,"Ya, saya bersedia","Ya, saya memenuhi seluruh kriteria tersebut",Perempuan,19.0,Semester 2,Rp1.500.000 – Rp1.999.999,Universitas Islam Lamongan,"Jarang, 1–2 kali dalam seminggu",Belanja online,2.0,ShopeePay,"DANA, GoPay, OVO, ShopeePay, LinkAja",2 tahun – kurang dari 3 tahun,Rp50.000 – Rp99.999,Rp100.000 – Rp299.999,Mudah untuk belanja online,Saat ada promo/cashback,Tidak memengaruhi,Tidak pernah,1.0,1.0,2.0,1.0,2.0,1.0,4.0,4.0,4.0,4.0,4.0,5.0,4.0,5.0,4.0,5.0,4.0,5.0,4.0,4.0,5.0,5.0,4.0,4.0,Riwayat transaksi yang jelas,Perlindungan data pribadi,Berniat,5.0,,1.25,2.75,4.25,4.5,4.25,4.5,5,False,2.0,19.0,2.0,4,2,4,3,2,2,1,4,5.0,1,Pengguna Aktif Responsif Promo
101,"Ya, saya bersedia","Ya, saya memenuhi seluruh kriteria tersebut",Laki-Laki,20.0,Semester 4,Rp500.000 – Rp999.999,Universitas Kristen Petra,"Sering, 6–10 kali dalam seminggu",Pembelian makanan/minuman,3.0,OVO,"DANA, GoPay, OVO, ShopeePay, LinkAja",2 tahun – kurang dari 3 tahun,Rp25.000 – Rp49.999,Rp500.000 – Rp999.999,Praktis dan cepat,Saat tidak membawa uang tunai,Sangat memengaruhi,Sangat sering,4.0,5.0,4.0,4.0,4.0,5.0,4.0,5.0,4.0,4.0,4.0,5.0,4.0,4.0,5.0,5.0,5.0,4.0,5.0,4.0,4.0,4.0,5.0,5.0,Integrasi dengan aplikasi belanja/transportasi,Kecepatan transaksi,Berniat,4.0,,4.25,4.5,4.25,4.5,4.5,4.5,5,False,3.0,20.0,4.0,2,4,4,2,4,5,5,4,4.0,1,Pengguna Aktif Responsif Promo
102,"Ya, saya bersedia","Ya, saya memenuhi seluruh kriteria tersebut",Laki-Laki,20.0,Semester 5,Rp1.500.000 – Rp1.999.999,Universitas Negeri Semarang,"Jarang, 1–2 kali dalam seminggu",Pembelian makanan/minuman,2.0,GoPay,"DANA, GoPay, ShopeePay",1 tahun – kurang dari 2 tahun,Rp25.000 – Rp49.999,Rp100.000 – Rp299.999,Praktis dan cepat,Saat tidak membawa uang tunai,Memengaruhi,Sangat sering,5.0,4.0,5.0,4.0,5.0,4.0,5.0,4.0,4.0,5.0,4.0,5.0,4.0,5.0,4.0,4.0,4.0,5.0,4.0,5.0,4.0,4.0,5.0,4.0,Cashback transaksi,Jumlah promo/cashback,Sangat berniat,5.0,,4.5,4.5,4.5,4.25,4.5,4.25,3,False,2.0,20.0,5.0,4,2,3,2,2,4,5,5,5.0,1,Pengguna Aktif Responsif Promo
103,"Ya, saya bersedia","Ya, saya memenuhi seluruh kriteria tersebut",Perempuan,19.0,Semester 2,Kurang dari Rp500.000,Universitas Sebelas Maret,"Sering, 6–10 kali dalam seminggu",Belanja online,3.0,ShopeePay,"DANA, GoPay, OVO, ShopeePay",2 tahun – kurang dari 3 tahun,Rp50.000 – Rp99.999,Rp500.000 – Rp999.999,Mudah untuk belanja online,Saat belanja online,Sangat memengaruhi,Sangat sering,5.0,5.0,4.0,5.0,4.0,4.0,5.0,5.0,5.0,5.0,4.0,4.0,5.0,4.0,5.0,5.0,5.0,4.0,5.0,4.0,4.0,5.0,5.0,4.0,Transfer gratis,Biaya admin,Sangat berniat,4.0,,4.75,4.5,4.5,4.75,4.5,4.5,4,False,3.0,19.0,2.0,1,4,4,3,4,5,5,5,4.0,1,Pengguna Aktif Responsif Promo
104,"Ya, saya bersedia","Ya, saya memenuhi seluruh kriteria tersebut",Perempuan,22.0,Semester 8,Rp500.000 – Rp999.999,Universitas Muhammadiyah Malang,"Sangat sering, lebih dari 10 kali dalam seminggu",Belanja online,4.0,ShopeePay,"DANA, GoPay, OVO, ShopeePay, LinkAja",3 tahun atau lebih,Rp100.000 – Rp199.999,Rp1.000.000 atau lebih,Banyak promo/cashback,Saat belanja online,Memengaruhi,Sering,5.0,4.0,4.0,5.0,4.0,4.0,5.0,5.0,4.0,4.0,5.0,4.0,4.0,5.0,4.0,5.0,4.0,4.0,4.0,5.0,4.0,5.0,4.0,4.0,Promo makanan/minuman,Jumlah promo/cashback,Berniat,5.0,,4.5,4.5,4.25,4.5,4.25,4.25,5,False,4.0,22.0,8.0,2,5,5,4,5,4,4,4,5.0,1,Pengguna Aktif Responsif Promo
105,"Ya, saya bersedia","Ya, saya memenuhi seluruh kriteria tersebut",Laki-Laki,19.0,Semester 3,Rp1.500.000 – Rp1.999.999,Institut Teknologi Bandung,"Sangat sering, lebih dari 10 kali dalam seminggu",Transfer ke teman / orang lain,5.0,DANA,"DANA, GoPay, OVO, ShopeePay, LinkAja",3 tahun atau lebih,Rp100.000 – Rp199.999,Rp1.000.000 atau lebih,Mudah untuk transfer uang,Saat transfer ke teman/keluarga,Memengaruhi,Sering,4.0,4.0,5.0,5.0,4.0,4.0,5.0,4.0,4.0,4.0,5.0,5.0,5.0,4.0,5.0,4.0,4.0,5.0,4.0,5.0,5.0,4.0,5.0,4.0,Integrasi dengan aplikasi belanja/transportasi,Kecepatan transaksi,Berniat,4.0,,4.5,4.25,4.5,4.5,4.5,4.5,5,False,5.0,19.0,3.0,4,5,5,4,5,4,4,4,4.0,1,Pengguna Aktif Responsif Promo
106,"Ya, saya bersedia","Ya, saya memenuhi seluruh kriteria tersebut",Laki-Laki,21.0,Semester 7,Rp1.500.000 – Rp1.999.999,Universitas Hasanuddin,"Jarang, 1–2 kali dalam seminggu",Pembelian pulsa / paket data,2.0,ShopeePay,LinkAja,6 bulan – kurang dari 1 tahun,Rp25.000 – Rp49.999,Rp100.000 – Rp299.999,Tidak perlu membawa uang tunai,Saat melakukan pembayaran rutin,Memengaruhi,Sering,4.0,5.0,4.0,4.0,5.0,5.0,4.0,4.0,5.0,4.0,4.0,4.0,5.0,4.0,4.0,5.0,4.0,5.0,5.0,4.0,4.0,5.0,4.0,5.0,Cashback transaksi,Jumlah promo/cashback,Sangat berniat,4.0,,4.25,4.5,4.25,4.5,4.5,4.5,1,False,2.0,21.0,7.0,4,2,2,2,2,4,4,5,4.0,1,Pengguna Aktif Responsif Promo
107,"Ya, saya bersedia","Ya, saya memenuhi seluruh kriteria tersebut",Laki-Laki,23.0,Semester 9 atau lebih,Rp1.000.000 – Rp1.499.999,Universitas Islam Negeri Sumatera Utara,"Sering, 6–10 kali dalam seminggu",Belanja online,3.0,ShopeePay,"DANA, ShopeePay, LinkAja",2 tahun – kurang dari 3 tahun,Rp50.000 – Rp99.999,Rp500.000 – Rp999.999,Mudah untuk belanja online,Saat belanja online,Sangat memengaruhi,Sering,5.0,4.0,5.0,4.0,4.0,5.0,5.0,5.0,4.0,5.0,5.0,4.0,5.0,4.0,5.0,4.0,5.0,4.0,4.0,4.0,4.0,5.0,4.0,5.0,Integrasi dengan aplikasi belanja/transportasi,Kecepatan transaksi,Berniat,5.0,,4.5,4.75,4.5,4.5,4.25,4.5,3,False,3.0,23.0,9.0,3,4,4,3,4,5,4,4,5.0,1,Pengguna Aktif Responsif Promo
108,"Ya, saya bersedia","Ya, saya memenuhi seluruh kriteria tersebut",Perempuan,19.0,Semester 1,Rp3.000.000 atau lebih,Universitas Indonesia,"Sangat jarang, kurang dari 1 kali dalam seminggu",Pembayaran tagihan,1.0,DANA,DANA,6 bulan – kurang dari 1 tahun,Rp100.000 – Rp199.999,Kurang dari Rp100.000,Mudah untuk transfer uang,Saat melakukan pembayaran rutin,Memengaruhi,Sering,4.0,4.0,5.0,4.0,5.0,4.0,4.0,4.0,4.0,4.0,5.0,5.0,5.0,4.0,4.0,4.0,5.0,4.0,4.0,4.0,5.0,5.0,4.0,4.0,Riwayat transaksi yang jelas,Perlindungan data pribadi,Berniat,4.0,,4.25,4.25,4.5,4.25,4.25,4.5,1,False,1.0,19.0,1.0,6,1,2,4,1,4,4,4,4.0,1,Pengguna Aktif Responsif Promo
109,"Ya, saya bersedia","Ya, saya memenuhi seluruh kriteria tersebut",Perempuan,19.0,Semester 2,Rp1.000.000 – Rp1.499.999,Universitas Hasanuddin,"Sering, 6–10 kali dalam seminggu",Transportasi,3.0,GoPay,"DANA, OVO, ShopeePay",2 tahun – kurang dari 3 tahun,Rp25.000 – Rp49.999,Rp500.000 – Rp999.999,Tidak perlu membawa uang tunai,Saat tidak membawa uang tunai,Sangat memengaruhi,Sangat sering,5.0,5.0,5.0,5.0,5.0,5.0,5.0,4.0,5.0,5.0,5.0,5.0,4.0,4.0,4.0,4.0,4.0,5.0,4.0,5.0,5.0,5.0,5.0,4.0,Riwayat transaksi yang jelas,Perlindungan data pribadi,Sangat berniat,5.0,,5.0,4.75,5.0,4.0,4.5,4.75,3,False,3.0,19.0,2.0,3,4,4,2,4,5,5,5,5.0,1,Pengguna Aktif Responsif Promo
110,"Ya, saya bersedia","Ya, saya memenuhi seluruh kriteria tersebut",Perempuan,21.0,Semester 7,Rp1.000.000 – Rp1.499.999,Universitas Indonesia,"Sangat sering, lebih dari 10 kali dalam seminggu",Pembelian makanan/minuman,5.0,DANA,"DANA, GoPay, OVO, ShopeePay, LinkAja, iSaku, Sakuku",3 tahun atau lebih,Rp50.000 – Rp99.999,Rp1.000.000 atau lebih,Praktis dan cepat,Saat membeli makanan/minuman,Memengaruhi,Sering,5.0,4.0,4.0,5.0,4.0,5.0,4.0,5.0,5.0,4.0,4.0,5.0,5.0,4.0,4.0,4.0,4.0,5.0,4.0,4.0,4.0,4.0,4.0,5.0,Keamanan akun yang lebih kuat,Keamanan akun,Berniat,4.0,,4.5,4.5,4.5,4.25,4.25,4.25,7,False,5.0,21.0,7.0,3,5,5,3,5,4,4,4,4.0,1,Pengguna Aktif Responsif Promo
111,"Ya, saya bersedia","Ya, saya memenuhi seluruh kriteria tersebut",Laki-Laki,23.0,Semester 9 atau lebih,Rp1.000.000 – Rp1.499.999,Universitas Syiah Kuala,"Sangat jarang, kurang dari 1 kali dalam seminggu",Pembayaran tagihan,1.0,LinkAja,LinkAja,6 bulan – kurang dari 1 tahun,Rp100.000 – Rp199.999,Kurang dari Rp100.000,Tidak perlu membawa uang tunai,Saat melakukan pembayaran rutin,Sangat memengaruhi,Sering,5.0,4.0,4.0,5.0,4.0,5.0,5.0,4.0,5.0,4.0,5.0,5.0,4.0,4.0,4.0,5.0,4.0,4.0,5.0,4.0,5.0,4.0,4.0,5.0,Riwayat transaksi yang jelas,Perlindungan data pribadi,Berniat,4.0,,4.5,4.5,4.75,4.25,4.25,4.5,1,False,1.0,23.0,9.0,3,1,2,4,1,5,4,4,4.0,1,Pengguna Aktif Responsif Promo
112,"Ya, saya bersedia","Ya, saya memenuhi seluruh kriteria tersebut",Perempuan,20.0,Semester 3,Rp500.000 – Rp999.999,Universitas Sebelas Maret,"Sering, 6–10 kali dalam seminggu",Belanja online,3.0,ShopeePay,"DANA, OVO, ShopeePay",2 tahun – kurang dari 3 tahun,Rp50.000 – Rp99.999,Rp500.000 – Rp999.999,Mudah untuk belanja online,Saat belanja online,Memengaruhi,Sangat sering,4.0,4.0,4.0,5.0,4.0,5.0,4.0,5.0,4.0,5.0,5.0,4.0,4.0,5.0,4.0,4.0,5.0,4.0,5.0,4.0,4.0,4.0,5.0,4.0,Keamanan akun yang lebih kuat,Keamanan akun,Sangat berniat,4.0,,4.25,4.5,4.5,4.25,4.5,4.25,3,False,3.0,20.0,3.0,2,4,4,3,4,4,5,5,4.0,1,Pengguna Aktif Responsif Promo
113,"Ya, saya bersedia","Ya, saya memenuhi seluruh kriteria tersebut",Perempuan,22.0,Semester 8,Rp3.000.000 atau lebih,Universitas Hasanuddin,"Sangat sering, lebih dari 10 kali dalam seminggu",Pembelian makanan/minuman,4.0,GoPay,"DANA, GoPay, OVO, ShopeePay, LinkAja",3 tahun atau lebih,Rp25.000 – Rp49.999,Rp1.000.000 atau lebih,Praktis dan cepat,Saat ada promo/cashback,Memengaruhi,Sering,4.0,4.0,4.0,4.0,4.0,4.0,4.0,4.0,4.0,4.0,4.0,5.0,4.0,4.0,5.0,4.0,5.0,5.0,5.0,5.0,5.0,5.0,4.0,5.0,Keamanan akun yang lebih kuat,Keamanan akun,Sangat berniat,4.0,,4.0,4.0,4.25,4.25,5.0,4.75,5,False,4.0,22.0,8.0,6,5,5,2,5,4,4,5,4.0,1,Pengguna Aktif Responsif Promo
114,"Ya, saya bersedia","Ya, saya memenuhi seluruh kriteria tersebut",Perempuan,22.0,Semester 7,Rp3.000.000 atau lebih,Universitas Muhammadiyah Luwuk,"Cukup sering, 3–5 kali dalam seminggu",Transportasi,2.0,ShopeePay,"DANA, OVO, ShopeePay, LinkAja, iSaku",1 tahun – kurang dari 2 tahun,Rp25.000 – Rp49.999,Rp300.000 – Rp499.999,Banyak promo/cashback,Saat belanja online,Cukup memengaruhi,Sering,4.0,5.0,5.0,5.0,5.0,5.0,5.0,5.0,4.0,5.0,5.0,5.0,5.0,5.0,5.0,5.0,5.0,4.0,5.0,5.0,4.0,4.0,5.0,5.0,Keamanan akun yang lebih kuat,Keamanan akun,Sangat berniat,5.0,,4.75,5.0,4.75,5.0,4.75,4.5,5,False,2.0,22.0,7.0,6,3,3,2,3,3,4,5,5.0,1,Pengguna Aktif Responsif Promo
115,"Ya, saya bersedia","Ya, saya memenuhi seluruh kriteria tersebut",Laki-Laki,21.0,Semester 6,Rp1.000.000 – Rp1.499.999,Universitas Islam Indonesia,"Sering, 6–10 kali dalam seminggu",Pembelian makanan/minuman,3.0,GoPay,"DANA, GoPay, OVO",2 tahun – kurang dari 3 tahun,Rp25.000 – Rp49.999,Rp500.000 – Rp999.999,Praktis dan cepat,Saat membeli makanan/minuman,Sangat memengaruhi,Sering,5.0,4.0,5.0,4.0,4.0,5.0,5.0,5.0,5.0,4.0,4.0,5.0,5.0,4.0,4.0,5.0,4.0,5.0,4.0,4.0,4.0,5.0,4.0,4.0,Transfer gratis,Biaya admin,Sangat berniat,4.0,,4.5,4.75,4.5,4.5,4.25,4.25,3,False,3.0,21.0,6.0,3,4,4,2,4,5,4,5,4.0,1,Pengguna Aktif Responsif Promo
116,"Ya, saya bersedia","Ya, saya memenuhi seluruh kriteria tersebut",Laki-Laki,21.0,Semester 6,Rp1.500.000 – Rp1.999.999,Universitas Katolik Parahyangan,"Sering, 6–10 kali dalam seminggu",Belanja online,3.0,ShopeePay,"DANA, GoPay, OVO, ShopeePay",2 tahun – kurang dari 3 tahun,Rp50.000 – Rp99.999,Rp500.000 – Rp999.999,Mudah untuk belanja online,Saat belanja online,Memengaruhi,Sering,4.0,4.0,4.0,5.0,4.0,4.0,5.0,4.0,4.0,4.0,4.0,4.0,5.0,4.0,4.0,5.0,4.0,5.0,4.0,4.0,5.0,4.0,4.0,4.0,Transfer gratis,Biaya admin,Sangat berniat,4.0,,4.25,4.25,4.0,4.5,4.25,4.25,4,False,3.0,21.0,6.0,4,4,4,3,4,4,4,5,4.0,1,Pengguna Aktif Responsif Promo
117,"Ya, saya bersedia","Ya, saya memenuhi seluruh kriteria tersebut",Perempuan,23.0,Semester 9 atau lebih,Rp1.500.000 – Rp1.999.999,Universitas Sriwijaya,"Sering, 6–10 kali dalam seminggu",Pembelian makanan/minuman,3.0,GoPay,"DANA, GoPay, OVO",2 tahun – kurang dari 3 tahun,Rp25.000 – Rp49.999,Rp500.000 – Rp999.999,Praktis dan cepat,Saat membeli makanan/minuman,Sangat memengaruhi,Sering,5.0,5.0,5.0,4.0,5.0,5.0,5.0,4.0,4.0,5.0,4.0,5.0,4.0,4.0,4.0,5.0,5.0,4.0,5.0,4.0,5.0,4.0,5.0,4.0,Pembayaran transportasi,Jumlah merchant yang menerima e-wallet,Sangat berniat,5.0,,4.75,4.75,4.5,4.25,4.5,4.5,3,False,3.0,23.0,9.0,4,4,4,2,4,5,4,5,5.0,1,Pengguna Aktif Responsif Promo
118,"Ya, saya bersedia","Ya, saya memenuhi seluruh kriteria tersebut",Laki-Laki,21.0,Semester 6,Rp1.000.000 – Rp1.499.999,Universitas Islam Indonesia,"Jarang, 1–2 kali dalam seminggu",Pembelian pulsa / paket data,2.0,iSaku,"DANA, GoPay, OVO, ShopeePay, LinkAja, iSaku",6 bulan – kurang dari 1 tahun,Rp25.000 – Rp49.999,Rp100.000 – Rp299.999,Tidak perlu membawa uang tunai,Saat melakukan pembayaran rutin,Sangat memengaruhi,Sering,5.0,4.0,5.0,5.0,5.0,5.0,5.0,4.0,4.0,5.0,5.0,5.0,5.0,5.0,4.0,4.0,5.0,5.0,5.0,5.0,5.0,5.0,5.0,5.0,Riwayat transaksi yang jelas,Perlindungan data pribadi,Sangat berniat,4.0,,4.75,4.75,4.75,4.5,5.0,5.0,6,False,2.0,21.0,6.0,3,2,2,2,2,5,4,5,4.0,1,Pengguna Aktif Responsif Promo
119,"Ya, saya bersedia","Ya, saya memenuhi seluruh kriteria tersebut",Perempuan,21.0,Semester 6,Rp3.000.000 atau lebih,Universitas Jambi,"Sangat sering, lebih dari 10 kali dalam seminggu",Pembelian makanan/minuman,5.0,DANA,"GoPay, OVO, ShopeePay",3 tahun atau lebih,Rp50.000 – Rp99.999,Rp1.000.000 atau lebih,Praktis dan cepat,Saat ada promo/cashback,Memengaruhi,Sering,5.0,3.0,5.0,4.0,5.0,5.0,3.0,3.0,3.0,5.0,4.0,5.0,4.0,4.0,5.0,5.0,5.0,3.0,4.0,4.0,5.0,4.0,5.0,5.0,Promo makanan/minuman,Jumlah promo/cashback,Berniat,4.0,,4.25,4.0,4.25,4.5,4.0,4.75,3,False,5.0,21.0,6.0,6,5,5,3,5,4,4,4,4.0,1,Pengguna Aktif Responsif Promo
120,"Ya, saya bersedia","Ya, saya memenuhi seluruh kriteria tersebut",Perempuan,20.0,Semester 3,Kurang dari Rp500.000,Universitas Muria Kudus,"Sering, 6–10 kali dalam seminggu",Pembelian makanan/minuman,3.0,DANA,"DANA, GoPay",2 tahun – kurang dari 3 tahun,Rp25.000 – Rp49.999,Rp500.000 – Rp999.999,Praktis dan cepat,Saat membeli makanan/minuman,Memengaruhi,Sering,4.0,4.0,4.0,4.0,4.0,4.0,4.0,4.0,4.0,4.0,4.0,4.0,5.0,4.0,4.0,5.0,4.0,5.0,5.0,5.0,5.0,5.0,5.0,4.0,Top-up mudah dan murah,Kemudahan top-up,Sangat berniat,5.0,,4.0,4.0,4.0,4.5,4.75,4.75,2,False,3.0,20.0,3.0,1,4,4,2,4,4,4,5,5.0,1,Pengguna Aktif Responsif Promo
121,"Ya, saya bersedia","Ya, saya memenuhi seluruh kriteria tersebut",Perempuan,20.0,Semester 3,Kurang dari Rp500.000,Universitas Negeri Yogyakarta,"Cukup sering, 3–5 kali dalam seminggu",Belanja online,2.0,ShopeePay,"GoPay, OVO, ShopeePay",1 tahun – kurang dari 2 tahun,Rp50.000 – Rp99.999,Rp300.000 – Rp499.999,Mudah untuk belanja online,Saat ada promo/cashback,Sangat memengaruhi,Sering,4.0,5.0,4.0,5.0,4.0,5.0,4.0,4.0,4.0,4.0,5.0,5.0,4.0,5.0,5.0,5.0,5.0,4.0,5.0,5.0,5.0,5.0,4.0,5.0,Transfer gratis,Biaya admin,Sangat berniat,5.0,,4.5,4.25,4.5,4.75,4.75,4.75,3,False,2.0,20.0,3.0,1,3,3,3,3,5,4,5,5.0,1,Pengguna Aktif Responsif Promo
122,"Ya, saya bersedia","Ya, saya memenuhi seluruh kriteria tersebut",Perempuan,21.0,Semester 5,Kurang dari Rp500.000,Universitas PGRI Semarang,"Sering, 6–10 kali dalam seminggu",Pembelian makanan/minuman,3.0,DANA,"DANA, GoPay, OVO, ShopeePay, LinkAja",2 tahun – kurang dari 3 tahun,Rp25.000 – Rp49.999,Rp500.000 – Rp999.999,Praktis dan cepat,Saat tidak membawa uang tunai,Sangat memengaruhi,Sering,4.0,4.0,4.0,4.0,4.0,4.0,4.0,4.0,4.0,4.0,4.0,4.0,4.0,4.0,4.0,4.0,4.0,4.0,4.0,4.0,4.0,4.0,4.0,4.0,Top-up mudah dan murah,Kemudahan top-up,Berniat,4.0,,4.0,4.0,4.0,4.0,4.0,4.0,5,False,3.0,21.0,5.0,1,4,4,2,4,5,4,4,4.0,1,Pengguna Aktif Responsif Promo
123,"Ya, saya bersedia","Ya, saya memenuhi seluruh kriteria tersebut",Perempuan,21.0,Semester 5,Rp1.000.000 – Rp1.499.999,Universitas Islam Negeri Sumatera Utara,"Cukup sering, 3–5 kali dalam seminggu",Pembelian makanan/minuman,2.0,GoPay,"LinkAja, iSaku",1 tahun – kurang dari 2 tahun,Rp25.000 – Rp49.999,Rp300.000 – Rp499.999,Praktis dan cepat,Saat membeli makanan/minuman,Sangat memengaruhi,Sering,4.0,4.0,4.0,4.0,5.0,4.0,5.0,5.0,4.0,4.0,5.0,5.0,5.0,4.0,4.0,4.0,5.0,4.0,4.0,4.0,4.0,4.0,4.0,4.0,Integrasi dengan aplikasi belanja/transportasi,Kecepatan transaksi,Berniat,5.0,,4.0,4.75,4.5,4.25,4.25,4.0,2,False,2.0,21.0,5.0,3,3,3,2,3,5,4,4,5.0,1,Pengguna Aktif Responsif Promo
124,"Ya, saya bersedia","Ya, saya memenuhi seluruh kriteria tersebut",Perempuan,22.0,Semester 8,Rp500.000 – Rp999.999,Institut Teknologi Bandung,"Sering, 6–10 kali dalam seminggu",Pembelian makanan/minuman,3.0,DANA,"DANA, GoPay, OVO",2 tahun – kurang dari 3 tahun,Rp25.000 – Rp49.999,Rp500.000 – Rp999.999,Praktis dan cepat,Saat membeli makanan/minuman,Sangat memengaruhi,Sangat sering,5.0,4.0,5.0,4.0,4.0,5.0,4.0,5.0,5.0,4.0,5.0,5.0,4.0,4.0,5.0,5.0,5.0,4.0,5.0,4.0,4.0,5.0,5.0,5.0,Top-up mudah dan murah,Kemudahan top-up,Sangat berniat,4.0,,4.5,4.5,4.75,4.5,4.5,4.75,3,False,3.0,22.0,8.0,2,4,4,2,4,5,5,5,4.0,1,Pengguna Aktif Responsif Promo
125,"Ya, saya bersedia","Ya, saya memenuhi seluruh kriteria tersebut",Laki-Laki,20.0,Semester 3,Rp500.000 – Rp999.999,Universitas Brawijaya,"Cukup sering, 3–5 kali dalam seminggu",Transfer ke teman / orang lain,2.0,DANA,"DANA, LinkAja",1 tahun – kurang dari 2 tahun,Rp100.000 – Rp199.999,Rp300.000 – Rp499.999,Mudah untuk transfer uang,Saat transfer ke teman/keluarga,Memengaruhi,Sering,4.0,4.0,4.0,4.0,4.0,4.0,5.0,4.0,4.0,4.0,5.0,4.0,4.0,5.0,5.0,4.0,5.0,5.0,5.0,5.0,4.0,5.0,4.0,5.0,Pembayaran transportasi,Jumlah merchant yang menerima e-wallet,Berniat,5.0,,4.0,4.25,4.25,4.5,5.0,4.5,2,False,2.0,20.0,3.0,2,3,3,4,3,4,4,4,5.0,1,Pengguna Aktif Responsif Promo
126,"Ya, saya bersedia","Ya, saya memenuhi seluruh kriteria tersebut",Laki-Laki,18.0,Semester 1,Rp1.000.000 – Rp1.499.999,Universitas Mercu Buana,"Sangat jarang, kurang dari 1 kali dalam seminggu",Pembayaran tagihan,1.0,DANA,DANA,6 bulan – kurang dari 1 tahun,Rp100.000 – Rp199.999,Kurang dari Rp100.000,Mudah untuk transfer uang,Saat melakukan pembayaran rutin,Memengaruhi,Sering,5.0,4.0,5.0,4.0,4.0,4.0,5.0,4.0,5.0,4.0,5.0,4.0,5.0,4.0,4.0,5.0,4.0,4.0,5.0,4.0,4.0,4.0,5.0,4.0,Integrasi dengan aplikasi belanja/transportasi,Kecepatan transaksi,Sangat berniat,4.0,,4.5,4.25,4.5,4.5,4.25,4.25,1,False,1.0,18.0,1.0,3,1,2,4,1,4,4,5,4.0,1,Pengguna Aktif Responsif Promo
127,"Ya, saya bersedia","Ya, saya memenuhi seluruh kriteria tersebut",Laki-Laki,22.0,Semester 8,Rp2.000.000 – Rp2.999.999,Universitas Telkom,"Sering, 6–10 kali dalam seminggu",Pembelian makanan/minuman,3.0,DANA,"DANA, GoPay, ShopeePay",2 tahun – kurang dari 3 tahun,Rp25.000 – Rp49.999,Rp500.000 – Rp999.999,Praktis dan cepat,Saat membeli makanan/minuman,Memengaruhi,Sering,5.0,4.0,4.0,4.0,4.0,5.0,4.0,4.0,4.0,4.0,4.0,5.0,4.0,5.0,4.0,5.0,4.0,5.0,4.0,4.0,5.0,5.0,4.0,4.0,Transfer gratis,Biaya admin,Berniat,5.0,,4.25,4.25,4.25,4.5,4.25,4.5,3,False,3.0,22.0,8.0,5,4,4,2,4,4,4,4,5.0,1,Pengguna Aktif Responsif Promo
128,"Ya, saya bersedia","Ya, saya memenuhi seluruh kriteria tersebut",Perempuan,22.0,Semester 8,Kurang dari Rp500.000,Universitas Sultan Ageng Tirtayasa,"Sangat sering, lebih dari 10 kali dalam seminggu",Pembelian makanan/minuman,4.0,GoPay,"DANA, GoPay, OVO, ShopeePay, LinkAja",3 tahun atau lebih,Rp25.000 – Rp49.999,Rp1.000.000 atau lebih,Praktis dan cepat,Saat ada promo/cashback,Sangat memengaruhi,Sering,5.0,4.0,3.0,5.0,4.0,4.0,5.0,4.0,5.0,5.0,3.0,5.0,5.0,4.0,5.0,4.0,3.0,5.0,3.0,4.0,4.0,3.0,5.0,4.0,Transfer gratis,Biaya admin,Ragu-ragu,5.0,,4.25,4.25,4.5,4.5,3.75,4.0,5,False,4.0,22.0,8.0,1,5,5,2,5,5,4,3,5.0,1,Pengguna Aktif Responsif Promo
129,"Ya, saya bersedia","Ya, saya memenuhi seluruh kriteria tersebut",Laki-Laki,20.0,Semester 4,Kurang dari Rp500.000,Universitas Sanata Dharma,"Sangat sering, lebih dari 10 kali dalam seminggu",Transfer ke teman / orang lain,4.0,DANA,"DANA, GoPay, OVO, ShopeePay, LinkAja, iSaku",3 tahun atau lebih,Rp100.000 – Rp199.999,Rp1.000.000 atau lebih,Mudah untuk transfer uang,Saat transfer ke teman/keluarga,Memengaruhi,Sangat sering,4.0,4.0,4.0,5.0,4.0,5.0,4.0,4.0,5.0,4.0,5.0,4.0,4.0,4.0,5.0,4.0,5.0,5.0,4.0,4.0,5.0,4.0,4.0,4.0,Transfer gratis,Biaya admin,Berniat,5.0,,4.25,4.25,4.5,4.25,4.5,4.25,6,False,4.0,20.0,4.0,1,5,5,4,5,4,5,4,5.0,1,Pengguna Aktif Responsif Promo
130,"Ya, saya bersedia","Ya, saya memenuhi seluruh kriteria tersebut",Perempuan,18.0,Semester 1,Kurang dari Rp500.000,Universitas Sumatera Utara,"Sering, 6–10 kali dalam seminggu",Pembelian makanan/minuman,3.0,DANA,"DANA, GoPay, OVO, ShopeePay",2 tahun – kurang dari 3 tahun,Rp50.000 – Rp99.999,Rp500.000 – Rp999.999,Banyak merchant yang menerima e-wallet,Saat membeli makanan/minuman,Memengaruhi,Sering,4.0,4.0,4.0,4.0,5.0,5.0,4.0,5.0,5.0,4.0,4.0,5.0,4.0,4.0,5.0,4.0,4.0,5.0,4.0,4.0,5.0,5.0,5.0,4.0,Top-up mudah dan murah,Kemudahan top-up,Sangat berniat,4.0,,4.0,4.75,4.5,4.25,4.25,4.75,4,False,3.0,18.0,1.0,1,4,4,3,4,4,4,5,4.0,1,Pengguna Aktif Responsif Promo
131,"Ya, saya bersedia","Ya, saya memenuhi seluruh kriteria tersebut",Perempuan,18.0,Semester 2,Rp3.000.000 atau lebih,Universitas Syiah Kuala,"Cukup sering, 3–5 kali dalam seminggu",Belanja online,2.0,ShopeePay,"DANA, OVO, ShopeePay",1 tahun – kurang dari 2 tahun,Rp50.000 – Rp99.999,Rp300.000 – Rp499.999,Mudah untuk belanja online,Saat belanja online,Sangat memengaruhi,Sering,5.0,4.0,4.0,4.0,5.0,5.0,4.0,5.0,4.0,4.0,4.0,4.0,5.0,4.0,4.0,5.0,4.0,4.0,4.0,4.0,5.0,5.0,4.0,4.0,Keamanan akun yang lebih kuat,Keamanan akun,Berniat,4.0,,4.25,4.75,4.0,4.5,4.0,4.5,3,False,2.0,18.0,2.0,6,3,3,3,3,5,4,4,4.0,1,Pengguna Aktif Responsif Promo
132,"Ya, saya bersedia","Ya, saya memenuhi seluruh kriteria tersebut",Perempuan,19.0,Semester 1,Rp2.000.000 – Rp2.999.999,Universitas Esa Unggul,"Cukup sering, 3–5 kali dalam seminggu",Belanja online,2.0,ShopeePay,DANA,1 tahun – kurang dari 2 tahun,Rp50.000 – Rp99.999,Rp300.000 – Rp499.999,Mudah untuk belanja online,Saat belanja online,Memengaruhi,Sering,4.0,5.0,4.0,4.0,5.0,5.0,4.0,5.0,5.0,5.0,4.0,4.0,5.0,5.0,4.0,5.0,4.0,4.0,5.0,4.0,4.0,5.0,4.0,4.0,Pembayaran transportasi,Jumlah merchant yang menerima e-wallet,Berniat,5.0,,4.25,4.75,4.5,4.75,4.25,4.25,1,False,2.0,19.0,1.0,5,3,3,3,3,4,4,4,5.0,1,Pengguna Aktif Responsif Promo
133,"Ya, saya bersedia","Ya, saya memenuhi seluruh kriteria tersebut",Perempuan,19.0,Semester 1,Rp1.500.000 – Rp1.999.999,Universitas Negeri Manado,"Sangat sering, lebih dari 10 kali dalam seminggu",Pembelian makanan/minuman,4.0,GoPay,"DANA, GoPay, LinkAja",3 tahun atau lebih,Rp25.000 – Rp49.999,Rp1.000.000 atau lebih,Praktis dan cepat,Saat ada promo/cashback,Sangat memengaruhi,Sangat sering,5.0,5.0,5.0,5.0,5.0,5.0,4.0,4.0,5.0,4.0,5.0,5.0,4.0,4.0,4.0,4.0,5.0,5.0,4.0,4.0,4.0,4.0,5.0,5.0,Transfer gratis,Biaya admin,Berniat,4.0,,5.0,4.5,4.75,4.0,4.5,4.5,3,False,4.0,19.0,1.0,4,5,5,2,5,5,5,4,4.0,1,Pengguna Aktif Responsif Promo
134,"Ya, saya bersedia","Ya, saya memenuhi seluruh kriteria tersebut",Laki-Laki,21.0,Semester 5,Rp1.000.000 – Rp1.499.999,Universitas Islam Bandung,"Sangat sering, lebih dari 10 kali dalam seminggu",Transfer ke teman / orang lain,5.0,DANA,"DANA, GoPay, OVO, ShopeePay, LinkAja",3 tahun atau lebih,Rp100.000 – Rp199.999,Rp1.000.000 atau lebih,Mudah untuk transfer uang,Saat transfer ke teman/keluarga,Memengaruhi,Sering,4.0,4.0,4.0,4.0,4.0,4.0,4.0,5.0,4.0,5.0,5.0,4.0,4.0,5.0,5.0,4.0,5.0,5.0,4.0,5.0,4.0,5.0,5.0,4.0,Integrasi dengan aplikasi belanja/transportasi,Kecepatan transaksi,Sangat berniat,5.0,,4.0,4.25,4.5,4.5,4.75,4.5,5,False,5.0,21.0,5.0,3,5,5,4,5,4,4,5,5.0,1,Pengguna Aktif Responsif Promo
135,"Ya, saya bersedia","Ya, saya memenuhi seluruh kriteria tersebut",Perempuan,18.0,Semester 2,Rp1.000.000 – Rp1.499.999,Universitas Jenderal Soedirman,"Sangat sering, lebih dari 10 kali dalam seminggu",Belanja online,4.0,ShopeePay,"DANA, GoPay, OVO, ShopeePay, LinkAja",3 tahun atau lebih,Rp100.000 – Rp199.999,Rp1.000.000 atau lebih,Banyak promo/cashback,Saat belanja online,Sangat tidak memengaruhi,Jarang,2.0,2.0,1.0,1.0,2.0,1.0,1.0,1.0,3.0,3.0,1.0,1.0,3.0,2.0,2.0,1.0,1.0,1.0,2.0,2.0,1.0,1.0,2.0,2.0,Promo makanan/minuman,Jumlah promo/cashback,Tidak berniat,2.0,,1.5,1.25,2.0,2.0,1.5,1.5,5,False,4.0,18.0,2.0,3,5,5,4,5,1,2,2,2.0,2,Pengguna Positif Moderat/Selektif
136,"Ya, saya bersedia","Ya, saya memenuhi seluruh kriteria tersebut",Laki-Laki,18.0,Semester 1,Rp1.000.000 – Rp1.499.999,Universitas Islam Negeri Sunan Ampel,"Sangat sering, lebih dari 10 kali dalam seminggu",Belanja online,4.0,ShopeePay,"DANA, GoPay, ShopeePay",3 tahun atau lebih,Rp100.000 – Rp199.999,Rp1.000.000 atau lebih,Mudah untuk belanja online,Saat belanja online,Memengaruhi,Sering,5.0,4.0,4.0,4.0,5.0,4.0,5.0,5.0,3.0,4.0,4.0,5.0,5.0,4.0,5.0,4.0,4.0,4.0,5.0,3.0,4.0,5.0,3.0,4.0,Transfer gratis,Biaya admin,Sangat berniat,5.0,,4.25,4.75,4.0,4.5,4.0,4.0,3,False,4.0,18.0,1.0,3,5,5,4,5,4,4,5,5.0,1,Pengguna Aktif Responsif Promo
137,"Ya, saya bersedia","Ya, saya memenuhi seluruh kriteria tersebut",Laki-Laki,19.0,Semester 2,Kurang dari Rp500.000,Universitas Islam Nusantara,"Sangat sering, lebih dari 10 kali dalam seminggu",Belanja online,4.0,ShopeePay,"DANA, GoPay, OVO",3 tahun atau lebih,Rp50.000 – Rp99.999,Rp1.000.000 atau lebih,Banyak promo/cashback,Saat belanja online,Memengaruhi,Sering,5.0,4.0,5.0,5.0,3.0,4.0,5.0,4.0,5.0,5.0,3.0,4.0,5.0,3.0,4.0,3.0,3.0,5.0,4.0,4.0,5.0,4.0,5.0,5.0,Transfer gratis,Biaya admin,Ragu-ragu,4.0,,4.75,4.0,4.25,3.75,4.0,4.75,3,False,4.0,19.0,2.0,1,5,5,3,5,4,4,3,4.0,1,Pengguna Aktif Responsif Promo
138,"Ya, saya bersedia","Ya, saya memenuhi seluruh kriteria tersebut",Perempuan,20.0,Semester 4,Rp2.000.000 – Rp2.999.999,Universitas Syiah Kuala,"Sering, 6–10 kali dalam seminggu",Belanja online,3.0,ShopeePay,"DANA, ShopeePay, LinkAja",2 tahun – kurang dari 3 tahun,Rp50.000 – Rp99.999,Rp500.000 – Rp999.999,Banyak promo/cashback,Saat belanja online,Sangat memengaruhi,Sangat sering,5.0,5.0,4.0,5.0,4.0,5.0,4.0,5.0,5.0,5.0,5.0,4.0,5.0,5.0,4.0,4.0,5.0,4.0,5.0,5.0,4.0,5.0,5.0,5.0,Top-up mudah dan murah,Kemudahan top-up,Berniat,4.0,,4.75,4.5,4.75,4.5,4.75,4.75,3,False,3.0,20.0,4.0,5,4,4,3,4,5,5,4,4.0,1,Pengguna Aktif Responsif Promo
139,"Ya, saya bersedia","Ya, saya memenuhi seluruh kriteria tersebut",Laki-Laki,19.0,Semester 2,Rp500.000 – Rp999.999,Universitas Pasundan,"Jarang, 1–2 kali dalam seminggu",Belanja online,2.0,ShopeePay,"OVO, ShopeePay",2 tahun – kurang dari 3 tahun,Rp50.000 – Rp99.999,Rp100.000 – Rp299.999,Mudah untuk belanja online,Saat ada promo/cashback,Memengaruhi,Sangat sering,5.0,5.0,5.0,5.0,5.0,5.0,5.0,4.0,5.0,5.0,4.0,5.0,5.0,4.0,5.0,5.0,5.0,5.0,4.0,5.0,5.0,4.0,5.0,5.0,Promo makanan/minuman,Jumlah promo/cashback,Berniat,5.0,,5.0,4.75,4.75,4.75,4.75,4.75,2,False,2.0,19.0,2.0,2,2,4,3,2,4,5,4,5.0,1,Pengguna Aktif Responsif Promo
140,"Ya, saya bersedia","Ya, saya memenuhi seluruh kriteria tersebut",Laki-Laki,21.0,Semester 7,Rp1.000.000 – Rp1.499.999,Universitas Sebelas Maret,"Sangat sering, lebih dari 10 kali dalam seminggu",Pembelian makanan/minuman,5.0,DANA,"DANA, GoPay, OVO, ShopeePay, LinkAja, Sakuku",3 tahun atau lebih,Rp50.000 – Rp99.999,Rp1.000.000 atau lebih,Praktis dan cepat,Saat membeli makanan/minuman,Memengaruhi,Sering,4.0,5.0,4.0,4.0,5.0,4.0,5.0,4.0,5.0,5.0,4.0,4.0,5.0,5.0,4.0,4.0,4.0,4.0,5.0,4.0,4.0,4.0,4.0,4.0,Keamanan akun yang lebih kuat,Keamanan akun,Sangat berniat,4.0,,4.25,4.5,4.5,4.5,4.25,4.0,6,False,5.0,21.0,7.0,3,5,5,3,5,4,4,5,4.0,1,Pengguna Aktif Responsif Promo
141,"Ya, saya bersedia","Ya, saya memenuhi seluruh kriteria tersebut",Perempuan,22.0,Semester 9 atau lebih,Rp1.500.000 – Rp1.999.999,Universitas Gadjah Mada,"Jarang, 1–2 kali dalam seminggu",Pembelian pulsa / paket data,2.0,ShopeePay,"GoPay, OVO, ShopeePay",6 bulan – kurang dari 1 tahun,Rp25.000 – Rp49.999,Rp100.000 – Rp299.999,Tidak perlu membawa uang tunai,Saat melakukan pembayaran rutin,Sangat memengaruhi,Sangat sering,4.0,4.0,5.0,4.0,5.0,4.0,5.0,5.0,4.0,5.0,4.0,5.0,4.0,5.0,4.0,5.0,4.0,4.0,5.0,5.0,5.0,4.0,5.0,4.0,Top-up mudah dan murah,Kemudahan top-up,Sangat berniat,4.0,,4.25,4.75,4.5,4.5,4.5,4.5,3,False,2.0,22.0,9.0,4,2,2,2,2,5,5,5,4.0,1,Pengguna Aktif Responsif Promo
142,"Ya, saya bersedia","Ya, saya memenuhi seluruh kriteria tersebut",Perempuan,19.0,Semester 2,Rp2.000.000 – Rp2.999.999,Universitas Islam Negeri Sumatera Utara,"Sangat sering, lebih dari 10 kali dalam seminggu",Transfer ke teman / orang lain,5.0,DANA,"DANA, GoPay, OVO, ShopeePay, LinkAja",3 tahun atau lebih,Rp100.000 – Rp199.999,Rp1.000.000 atau lebih,Mudah untuk transfer uang,Saat transfer ke teman/keluarga,Memengaruhi,Sering,5.0,5.0,4.0,4.0,4.0,5.0,5.0,5.0,4.0,4.0,4.0,4.0,4.0,4.0,5.0,4.0,4.0,4.0,4.0,4.0,5.0,5.0,4.0,4.0,Transfer gratis,Biaya admin,Berniat,4.0,,4.5,4.75,4.0,4.25,4.0,4.5,5,False,5.0,19.0,2.0,5,5,5,4,5,4,4,4,4.0,1,Pengguna Aktif Responsif Promo
143,"Ya, saya bersedia","Ya, saya memenuhi seluruh kriteria tersebut",Laki-Laki,20.0,Semester 3,Rp500.000 – Rp999.999,Universitas Sumatera Utara,"Sering, 6–10 kali dalam seminggu",Transfer ke teman / orang lain,3.0,OVO,"DANA, GoPay, OVO, ShopeePay, LinkAja",2 tahun – kurang dari 3 tahun,Rp100.000 – Rp199.999,Rp500.000 – Rp999.999,Mudah untuk transfer uang,Saat transfer ke teman/keluarga,Tidak memengaruhi,Tidak pernah,1.0,1.0,2.0,1.0,2.0,1.0,2.0,1.0,3.0,2.0,3.0,2.0,1.0,2.0,2.0,1.0,2.0,1.0,1.0,2.0,2.0,1.0,2.0,1.0,Integrasi dengan aplikasi belanja/transportasi,Kecepatan transaksi,Tidak berniat,2.0,,1.25,1.5,2.5,1.5,1.5,1.5,5,False,3.0,20.0,3.0,2,4,4,4,4,2,1,2,2.0,2,Pengguna Positif Moderat/Selektif
144,"Ya, saya bersedia","Ya, saya memenuhi seluruh kriteria tersebut",Perempuan,21.0,Semester 7,Rp1.500.000 – Rp1.999.999,Universitas Padjadjaran,"Jarang, 1–2 kali dalam seminggu",Pembelian pulsa / paket data,2.0,ShopeePay,ShopeePay,6 bulan – kurang dari 1 tahun,Rp25.000 – Rp49.999,Rp100.000 – Rp299.999,Tidak perlu membawa uang tunai,Saat melakukan pembayaran rutin,Sangat memengaruhi,Sering,4.0,4.0,5.0,4.0,4.0,5.0,5.0,4.0,4.0,5.0,4.0,4.0,4.0,5.0,4.0,4.0,5.0,4.0,5.0,5.0,4.0,4.0,5.0,4.0,Cashback transaksi,Jumlah promo/cashback,Sangat berniat,5.0,,4.25,4.5,4.25,4.25,4.75,4.25,1,False,2.0,21.0,7.0,4,2,2,2,2,5,4,5,5.0,1,Pengguna Aktif Responsif Promo
145,"Ya, saya bersedia","Ya, saya memenuhi seluruh kriteria tersebut",Perempuan,21.0,Semester 7,Kurang dari Rp500.000,Universitas Diponegoro,"Sering, 6–10 kali dalam seminggu",Pembelian makanan/minuman,3.0,DANA,"DANA, GoPay, ShopeePay",2 tahun – kurang dari 3 tahun,Rp25.000 – Rp49.999,Rp500.000 – Rp999.999,Praktis dan cepat,Saat membeli makanan/minuman,Memengaruhi,Sering,5.0,4.0,4.0,4.0,5.0,5.0,4.0,5.0,5.0,4.0,5.0,4.0,4.0,5.0,4.0,5.0,4.0,5.0,5.0,4.0,4.0,4.0,5.0,5.0,Promo makanan/minuman,Jumlah promo/cashback,Berniat,5.0,,4.25,4.75,4.5,4.5,4.5,4.5,3,False,3.0,21.0,7.0,1,4,4,2,4,4,4,4,5.0,1,Pengguna Aktif Responsif Promo
146,"Ya, saya bersedia","Ya, saya memenuhi seluruh kriteria tersebut",Perempuan,18.0,Semester 1,Rp500.000 – Rp999.999,Universitas Islam Negeri Sumatera Utara,"Cukup sering, 3–5 kali dalam seminggu",Pembelian makanan/minuman,2.0,OVO,"GoPay, OVO, ShopeePay",1 tahun – kurang dari 2 tahun,Rp25.000 – Rp49.999,Rp300.000 – Rp499.999,Banyak merchant yang menerima e-wallet,Saat membeli makanan/minuman,Memengaruhi,Sering,2.0,5.0,4.0,5.0,4.0,4.0,4.0,4.0,4.0,5.0,4.0,4.0,5.0,4.0,4.0,4.0,5.0,5.0,4.0,4.0,4.0,5.0,4.0,5.0,Pembayaran transportasi,Jumlah merchant yang menerima e-wallet,Berniat,4.0,,4.0,4.0,4.25,4.25,4.5,4.5,3,False,2.0,18.0,1.0,2,3,3,2,3,4,4,4,4.0,1,Pengguna Aktif Responsif Promo
147,"Ya, saya bersedia","Ya, saya memenuhi seluruh kriteria tersebut",Laki-Laki,20.0,Semester 4,Rp2.000.000 – Rp2.999.999,Universitas Widya Dharma,"Sangat sering, lebih dari 10 kali dalam seminggu",Belanja online,4.0,ShopeePay,"DANA, GoPay, OVO, ShopeePay, LinkAja",3 tahun atau lebih,Rp50.000 – Rp99.999,Rp1.000.000 atau lebih,Banyak promo/cashback,Saat belanja online,Tidak memengaruhi,Jarang,2.0,2.0,1.0,2.0,1.0,2.0,1.0,1.0,1.0,2.0,1.0,2.0,1.0,1.0,1.0,2.0,2.0,1.0,1.0,1.0,2.0,4.0,5.0,2.0,Transfer gratis,Biaya admin,Sangat tidak berniat,1.0,,1.75,1.25,1.5,1.25,1.25,3.25,5,False,4.0,20.0,4.0,5,5,5,3,5,2,2,1,1.0,2,Pengguna Positif Moderat/Selektif
148,"Ya, saya bersedia","Ya, saya memenuhi seluruh kriteria tersebut",Perempuan,22.0,Semester 8,Rp500.000 – Rp999.999,Universitas Negeri Semarang,"Sangat sering, lebih dari 10 kali dalam seminggu",Transfer ke teman / orang lain,4.0,DANA,"DANA, GoPay, OVO, ShopeePay, LinkAja, iSaku",3 tahun atau lebih,Rp100.000 – Rp199.999,Rp1.000.000 atau lebih,Mudah untuk transfer uang,Saat transfer ke teman/keluarga,Memengaruhi,Sering,4.0,5.0,4.0,4.0,5.0,5.0,5.0,4.0,4.0,5.0,5.0,4.0,4.0,4.0,5.0,4.0,4.0,4.0,4.0,5.0,5.0,4.0,4.0,4.0,Transfer gratis,Biaya admin,Berniat,4.0,,4.25,4.75,4.5,4.25,4.25,4.25,6,False,4.0,22.0,8.0,2,5,5,4,5,4,4,4,4.0,1,Pengguna Aktif Responsif Promo
149,"Ya, saya bersedia","Ya, saya memenuhi seluruh kriteria tersebut",Perempuan,22.0,Semester 8,Rp2.000.000 – Rp2.999.999,Universitas Mulawarman,"Sering, 6–10 kali dalam seminggu",Transfer ke teman / orang lain,3.0,OVO,"DANA, GoPay, OVO, ShopeePay, LinkAja",2 tahun – kurang dari 3 tahun,Rp100.000 – Rp199.999,Rp500.000 – Rp999.999,Mudah untuk transfer uang,Saat transfer ke teman/keluarga,Sangat memengaruhi,Sering,5.0,4.0,5.0,4.0,4.0,4.0,4.0,4.0,4.0,4.0,4.0,5.0,4.0,4.0,5.0,5.0,5.0,4.0,5.0,5.0,5.0,4.0,5.0,5.0,Promo makanan/minuman,Jumlah promo/cashback,Berniat,5.0,,4.5,4.0,4.25,4.5,4.75,4.75,5,False,3.0,22.0,8.0,5,4,4,4,4,5,4,4,5.0,1,Pengguna Aktif Responsif Promo
150,"Ya, saya bersedia","Ya, saya memenuhi seluruh kriteria tersebut",Perempuan,20.0,Semester 4,Kurang dari Rp500.000,Universitas Brawijaya,"Sering, 6–10 kali dalam seminggu",Pembelian makanan/minuman,3.0,GoPay,"DANA, OVO, ShopeePay",1 tahun – kurang dari 2 tahun,Rp25.000 – Rp49.999,Rp500.000 – Rp999.999,Praktis dan cepat,Saat membeli makanan/minuman,Memengaruhi,Sangat sering,4.0,4.0,4.0,5.0,4.0,5.0,4.0,5.0,4.0,5.0,5.0,5.0,5.0,4.0,4.0,4.0,4.0,4.0,5.0,4.0,4.0,5.0,4.0,4.0,Transfer gratis,Biaya admin,Berniat,4.0,,4.25,4.5,4.75,4.25,4.25,4.25,3,False,3.0,20.0,4.0,1,4,3,2,4,4,5,4,4.0,1,Pengguna Aktif Responsif Promo
151,"Ya, saya bersedia","Ya, saya memenuhi seluruh kriteria tersebut",Perempuan,20.0,Semester 4,Rp500.000 – Rp999.999,Universitas Negeri Semarang,"Jarang, 1–2 kali dalam seminggu",Transfer ke teman / orang lain,2.0,LinkAja,"GoPay, OVO, ShopeePay",6 bulan – kurang dari 1 tahun,Rp50.000 – Rp99.999,Rp100.000 – Rp299.999,Mudah untuk transfer uang,Saat transfer ke teman/keluarga,Memengaruhi,Sering,5.0,5.0,5.0,5.0,4.0,5.0,4.0,4.0,4.0,4.0,4.0,4.0,4.0,5.0,5.0,4.0,4.0,5.0,4.0,4.0,4.0,4.0,5.0,5.0,Cashback transaksi,Jumlah promo/cashback,Berniat,4.0,,5.0,4.25,4.0,4.5,4.25,4.5,3,False,2.0,20.0,4.0,2,2,2,3,2,4,4,4,4.0,1,Pengguna Aktif Responsif Promo
152,"Ya, saya bersedia","Ya, saya memenuhi seluruh kriteria tersebut",Perempuan,20.0,Semester 3,Rp1.500.000 – Rp1.999.999,Universitas Widyatama,"Jarang, 1–2 kali dalam seminggu",Pembelian pulsa / paket data,2.0,LinkAja,"DANA, GoPay, OVO, ShopeePay, LinkAja, iSaku",6 bulan – kurang dari 1 tahun,Rp25.000 – Rp49.999,Rp100.000 – Rp299.999,Tidak perlu membawa uang tunai,Saat melakukan pembayaran rutin,Sangat memengaruhi,Sering,4.0,5.0,5.0,4.0,4.0,4.0,4.0,4.0,5.0,4.0,4.0,5.0,4.0,4.0,5.0,4.0,4.0,4.0,5.0,4.0,4.0,4.0,4.0,5.0,Riwayat transaksi yang jelas,Perlindungan data pribadi,Berniat,4.0,,4.5,4.0,4.5,4.25,4.25,4.25,6,False,2.0,20.0,3.0,4,2,2,2,2,5,4,4,4.0,1,Pengguna Aktif Responsif Promo
153,"Ya, saya bersedia","Ya, saya memenuhi seluruh kriteria tersebut",Laki-Laki,18.0,Semester 1,Rp500.000 – Rp999.999,Universitas Brawijaya,"Cukup sering, 3–5 kali dalam seminggu",Pembelian makanan/minuman,2.0,OVO,"DANA, OVO",1 tahun – kurang dari 2 tahun,Rp25.000 – Rp49.999,Rp300.000 – Rp499.999,Banyak merchant yang menerima e-wallet,Saat membeli makanan/minuman,Sangat memengaruhi,Sering,4.0,2.0,5.0,4.0,5.0,4.0,4.0,4.0,4.0,4.0,5.0,4.0,4.0,5.0,4.0,4.0,4.0,5.0,5.0,4.0,4.0,4.0,5.0,4.0,Pembayaran transportasi,Jumlah merchant yang menerima e-wallet,Sangat berniat,4.0,,3.75,4.25,4.25,4.25,4.5,4.25,2,False,2.0,18.0,1.0,2,3,3,2,3,5,4,5,4.0,1,Pengguna Aktif Responsif Promo
154,"Ya, saya bersedia","Ya, saya memenuhi seluruh kriteria tersebut",Perempuan,19.0,Semester 2,Rp1.500.000 – Rp1.999.999,Universitas Gadjah Mada,"Jarang, 1–2 kali dalam seminggu",Pembayaran tagihan,2.0,LinkAja,"ShopeePay, LinkAja, iSaku",2 tahun – kurang dari 3 tahun,Rp100.000 – Rp199.999,Rp100.000 – Rp299.999,Tidak perlu membawa uang tunai,Saat melakukan pembayaran rutin,Memengaruhi,Sangat sering,4.0,5.0,4.0,5.0,5.0,4.0,4.0,5.0,5.0,4.0,5.0,4.0,4.0,4.0,4.0,5.0,4.0,4.0,5.0,5.0,5.0,5.0,4.0,4.0,Integrasi dengan aplikasi belanja/transportasi,Kecepatan transaksi,Sangat berniat,5.0,,4.5,4.5,4.5,4.25,4.5,4.5,3,False,2.0,19.0,2.0,4,2,4,4,2,4,5,5,5.0,1,Pengguna Aktif Responsif Promo
155,"Ya, saya bersedia","Ya, saya memenuhi seluruh kriteria tersebut",Perempuan,18.0,Semester 1,Rp1.000.000 – Rp1.499.999,Universitas Negeri Malang,"Sangat jarang, kurang dari 1 kali dalam seminggu",Pembayaran tagihan,1.0,DANA,DANA,6 bulan – kurang dari 1 tahun,Rp100.000 – Rp199.999,Kurang dari Rp100.000,Mudah untuk transfer uang,Saat melakukan pembayaran rutin,Memengaruhi,Sering,4.0,5.0,4.0,5.0,4.0,4.0,4.0,5.0,4.0,5.0,4.0,5.0,4.0,5.0,4.0,4.0,5.0,4.0,4.0,5.0,4.0,4.0,4.0,5.0,Integrasi dengan aplikasi belanja/transportasi,Kecepatan transaksi,Berniat,5.0,,4.5,4.25,4.5,4.25,4.5,4.25,1,False,1.0,18.0,1.0,3,1,2,4,1,4,4,4,5.0,1,Pengguna Aktif Responsif Promo
156,"Ya, saya bersedia","Ya, saya memenuhi seluruh kriteria tersebut",Laki-Laki,22.0,Semester 7,Rp3.000.000 atau lebih,Universitas Sanata Dharma,"Sering, 6–10 kali dalam seminggu",Pembelian makanan/minuman,3.0,OVO,"DANA, ShopeePay, LinkAja",2 tahun – kurang dari 3 tahun,Rp25.000 – Rp49.999,Rp500.000 – Rp999.999,Banyak merchant yang menerima e-wallet,Saat membeli makanan/minuman,Memengaruhi,Sering,5.0,4.0,4.0,5.0,4.0,5.0,4.0,5.0,5.0,5.0,4.0,4.0,4.0,4.0,5.0,4.0,5.0,4.0,4.0,4.0,5.0,4.0,4.0,5.0,Cashback transaksi,Jumlah promo/cashback,Berniat,4.0,,4.5,4.5,4.5,4.25,4.25,4.5,3,False,3.0,22.0,7.0,6,4,4,2,4,4,4,4,4.0,1,Pengguna Aktif Responsif Promo
157,"Ya, saya bersedia","Ya, saya memenuhi seluruh kriteria tersebut",Perempuan,23.0,Semester 9 atau lebih,Rp500.000 – Rp999.999,Universitas Islam Negeri Maulana Malik Ibrahim,"Sangat sering, lebih dari 10 kali dalam seminggu",Belanja online,4.0,ShopeePay,"GoPay, OVO, ShopeePay, LinkAja",3 tahun atau lebih,Rp100.000 – Rp199.999,Rp1.000.000 atau lebih,Mudah untuk belanja online,Saat belanja online,Sangat memengaruhi,Sering,4.0,4.0,5.0,4.0,4.0,5.0,4.0,4.0,5.0,4.0,4.0,5.0,5.0,4.0,4.0,4.0,4.0,4.0,4.0,5.0,4.0,4.0,4.0,5.0,Pembayaran transportasi,Jumlah merchant yang menerima e-wallet,Berniat,4.0,,4.25,4.25,4.5,4.25,4.25,4.25,4,False,4.0,23.0,9.0,2,5,5,4,5,5,4,4,4.0,1,Pengguna Aktif Responsif Promo
158,"Ya, saya bersedia","Ya, saya memenuhi seluruh kriteria tersebut",Perempuan,18.0,Semester 2,Rp500.000 – Rp999.999,Universitas Negeri Jakarta,"Sering, 6–10 kali dalam seminggu",Transfer ke teman / orang lain,3.0,OVO,"DANA, GoPay, OVO, ShopeePay, LinkAja",2 tahun – kurang dari 3 tahun,Rp100.000 – Rp199.999,Rp500.000 – Rp999.999,Mudah untuk transfer uang,Saat transfer ke teman/keluarga,Memengaruhi,Sangat sering,5.0,4.0,4.0,5.0,4.0,5.0,4.0,5.0,5.0,4.0,5.0,4.0,5.0,4.0,5.0,4.0,5.0,4.0,4.0,5.0,5.0,5.0,4.0,5.0,Pembayaran UKT/kampus,Perlindungan data pribadi,Berniat,5.0,,4.5,4.5,4.5,4.5,4.5,4.75,5,False,3.0,18.0,2.0,2,4,4,4,4,4,5,4,5.0,1,Pengguna Aktif Responsif Promo
159,"Ya, saya bersedia","Ya, saya memenuhi seluruh kriteria tersebut",Perempuan,21.0,Semester 6,Rp1.500.000 – Rp1.999.999,Universitas Lambung Mangkurat,"Sering, 6–10 kali dalam seminggu",Belanja online,3.0,ShopeePay,"DANA, GoPay, OVO, ShopeePay",2 tahun – kurang dari 3 tahun,Rp50.000 – Rp99.999,Rp500.000 – Rp999.999,Mudah untuk belanja online,Saat belanja online,Memengaruhi,Sering,4.0,4.0,4.0,4.0,5.0,4.0,4.0,5.0,4.0,4.0,4.0,4.0,4.0,5.0,4.0,4.0,5.0,4.0,5.0,4.0,4.0,5.0,4.0,4.0,Transfer gratis,Biaya admin,Berniat,5.0,,4.0,4.5,4.0,4.25,4.5,4.25,4,False,3.0,21.0,6.0,4,4,4,3,4,4,4,4,5.0,1,Pengguna Aktif Responsif Promo
160,"Ya, saya bersedia","Ya, saya memenuhi seluruh kriteria tersebut",Perempuan,21.0,Semester 5,Rp2.000.000 – Rp2.999.999,Universitas PGRI Madiun,"Cukup sering, 3–5 kali dalam seminggu",Belanja online,2.0,ShopeePay,"DANA, GoPay, OVO, ShopeePay",1 tahun – kurang dari 2 tahun,Rp50.000 – Rp99.999,Rp300.000 – Rp499.999,Mudah untuk belanja online,Saat belanja online,Memengaruhi,Sering,5.0,5.0,5.0,4.0,4.0,4.0,4.0,4.0,4.0,4.0,5.0,5.0,5.0,4.0,5.0,5.0,5.0,4.0,4.0,4.0,5.0,5.0,5.0,5.0,Cashback transaksi,Jumlah promo/cashback,Berniat,4.0,,4.75,4.0,4.5,4.75,4.25,5.0,4,False,2.0,21.0,5.0,5,3,3,3,3,4,4,4,4.0,1,Pengguna Aktif Responsif Promo
161,"Ya, saya bersedia","Ya, saya memenuhi seluruh kriteria tersebut",Perempuan,19.0,Semester 2,Rp2.000.000 – Rp2.999.999,Universitas Syiah Kuala,"Sering, 6–10 kali dalam seminggu",Pembelian makanan/minuman,3.0,DANA,"DANA, GoPay, OVO, ShopeePay, LinkAja",2 tahun – kurang dari 3 tahun,Rp25.000 – Rp49.999,Rp500.000 – Rp999.999,Praktis dan cepat,Saat membeli makanan/minuman,Memengaruhi,Sangat sering,4.0,5.0,4.0,4.0,5.0,4.0,4.0,5.0,4.0,4.0,5.0,4.0,4.0,5.0,4.0,5.0,4.0,4.0,5.0,5.0,4.0,5.0,4.0,5.0,Riwayat transaksi yang jelas,Perlindungan data pribadi,Berniat,5.0,,4.25,4.5,4.25,4.5,4.5,4.5,5,False,3.0,19.0,2.0,5,4,4,2,4,4,5,4,5.0,1,Pengguna Aktif Responsif Promo
162,"Ya, saya bersedia","Ya, saya memenuhi seluruh kriteria tersebut",Perempuan,20.0,Semester 3,Rp500.000 – Rp999.999,Universitas Pembangunan Nasional Veteran Jatim,"Sering, 6–10 kali dalam seminggu",Pembelian makanan/minuman,3.0,GoPay,"DANA, GoPay, OVO, ShopeePay",2 tahun – kurang dari 3 tahun,Rp25.000 – Rp49.999,Rp500.000 – Rp999.999,Banyak merchant yang menerima e-wallet,Saat membeli makanan/minuman,Sangat memengaruhi,Sangat sering,4.0,5.0,4.0,4.0,5.0,4.0,4.0,5.0,3.0,5.0,4.0,4.0,5.0,5.0,5.0,3.0,4.0,4.0,5.0,4.0,4.0,5.0,3.0,4.0,Top-up mudah dan murah,Kemudahan top-up,Sangat berniat,4.0,,4.25,4.5,4.0,4.5,4.25,4.0,4,False,3.0,20.0,3.0,2,4,4,2,4,5,5,5,4.0,1,Pengguna Aktif Responsif Promo
163,"Ya, saya bersedia","Ya, saya memenuhi seluruh kriteria tersebut",Laki-Laki,21.0,Semester 5,Rp2.000.000 – Rp2.999.999,Universitas Negeri Malang,"Sangat sering, lebih dari 10 kali dalam seminggu",Pembelian makanan/minuman,5.0,DANA,"DANA, GoPay, OVO, ShopeePay, Sakuku",3 tahun atau lebih,Rp50.000 – Rp99.999,Rp1.000.000 atau lebih,Praktis dan cepat,Saat ada promo/cashback,Memengaruhi,Sering,4.0,4.0,4.0,2.0,4.0,4.0,4.0,4.0,4.0,4.0,4.0,5.0,4.0,5.0,5.0,5.0,4.0,5.0,5.0,5.0,5.0,4.0,5.0,5.0,Transfer gratis,Biaya admin,Sangat berniat,4.0,,3.5,4.0,4.25,4.75,4.75,4.75,5,False,5.0,21.0,5.0,5,5,5,3,5,4,4,5,4.0,1,Pengguna Aktif Responsif Promo
164,"Ya, saya bersedia","Ya, saya memenuhi seluruh kriteria tersebut",Perempuan,19.0,Semester 2,Rp1.500.000 – Rp1.999.999,Universitas Hasanuddin,"Sangat sering, lebih dari 10 kali dalam seminggu",Belanja online,5.0,ShopeePay,"DANA, GoPay, OVO, ShopeePay, LinkAja",3 tahun atau lebih,Rp100.000 – Rp199.999,Rp1.000.000 atau lebih,Banyak promo/cashback,Saat belanja online,Sangat memengaruhi,Sering,4.0,4.0,5.0,4.0,5.0,4.0,5.0,5.0,4.0,5.0,4.0,4.0,5.0,4.0,5.0,4.0,4.0,5.0,4.0,5.0,4.0,4.0,4.0,4.0,Pembayaran UKT/kampus,Perlindungan data pribadi,Sangat berniat,4.0,,4.25,4.75,4.25,4.5,4.5,4.0,5,False,5.0,19.0,2.0,4,5,5,4,5,5,4,5,4.0,1,Pengguna Aktif Responsif Promo
165,"Ya, saya bersedia","Ya, saya memenuhi seluruh kriteria tersebut",Laki-Laki,20.0,Semester 5,Rp3.000.000 atau lebih,Universitas Airlangga,"Sangat sering, lebih dari 10 kali dalam seminggu",Belanja online,4.0,ShopeePay,"DANA, GoPay, ShopeePay, LinkAja",3 tahun atau lebih,Rp100.000 – Rp199.999,Rp1.000.000 atau lebih,Mudah untuk belanja online,Saat belanja online,Sangat memengaruhi,Sangat sering,5.0,5.0,5.0,4.0,4.0,5.0,4.0,5.0,4.0,4.0,5.0,4.0,5.0,5.0,5.0,4.0,4.0,5.0,4.0,4.0,4.0,5.0,4.0,5.0,Transfer gratis,Biaya admin,Sangat berniat,4.0,,4.75,4.5,4.25,4.75,4.25,4.5,4,False,4.0,20.0,5.0,6,5,5,4,5,5,5,5,4.0,1,Pengguna Aktif Responsif Promo
166,"Ya, saya bersedia","Ya, saya memenuhi seluruh kriteria tersebut",Laki-Laki,20.0,Semester 3,Rp3.000.000 atau lebih,Universitas Negeri Surabaya,"Sangat sering, lebih dari 10 kali dalam seminggu",Pembelian makanan/minuman,5.0,DANA,"DANA, GoPay, OVO, ShopeePay, Sakuku",3 tahun atau lebih,Rp50.000 – Rp99.999,Rp1.000.000 atau lebih,Praktis dan cepat,Saat ada promo/cashback,Sangat memengaruhi,Sangat sering,5.0,4.0,5.0,4.0,4.0,5.0,4.0,5.0,5.0,4.0,5.0,5.0,4.0,5.0,4.0,4.0,5.0,5.0,5.0,5.0,4.0,4.0,4.0,5.0,Pembayaran transportasi,Jumlah merchant yang menerima e-wallet,Berniat,4.0,,4.5,4.5,4.75,4.25,5.0,4.25,5,False,5.0,20.0,3.0,6,5,5,3,5,5,5,4,4.0,1,Pengguna Aktif Responsif Promo
167,"Ya, saya bersedia","Ya, saya memenuhi seluruh kriteria tersebut",Perempuan,18.0,Semester 1,Rp500.000 – Rp999.999,Institut Teknologi Bandung,"Sering, 6–10 kali dalam seminggu",Belanja online,3.0,ShopeePay,"DANA, GoPay, OVO, ShopeePay",2 tahun – kurang dari 3 tahun,Rp50.000 – Rp99.999,Rp500.000 – Rp999.999,Mudah untuk belanja online,Saat ada promo/cashback,Sangat memengaruhi,Sangat sering,5.0,5.0,4.0,4.0,5.0,4.0,5.0,5.0,4.0,5.0,5.0,4.0,5.0,4.0,5.0,5.0,5.0,4.0,5.0,4.0,4.0,5.0,5.0,4.0,Riwayat transaksi yang jelas,Perlindungan data pribadi,Berniat,4.0,,4.5,4.75,4.5,4.75,4.5,4.5,4,False,3.0,18.0,1.0,2,4,4,3,4,5,5,4,4.0,1,Pengguna Aktif Responsif Promo
168,"Ya, saya bersedia","Ya, saya memenuhi seluruh kriteria tersebut",Perempuan,22.0,Semester 8,Rp500.000 – Rp999.999,Universitas Telkom,"Sangat sering, lebih dari 10 kali dalam seminggu",Transfer ke teman / orang lain,4.0,DANA,"DANA, GoPay, OVO, ShopeePay, LinkAja, iSaku",3 tahun atau lebih,Rp100.000 – Rp199.999,Rp1.000.000 atau lebih,Mudah untuk transfer uang,Saat transfer ke teman/keluarga,Memengaruhi,Sering,5.0,4.0,4.0,5.0,5.0,5.0,4.0,4.0,5.0,5.0,4.0,4.0,4.0,5.0,4.0,4.0,4.0,4.0,5.0,5.0,4.0,4.0,4.0,4.0,Transfer gratis,Biaya admin,Berniat,5.0,,4.5,4.5,4.5,4.25,4.5,4.0,6,False,4.0,22.0,8.0,2,5,5,4,5,4,4,4,5.0,1,Pengguna Aktif Responsif Promo
169,"Ya, saya bersedia","Ya, saya memenuhi seluruh kriteria tersebut",Perempuan,21.0,Semester 5,Kurang dari Rp500.000,Universitas Muhammadiyah Luwuk,"Sering, 6–10 kali dalam seminggu",Transfer ke teman / orang lain,3.0,OVO,"DANA, GoPay",2 tahun – kurang dari 3 tahun,Rp100.000 – Rp199.999,Rp500.000 – Rp999.999,Mudah untuk transfer uang,Saat transfer ke teman/keluarga,Cukup memengaruhi,Sangat sering,5.0,5.0,5.0,5.0,4.0,4.0,4.0,5.0,4.0,5.0,5.0,4.0,4.0,5.0,5.0,4.0,5.0,4.0,4.0,4.0,5.0,5.0,5.0,5.0,Cashback transaksi,Jumlah promo/cashback,Berniat,5.0,,5.0,4.25,4.5,4.5,4.25,5.0,2,False,3.0,21.0,5.0,1,4,4,4,4,3,5,4,5.0,1,Pengguna Aktif Responsif Promo
170,"Ya, saya bersedia","Ya, saya memenuhi seluruh kriteria tersebut",Perempuan,19.0,Semester 2,Rp1.000.000 – Rp1.499.999,Universitas Kristen Satya Wacana,"Jarang, 1–2 kali dalam seminggu",Pembelian pulsa / paket data,2.0,DANA,"DANA, ShopeePay",6 bulan – kurang dari 1 tahun,Rp25.000 – Rp49.999,Rp100.000 – Rp299.999,Tidak perlu membawa uang tunai,Saat melakukan pembayaran rutin,Memengaruhi,Sering,4.0,5.0,5.0,4.0,5.0,5.0,4.0,5.0,4.0,4.0,5.0,4.0,5.0,5.0,4.0,5.0,5.0,5.0,5.0,4.0,5.0,5.0,5.0,5.0,Top-up mudah dan murah,Kemudahan top-up,Berniat,5.0,,4.5,4.75,4.25,4.75,4.75,5.0,2,False,2.0,19.0,2.0,3,2,2,2,2,4,4,4,5.0,1,Pengguna Aktif Responsif Promo
171,"Ya, saya bersedia","Ya, saya memenuhi seluruh kriteria tersebut",Perempuan,24.0,Semester 9 atau lebih,Rp1.500.000 – Rp1.999.999,Universitas Sebelas Maret,"Sangat sering, lebih dari 10 kali dalam seminggu",Belanja online,4.0,ShopeePay,"DANA, GoPay, OVO, ShopeePay, LinkAja",3 tahun atau lebih,Rp50.000 – Rp99.999,Rp1.000.000 atau lebih,Banyak promo/cashback,Saat belanja online,Memengaruhi,Sangat sering,4.0,5.0,4.0,5.0,4.0,4.0,4.0,5.0,4.0,5.0,4.0,4.0,5.0,5.0,4.0,4.0,5.0,4.0,5.0,4.0,4.0,5.0,5.0,4.0,Promo makanan/minuman,Jumlah promo/cashback,Sangat berniat,5.0,,4.5,4.25,4.25,4.5,4.5,4.5,5,False,4.0,24.0,9.0,4,5,5,3,5,4,5,5,5.0,1,Pengguna Aktif Responsif Promo
172,"Ya, saya bersedia","Ya, saya memenuhi seluruh kriteria tersebut",Perempuan,21.0,Semester 5,Rp3.000.000 atau lebih,Universitas Negeri Malang,"Sering, 6–10 kali dalam seminggu",Transportasi,3.0,GoPay,"DANA, GoPay, OVO, ShopeePay",2 tahun – kurang dari 3 tahun,Rp25.000 – Rp49.999,Rp500.000 – Rp999.999,Praktis dan cepat,Saat tidak membawa uang tunai,Sangat memengaruhi,Sering,4.0,4.0,5.0,4.0,4.0,5.0,4.0,5.0,5.0,4.0,5.0,4.0,4.0,5.0,5.0,4.0,4.0,5.0,4.0,5.0,5.0,4.0,4.0,5.0,Keamanan akun yang lebih kuat,Keamanan akun,Sangat berniat,4.0,,4.25,4.5,4.5,4.5,4.5,4.5,4,False,3.0,21.0,5.0,6,4,4,2,4,5,4,5,4.0,1,Pengguna Aktif Responsif Promo
173,"Ya, saya bersedia","Ya, saya memenuhi seluruh kriteria tersebut",Perempuan,22.0,Semester 8,Rp1.500.000 – Rp1.999.999,Universitas Islam Indonesia,"Jarang, 1–2 kali dalam seminggu",Pembelian pulsa / paket data,2.0,iSaku,"DANA, GoPay, OVO, ShopeePay, LinkAja",6 bulan – kurang dari 1 tahun,Rp25.000 – Rp49.999,Rp100.000 – Rp299.999,Tidak perlu membawa uang tunai,Saat melakukan pembayaran rutin,Sangat memengaruhi,Sangat sering,4.0,4.0,4.0,4.0,5.0,4.0,5.0,4.0,5.0,5.0,4.0,5.0,4.0,5.0,5.0,5.0,4.0,4.0,5.0,4.0,5.0,4.0,4.0,5.0,Pembayaran transportasi,Jumlah merchant yang menerima e-wallet,Berniat,5.0,,4.0,4.5,4.75,4.75,4.25,4.5,5,False,2.0,22.0,8.0,4,2,2,2,2,5,5,4,5.0,1,Pengguna Aktif Responsif Promo
174,"Ya, saya bersedia","Ya, saya memenuhi seluruh kriteria tersebut",Perempuan,22.0,Semester 8,Rp1.500.000 – Rp1.999.999,Universitas Udayana,"Sering, 6–10 kali dalam seminggu",Pembelian makanan/minuman,3.0,DANA,"DANA, GoPay, ShopeePay",2 tahun – kurang dari 3 tahun,Rp25.000 – Rp49.999,Rp500.000 – Rp999.999,Praktis dan cepat,Saat membeli makanan/minuman,Memengaruhi,Sering,5.0,5.0,4.0,5.0,5.0,4.0,5.0,5.0,4.0,4.0,4.0,5.0,4.0,4.0,5.0,5.0,4.0,5.0,4.0,5.0,5.0,4.0,5.0,5.0,Keamanan akun yang lebih kuat,Keamanan akun,Sangat berniat,5.0,,4.75,4.75,4.25,4.5,4.5,4.75,3,False,3.0,22.0,8.0,4,4,4,2,4,4,4,5,5.0,1,Pengguna Aktif Responsif Promo
175,"Ya, saya bersedia","Ya, saya memenuhi seluruh kriteria tersebut",Perempuan,20.0,Semester 3,Rp500.000 – Rp999.999,Universitas Sumatera Utara,"Sangat sering, lebih dari 10 kali dalam seminggu",Pembelian makanan/minuman,4.0,GoPay,"DANA, GoPay, OVO, ShopeePay",3 tahun atau lebih,Rp25.000 – Rp49.999,Rp1.000.000 atau lebih,Tidak perlu membawa uang tunai,Saat ada promo/cashback,Sangat memengaruhi,Sering,5.0,4.0,4.0,4.0,5.0,4.0,5.0,5.0,4.0,5.0,5.0,5.0,4.0,5.0,4.0,4.0,5.0,5.0,4.0,4.0,4.0,5.0,5.0,4.0,Promo makanan/minuman,Jumlah promo/cashback,Sangat berniat,5.0,,4.25,4.75,4.75,4.25,4.5,4.5,4,False,4.0,20.0,3.0,2,5,5,2,5,5,4,5,5.0,1,Pengguna Aktif Responsif Promo
176,"Ya, saya bersedia","Ya, saya memenuhi seluruh kriteria tersebut",Perempuan,21.0,Semester 5,Rp1.000.000 – Rp1.499.999,Universitas Andalas,"Sangat sering, lebih dari 10 kali dalam seminggu",Belanja online,4.0,ShopeePay,"DANA, GoPay, OVO, ShopeePay, LinkAja",3 tahun atau lebih,Rp100.000 – Rp199.999,Rp1.000.000 atau lebih,Banyak promo/cashback,Saat belanja online,Memengaruhi,Sangat sering,5.0,4.0,4.0,4.0,4.0,5.0,5.0,4.0,4.0,4.0,5.0,5.0,5.0,4.0,4.0,4.0,4.0,5.0,4.0,5.0,4.0,4.0,4.0,4.0,Integrasi dengan aplikasi belanja/transportasi,Kecepatan transaksi,Berniat,4.0,,4.25,4.5,4.5,4.25,4.5,4.0,5,False,4.0,21.0,5.0,3,5,5,4,5,4,5,4,4.0,1,Pengguna Aktif Responsif Promo
177,"Ya, saya bersedia","Ya, saya memenuhi seluruh kriteria tersebut",Perempuan,22.0,Semester 8,Rp2.000.000 – Rp2.999.999,Universitas Gadjah Mada,"Sering, 6–10 kali dalam seminggu",Pembelian makanan/minuman,3.0,DANA,"DANA, GoPay, ShopeePay",2 tahun – kurang dari 3 tahun,Rp25.000 – Rp49.999,Rp500.000 – Rp999.999,Praktis dan cepat,Saat membeli makanan/minuman,Memengaruhi,Sangat sering,4.0,4.0,4.0,4.0,5.0,4.0,4.0,4.0,4.0,4.0,5.0,4.0,5.0,4.0,5.0,4.0,5.0,4.0,4.0,5.0,5.0,4.0,4.0,4.0,Transfer gratis,Biaya admin,Sangat berniat,4.0,,4.0,4.25,4.25,4.5,4.5,4.25,3,False,3.0,22.0,8.0,5,4,4,2,4,4,5,5,4.0,1,Pengguna Aktif Responsif Promo
178,"Ya, saya bersedia","Ya, saya memenuhi seluruh kriteria tersebut",Laki-Laki,22.0,Semester 8,Rp3.000.000 atau lebih,Universitas Katolik Indonesia Atma Jaya,"Sangat sering, lebih dari 10 kali dalam seminggu",Belanja online,4.0,ShopeePay,"DANA, GoPay, OVO, ShopeePay, LinkAja",3 tahun atau lebih,Rp50.000 – Rp99.999,Rp1.000.000 atau lebih,Banyak promo/cashback,Saat belanja online,Tidak memengaruhi,Tidak pernah,2.0,2.0,2.0,2.0,2.0,1.0,2.0,1.0,2.0,2.0,1.0,2.0,2.0,2.0,1.0,2.0,2.0,1.0,1.0,1.0,1.0,2.0,1.0,1.0,Promo makanan/minuman,Jumlah promo/cashback,Tidak berniat,2.0,,2.0,1.5,1.75,1.75,1.25,1.25,5,False,4.0,22.0,8.0,6,5,5,3,5,2,1,2,2.0,2,Pengguna Positif Moderat/Selektif
179,"Ya, saya bersedia","Ya, saya memenuhi seluruh kriteria tersebut",Perempuan,23.0,Semester 9 atau lebih,Rp1.000.000 – Rp1.499.999,Universitas Diponegoro,"Sering, 6–10 kali dalam seminggu",Belanja online,3.0,ShopeePay,"DANA, GoPay, OVO, ShopeePay, LinkAja",2 tahun – kurang dari 3 tahun,Rp50.000 – Rp99.999,Rp500.000 – Rp999.999,Mudah untuk belanja online,Saat belanja online,Memengaruhi,Sangat sering,4.0,5.0,4.0,4.0,5.0,5.0,5.0,4.0,5.0,5.0,4.0,5.0,4.0,5.0,4.0,5.0,4.0,4.0,4.0,4.0,5.0,4.0,5.0,4.0,Integrasi dengan aplikasi belanja/transportasi,Kecepatan transaksi,Sangat berniat,5.0,,4.25,4.75,4.75,4.5,4.0,4.5,5,False,3.0,23.0,9.0,3,4,4,3,4,4,5,5,5.0,1,Pengguna Aktif Responsif Promo
180,"Ya, saya bersedia","Ya, saya memenuhi seluruh kriteria tersebut",Perempuan,19.0,Semester 2,Rp1.000.000 – Rp1.499.999,Universitas Lambung Mangkurat,"Jarang, 1–2 kali dalam seminggu",Pembelian pulsa / paket data,2.0,DANA,"DANA, ShopeePay",6 bulan – kurang dari 1 tahun,Rp25.000 – Rp49.999,Rp100.000 – Rp299.999,Tidak perlu membawa uang tunai,Saat melakukan pembayaran rutin,Memengaruhi,Sering,5.0,5.0,4.0,5.0,5.0,4.0,5.0,4.0,4.0,5.0,4.0,5.0,5.0,4.0,5.0,5.0,5.0,5.0,4.0,5.0,5.0,5.0,5.0,4.0,Top-up mudah dan murah,Kemudahan top-up,Sangat berniat,4.0,,4.75,4.5,4.5,4.75,4.75,4.75,2,False,2.0,19.0,2.0,3,2,2,2,2,4,4,5,4.0,1,Pengguna Aktif Responsif Promo
181,"Ya, saya bersedia","Ya, saya memenuhi seluruh kriteria tersebut",Laki-Laki,18.0,Semester 1,Kurang dari Rp500.000,Universitas Negeri Medan,"Sering, 6–10 kali dalam seminggu",Pembelian makanan/minuman,3.0,DANA,"DANA, GoPay, OVO, ShopeePay, LinkAja",2 tahun – kurang dari 3 tahun,Rp25.000 – Rp49.999,Rp500.000 – Rp999.999,Praktis dan cepat,Saat tidak membawa uang tunai,Sangat memengaruhi,Sangat sering,4.0,5.0,4.0,5.0,5.0,4.0,4.0,4.0,4.0,4.0,4.0,5.0,4.0,4.0,5.0,4.0,4.0,4.0,4.0,5.0,5.0,4.0,4.0,4.0,Top-up mudah dan murah,Kemudahan top-up,Sangat berniat,5.0,,4.5,4.25,4.25,4.25,4.25,4.25,5,False,3.0,18.0,1.0,1,4,4,2,4,5,5,5,5.0,1,Pengguna Aktif Responsif Promo
182,"Ya, saya bersedia","Ya, saya memenuhi seluruh kriteria tersebut",Perempuan,21.0,Semester 6,Kurang dari Rp500.000,Universitas HKBP Nommensen,"Sangat sering, lebih dari 10 kali dalam seminggu",Belanja online,4.0,ShopeePay,"DANA, GoPay, OVO, ShopeePay, LinkAja",3 tahun atau lebih,Rp50.000 – Rp99.999,Rp1.000.000 atau lebih,Banyak promo/cashback,Saat belanja online,Memengaruhi,Sangat sering,3.0,4.0,4.0,4.0,5.0,4.0,5.0,4.0,4.0,5.0,5.0,3.0,3.0,5.0,4.0,5.0,4.0,4.0,5.0,5.0,5.0,4.0,5.0,3.0,Promo makanan/minuman,Jumlah promo/cashback,Sangat berniat,4.0,,3.75,4.5,4.25,4.25,4.5,4.25,5,False,4.0,21.0,6.0,1,5,5,3,5,4,5,5,4.0,1,Pengguna Aktif Responsif Promo
183,"Ya, saya bersedia","Ya, saya memenuhi seluruh kriteria tersebut",Laki-Laki,19.0,Semester 1,Rp1.000.000 – Rp1.499.999,Universitas Dian Nuswantoro,"Sering, 6–10 kali dalam seminggu",Pembelian makanan/minuman,3.0,GoPay,"DANA, GoPay, OVO, LinkAja",2 tahun – kurang dari 3 tahun,Rp25.000 – Rp49.999,Rp500.000 – Rp999.999,Banyak merchant yang menerima e-wallet,Saat membeli makanan/minuman,Memengaruhi,Sering,4.0,5.0,4.0,4.0,4.0,5.0,4.0,5.0,4.0,4.0,5.0,4.0,4.0,4.0,5.0,5.0,4.0,4.0,5.0,4.0,4.0,5.0,5.0,4.0,Transfer gratis,Biaya admin,Sangat berniat,4.0,,4.25,4.5,4.25,4.5,4.25,4.5,4,False,3.0,19.0,1.0,3,4,4,2,4,4,4,5,4.0,1,Pengguna Aktif Responsif Promo
184,"Ya, saya bersedia","Ya, saya memenuhi seluruh kriteria tersebut",Laki-Laki,21.0,Semester 5,Rp1.500.000 – Rp1.999.999,Universitas Amikom Yogyakarta,"Jarang, 1–2 kali dalam seminggu",Pembelian pulsa / paket data,2.0,DANA,"DANA, OVO",6 bulan – kurang dari 1 tahun,Rp25.000 – Rp49.999,Rp100.000 – Rp299.999,Tidak perlu membawa uang tunai,Saat melakukan pembayaran rutin,Memengaruhi,Sering,5.0,5.0,4.0,5.0,4.0,4.0,4.0,5.0,4.0,4.0,4.0,5.0,4.0,5.0,5.0,5.0,4.0,4.0,4.0,4.0,4.0,5.0,4.0,4.0,Keamanan akun yang lebih kuat,Keamanan akun,Sangat berniat,4.0,,4.75,4.25,4.25,4.75,4.0,4.25,2,False,2.0,21.0,5.0,4,2,2,2,2,4,4,5,4.0,1,Pengguna Aktif Responsif Promo
185,"Ya, saya bersedia","Ya, saya memenuhi seluruh kriteria tersebut",Perempuan,18.0,Semester 1,Rp1.000.000 – Rp1.499.999,Universitas Islam Indonesia,"Sangat sering, lebih dari 10 kali dalam seminggu",Belanja online,4.0,ShopeePay,"DANA, GoPay, OVO, ShopeePay, LinkAja",3 tahun atau lebih,Rp100.000 – Rp199.999,Rp1.000.000 atau lebih,Banyak promo/cashback,Saat belanja online,Memengaruhi,Sering,4.0,5.0,4.0,4.0,5.0,5.0,4.0,4.0,4.0,5.0,4.0,4.0,5.0,4.0,5.0,5.0,5.0,4.0,4.0,4.0,4.0,5.0,4.0,4.0,Cashback transaksi,Jumlah promo/cashback,Sangat berniat,4.0,,4.25,4.5,4.25,4.75,4.25,4.25,5,False,4.0,18.0,1.0,3,5,5,4,5,4,4,5,4.0,1,Pengguna Aktif Responsif Promo
186,"Ya, saya bersedia","Ya, saya memenuhi seluruh kriteria tersebut",Laki-Laki,23.0,Semester 9 atau lebih,Rp1.500.000 – Rp1.999.999,Universitas Bina Nusantara,"Sering, 6–10 kali dalam seminggu",Pembelian makanan/minuman,3.0,GoPay,"DANA, GoPay, OVO",2 tahun – kurang dari 3 tahun,Rp25.000 – Rp49.999,Rp500.000 – Rp999.999,Praktis dan cepat,Saat membeli makanan/minuman,Memengaruhi,Sangat sering,5.0,5.0,4.0,5.0,5.0,5.0,4.0,4.0,5.0,4.0,5.0,4.0,4.0,4.0,5.0,5.0,4.0,5.0,4.0,5.0,4.0,5.0,4.0,5.0,Pembayaran transportasi,Jumlah merchant yang menerima e-wallet,Sangat berniat,4.0,,4.75,4.5,4.5,4.5,4.5,4.5,3,False,3.0,23.0,9.0,4,4,4,2,4,4,5,5,4.0,1,Pengguna Aktif Responsif Promo
187,"Ya, saya bersedia","Ya, saya memenuhi seluruh kriteria tersebut",Laki-Laki,20.0,Semester 3,Rp500.000 – Rp999.999,Universitas Negeri Yogyakarta,"Sering, 6–10 kali dalam seminggu",Transfer ke teman / orang lain,3.0,OVO,"DANA, GoPay, OVO, ShopeePay, LinkAja",2 tahun – kurang dari 3 tahun,Rp100.000 – Rp199.999,Rp500.000 – Rp999.999,Mudah untuk transfer uang,Saat transfer ke teman/keluarga,Sangat tidak memengaruhi,Tidak pernah,1.0,2.0,1.0,2.0,1.0,2.0,1.0,3.0,2.0,3.0,2.0,1.0,2.0,2.0,1.0,2.0,1.0,1.0,2.0,2.0,1.0,2.0,1.0,2.0,Integrasi dengan aplikasi belanja/transportasi,Kecepatan transaksi,Tidak berniat,2.0,,1.5,1.75,2.0,1.75,1.5,1.5,5,False,3.0,20.0,3.0,2,4,4,4,4,1,1,2,2.0,2,Pengguna Positif Moderat/Selektif
188,"Ya, saya bersedia","Ya, saya memenuhi seluruh kriteria tersebut",Laki-Laki,22.0,Semester 8,Rp2.000.000 – Rp2.999.999,Institut Teknologi Bandung,"Jarang, 1–2 kali dalam seminggu",Pembelian pulsa / paket data,2.0,LinkAja,"GoPay, LinkAja",6 bulan – kurang dari 1 tahun,Rp25.000 – Rp49.999,Rp100.000 – Rp299.999,Tidak perlu membawa uang tunai,Saat melakukan pembayaran rutin,Sangat memengaruhi,Sangat sering,5.0,4.0,5.0,5.0,4.0,5.0,5.0,5.0,5.0,5.0,5.0,5.0,4.0,4.0,5.0,4.0,4.0,4.0,5.0,5.0,5.0,5.0,5.0,5.0,Top-up mudah dan murah,Kemudahan top-up,Berniat,5.0,,4.75,4.75,5.0,4.25,4.5,5.0,2,False,2.0,22.0,8.0,5,2,2,2,2,5,5,4,5.0,1,Pengguna Aktif Responsif Promo
189,"Ya, saya bersedia","Ya, saya memenuhi seluruh kriteria tersebut",Perempuan,20.0,Semester 3,Rp3.000.000 atau lebih,Institut Teknologi Bandung,"Sangat sering, lebih dari 10 kali dalam seminggu",Transfer ke teman / orang lain,4.0,DANA,"DANA, GoPay, OVO, ShopeePay",3 tahun atau lebih,Rp100.000 – Rp199.999,Rp1.000.000 atau lebih,Mudah untuk transfer uang,Saat transfer ke teman/keluarga,Sangat memengaruhi,Sangat sering,5.0,4.0,4.0,5.0,5.0,4.0,4.0,5.0,4.0,4.0,4.0,4.0,5.0,4.0,4.0,5.0,5.0,4.0,4.0,4.0,4.0,5.0,5.0,4.0,Promo makanan/minuman,Jumlah promo/cashback,Berniat,5.0,,4.5,4.5,4.0,4.5,4.25,4.5,4,False,4.0,20.0,3.0,6,5,5,4,5,5,5,4,5.0,1,Pengguna Aktif Responsif Promo
190,"Ya, saya bersedia","Ya, saya memenuhi seluruh kriteria tersebut",Laki-Laki,20.0,Semester 3,Rp3.000.000 atau lebih,Universitas 17 Agustus 1945 Surabaya,"Sangat sering, lebih dari 10 kali dalam seminggu",Transfer ke teman / orang lain,5.0,DANA,"OVO, ShopeePay",3 tahun atau lebih,Rp100.000 – Rp199.999,Rp1.000.000 atau lebih,Mudah untuk transfer uang,Saat transfer ke teman/keluarga,Sangat tidak memengaruhi,Jarang,2.0,2.0,1.0,2.0,1.0,2.0,3.0,2.0,2.0,3.0,2.0,1.0,2.0,2.0,1.0,2.0,2.0,1.0,2.0,2.0,2.0,1.0,2.0,1.0,Pembayaran UKT/kampus,Perlindungan data pribadi,Sangat tidak berniat,2.0,,1.75,2.0,2.0,1.75,1.75,1.5,2,False,5.0,20.0,3.0,6,5,5,4,5,1,2,1,2.0,2,Pengguna Positif Moderat/Selektif
191,"Ya, saya bersedia","Ya, saya memenuhi seluruh kriteria tersebut",Perempuan,19.0,Semester 1,Kurang dari Rp500.000,Universitas Pendidikan Indonesia,"Sering, 6–10 kali dalam seminggu",Belanja online,3.0,ShopeePay,"DANA, OVO, ShopeePay",1 tahun – kurang dari 2 tahun,Rp50.000 – Rp99.999,Rp500.000 – Rp999.999,Mudah untuk belanja online,Saat belanja online,Sangat memengaruhi,Sangat sering,4.0,4.0,4.0,4.0,4.0,4.0,4.0,4.0,4.0,4.0,4.0,5.0,4.0,4.0,4.0,4.0,4.0,4.0,5.0,5.0,5.0,5.0,4.0,4.0,Top-up mudah dan murah,Kemudahan top-up,Berniat,4.0,,4.0,4.0,4.25,4.0,4.5,4.5,3,False,3.0,19.0,1.0,1,4,3,3,4,5,5,4,4.0,1,Pengguna Aktif Responsif Promo
192,"Ya, saya bersedia","Ya, saya memenuhi seluruh kriteria tersebut",Perempuan,19.0,Semester 1,Rp2.000.000 – Rp2.999.999,Universitas Bina Nusantara,"Sangat sering, lebih dari 10 kali dalam seminggu",Belanja online,5.0,ShopeePay,"DANA, GoPay, OVO, ShopeePay, LinkAja",3 tahun atau lebih,Rp100.000 – Rp199.999,Rp1.000.000 atau lebih,Banyak promo/cashback,Saat belanja online,Memengaruhi,Sering,5.0,4.0,5.0,5.0,4.0,5.0,4.0,5.0,4.0,4.0,4.0,5.0,4.0,4.0,5.0,4.0,4.0,5.0,5.0,4.0,4.0,5.0,4.0,4.0,Promo makanan/minuman,Jumlah promo/cashback,Sangat berniat,4.0,,4.75,4.5,4.25,4.25,4.5,4.25,5,False,5.0,19.0,1.0,5,5,5,4,5,4,4,5,4.0,1,Pengguna Aktif Responsif Promo
193,"Ya, saya bersedia","Ya, saya memenuhi seluruh kriteria tersebut",Perempuan,20.0,Semester 3,Rp500.000 – Rp999.999,Universitas Islam Negeri Mataram,"Sering, 6–10 kali dalam seminggu",Pembelian makanan/minuman,3.0,GoPay,"DANA, GoPay, OVO, LinkAja",2 tahun – kurang dari 3 tahun,Rp25.000 – Rp49.999,Rp500.000 – Rp999.999,Banyak merchant yang menerima e-wallet,Saat membeli makanan/minuman,Memengaruhi,Sangat sering,5.0,4.0,5.0,4.0,4.0,5.0,4.0,4.0,5.0,3.0,5.0,4.0,4.0,5.0,5.0,5.0,3.0,4.0,4.0,5.0,4.0,4.0,5.0,3.0,Top-up mudah dan murah,Kemudahan top-up,Berniat,5.0,,4.5,4.25,4.25,4.75,4.0,4.0,4,False,3.0,20.0,3.0,2,4,4,2,4,4,5,4,5.0,1,Pengguna Aktif Responsif Promo
194,"Ya, saya bersedia","Ya, saya memenuhi seluruh kriteria tersebut",Perempuan,22.0,Semester 7,Rp500.000 – Rp999.999,Universitas Muhammadiyah Surabaya,"Sangat sering, lebih dari 10 kali dalam seminggu",Belanja online,4.0,ShopeePay,"OVO, ShopeePay",3 tahun atau lebih,Rp100.000 – Rp199.999,Rp1.000.000 atau lebih,Banyak promo/cashback,Saat belanja online,Sangat memengaruhi,Sangat sering,5.0,5.0,5.0,5.0,5.0,5.0,5.0,5.0,5.0,5.0,5.0,5.0,5.0,4.0,5.0,5.0,5.0,5.0,4.0,5.0,5.0,5.0,5.0,4.0,Integrasi dengan aplikasi belanja/transportasi,Kecepatan transaksi,Sangat berniat,5.0,,5.0,5.0,5.0,4.75,4.75,4.75,2,False,4.0,22.0,7.0,2,5,5,4,5,5,5,5,5.0,1,Pengguna Aktif Responsif Promo
195,"Ya, saya bersedia","Ya, saya memenuhi seluruh kriteria tersebut",Perempuan,19.0,Semester 2,Rp1.000.000 – Rp1.499.999,Universitas Negeri Malang,"Jarang, 1–2 kali dalam seminggu",Pembelian pulsa / paket data,2.0,DANA,"DANA, ShopeePay",6 bulan – kurang dari 1 tahun,Rp25.000 – Rp49.999,Rp100.000 – Rp299.999,Tidak perlu membawa uang tunai,Saat melakukan pembayaran rutin,Memengaruhi,Sering,4.0,4.0,4.0,4.0,4.0,4.0,4.0,4.0,4.0,4.0,4.0,4.0,5.0,4.0,4.0,5.0,4.0,5.0,5.0,5.0,5.0,5.0,5.0,4.0,Promo makanan/minuman,Jumlah promo/cashback,Sangat berniat,5.0,,4.0,4.0,4.0,4.5,4.75,4.75,2,False,2.0,19.0,2.0,3,2,2,2,2,4,4,5,5.0,1,Pengguna Aktif Responsif Promo
196,"Ya, saya bersedia","Ya, saya memenuhi seluruh kriteria tersebut",Perempuan,21.0,Semester 6,Kurang dari Rp500.000,Universitas Islam Negeri Syarif Hidayatullah,"Cukup sering, 3–5 kali dalam seminggu",Transfer ke teman / orang lain,2.0,DANA,DANA,1 tahun – kurang dari 2 tahun,Rp100.000 – Rp199.999,Rp300.000 – Rp499.999,Mudah untuk transfer uang,Saat transfer ke teman/keluarga,Sangat memengaruhi,Sering,4.0,4.0,5.0,4.0,4.0,4.0,5.0,5.0,4.0,5.0,5.0,5.0,5.0,4.0,4.0,4.0,5.0,4.0,5.0,5.0,4.0,5.0,4.0,4.0,Top-up mudah dan murah,Kemudahan top-up,Berniat,5.0,,4.25,4.5,4.75,4.25,4.75,4.25,1,False,2.0,21.0,6.0,1,3,3,4,3,5,4,4,5.0,1,Pengguna Aktif Responsif Promo
197,"Ya, saya bersedia","Ya, saya memenuhi seluruh kriteria tersebut",Perempuan,21.0,Semester 6,Rp1.000.000 – Rp1.499.999,Universitas Diponegoro,"Sering, 6–10 kali dalam seminggu",Pembelian makanan/minuman,3.0,GoPay,"DANA, GoPay, OVO",2 tahun – kurang dari 3 tahun,Rp25.000 – Rp49.999,Rp500.000 – Rp999.999,Praktis dan cepat,Saat membeli makanan/minuman,Memengaruhi,Sangat sering,4.0,5.0,4.0,4.0,5.0,5.0,5.0,5.0,4.0,4.0,5.0,5.0,4.0,4.0,5.0,4.0,5.0,4.0,4.0,4.0,5.0,4.0,4.0,5.0,Transfer gratis,Biaya admin,Berniat,5.0,,4.25,5.0,4.5,4.25,4.25,4.5,3,False,3.0,21.0,6.0,3,4,4,2,4,4,5,4,5.0,1,Pengguna Aktif Responsif Promo
198,"Ya, saya bersedia","Ya, saya memenuhi seluruh kriteria tersebut",Laki-Laki,19.0,Semester 1,Rp1.500.000 – Rp1.999.999,Universitas HKBP Nommensen,"Sering, 6–10 kali dalam seminggu",Pembelian makanan/minuman,3.0,DANA,"DANA, LinkAja",2 tahun – kurang dari 3 tahun,Rp25.000 – Rp49.999,Rp500.000 – Rp999.999,Praktis dan cepat,Saat membeli makanan/minuman,Sangat memengaruhi,Sangat sering,3.0,4.0,3.0,5.0,5.0,5.0,4.0,4.0,4.0,5.0,3.0,4.0,4.0,5.0,4.0,4.0,5.0,3.0,4.0,4.0,5.0,5.0,5.0,4.0,Integrasi dengan aplikasi belanja/transportasi,Kecepatan transaksi,Ragu-ragu,5.0,,3.75,4.5,4.0,4.25,4.0,4.75,2,False,3.0,19.0,1.0,4,4,4,2,4,5,5,3,5.0,1,Pengguna Aktif Responsif Promo
199,"Ya, saya bersedia","Ya, saya memenuhi seluruh kriteria tersebut",Perempuan,18.0,Semester 1,Kurang dari Rp500.000,Universitas Pancasila,"Sangat sering, lebih dari 10 kali dalam seminggu",Belanja online,4.0,ShopeePay,"DANA, GoPay, OVO, ShopeePay, LinkAja",3 tahun atau lebih,Rp50.000 – Rp99.999,Rp1.000.000 atau lebih,Banyak promo/cashback,Saat belanja online,Memengaruhi,Sangat sering,4.0,4.0,5.0,4.0,4.0,5.0,4.0,4.0,4.0,5.0,4.0,5.0,4.0,4.0,4.0,5.0,4.0,5.0,5.0,4.0,4.0,5.0,4.0,4.0,Promo makanan/minuman,Jumlah promo/cashback,Berniat,4.0,,4.25,4.25,4.5,4.25,4.5,4.25,5,False,4.0,18.0,1.0,1,5,5,3,5,4,5,4,4.0,1,Pengguna Aktif Responsif Promo
200,"Ya, saya bersedia","Ya, saya memenuhi seluruh kriteria tersebut",Perempuan,20.0,Semester 4,Rp1.000.000 – Rp1.499.999,Universitas Diponegoro,"Jarang, 1–2 kali dalam seminggu",Pembelian pulsa / paket data,2.0,iSaku,"LinkAja, iSaku",6 bulan – kurang dari 1 tahun,Rp25.000 – Rp49.999,Rp100.000 – Rp299.999,Tidak perlu membawa uang tunai,Saat melakukan pembayaran rutin,Sangat memengaruhi,Sering,4.0,5.0,4.0,4.0,4.0,5.0,4.0,4.0,4.0,4.0,4.0,4.0,5.0,5.0,4.0,4.0,4.0,5.0,5.0,4.0,4.0,4.0,4.0,4.0,Pembayaran transportasi,Jumlah merchant yang menerima e-wallet,Sangat berniat,5.0,,4.25,4.25,4.0,4.5,4.5,4.0,2,False,2.0,20.0,4.0,3,2,2,2,2,5,4,5,5.0,1,Pengguna Aktif Responsif Promo
201,"Ya, saya bersedia","Ya, saya memenuhi seluruh kriteria tersebut",Perempuan,19.0,Semester 1,Rp500.000 – Rp999.999,Universitas Pakuan,"Sangat sering, lebih dari 10 kali dalam seminggu",Belanja online,5.0,ShopeePay,"DANA, GoPay",3 tahun atau lebih,Rp100.000 – Rp199.999,Rp1.000.000 atau lebih,Banyak promo/cashback,Saat belanja online,Memengaruhi,Kadang-kadang,5.0,4.0,4.0,3.0,5.0,4.0,5.0,4.0,5.0,3.0,4.0,4.0,5.0,4.0,4.0,3.0,5.0,4.0,5.0,4.0,5.0,5.0,3.0,4.0,Integrasi dengan aplikasi belanja/transportasi,Kecepatan transaksi,Berniat,5.0,,4.0,4.5,4.0,4.0,4.5,4.25,2,False,5.0,19.0,1.0,2,5,5,4,5,4,3,4,5.0,1,Pengguna Aktif Responsif Promo
202,"Ya, saya bersedia","Ya, saya memenuhi seluruh kriteria tersebut",Laki-Laki,21.0,Semester 6,Kurang dari Rp500.000,Universitas Pendidikan Indonesia,"Jarang, 1–2 kali dalam seminggu",Pembelian pulsa / paket data,2.0,LinkAja,LinkAja,6 bulan – kurang dari 1 tahun,Rp25.000 – Rp49.999,Rp100.000 – Rp299.999,Tidak perlu membawa uang tunai,Saat melakukan pembayaran rutin,Memengaruhi,Sering,5.0,4.0,5.0,4.0,5.0,4.0,4.0,5.0,5.0,4.0,5.0,4.0,4.0,4.0,5.0,4.0,4.0,4.0,5.0,5.0,5.0,4.0,5.0,5.0,Keamanan akun yang lebih kuat,Keamanan akun,Sangat berniat,4.0,,4.5,4.5,4.5,4.25,4.5,4.75,1,False,2.0,21.0,6.0,1,2,2,2,2,4,4,5,4.0,1,Pengguna Aktif Responsif Promo
203,"Ya, saya bersedia","Ya, saya memenuhi seluruh kriteria tersebut",Perempuan,19.0,Semester 3,Rp500.000 – Rp999.999,Universitas Jenderal Soedirman,"Sangat sering, lebih dari 10 kali dalam seminggu",Belanja online,4.0,ShopeePay,"OVO, ShopeePay",3 tahun atau lebih,Rp100.000 – Rp199.999,Rp1.000.000 atau lebih,Mudah untuk belanja online,Saat belanja online,Sangat tidak memengaruhi,Jarang,2.0,2.0,1.0,1.0,2.0,1.0,1.0,1.0,1.0,1.0,1.0,1.0,1.0,2.0,2.0,1.0,1.0,1.0,2.0,2.0,1.0,1.0,2.0,2.0,Promo makanan/minuman,Jumlah promo/cashback,Tidak berniat,2.0,,1.5,1.25,1.0,1.5,1.5,1.5,2,False,4.0,19.0,3.0,2,5,5,4,5,1,2,2,2.0,2,Pengguna Positif Moderat/Selektif
204,"Ya, saya bersedia","Ya, saya memenuhi seluruh kriteria tersebut",Perempuan,20.0,Semester 3,Rp1.500.000 – Rp1.999.999,Universitas Sriwijaya,"Sangat sering, lebih dari 10 kali dalam seminggu",Pembelian makanan/minuman,4.0,GoPay,"DANA, GoPay, OVO, ShopeePay, LinkAja, iSaku",3 tahun atau lebih,Rp25.000 – Rp49.999,Rp1.000.000 atau lebih,Praktis dan cepat,Saat membeli makanan/minuman,Sangat memengaruhi,Sangat sering,5.0,5.0,5.0,5.0,5.0,4.0,4.0,4.0,4.0,4.0,4.0,4.0,4.0,4.0,4.0,4.0,5.0,4.0,4.0,4.0,4.0,4.0,4.0,4.0,Integrasi dengan aplikasi belanja/transportasi,Kecepatan transaksi,Berniat,4.0,,5.0,4.25,4.0,4.0,4.25,4.0,6,False,4.0,20.0,3.0,4,5,5,2,5,5,5,4,4.0,1,Pengguna Aktif Responsif Promo
205,"Ya, saya bersedia","Ya, saya memenuhi seluruh kriteria tersebut",Laki-Laki,18.0,Semester 1,Rp3.000.000 atau lebih,Universitas Muria Kudus,"Cukup sering, 3–5 kali dalam seminggu",Pembayaran tagihan,2.0,DANA,"DANA, GoPay, OVO, ShopeePay, LinkAja",1 tahun – kurang dari 2 tahun,Rp100.000 – Rp199.999,Rp300.000 – Rp499.999,Tidak perlu membawa uang tunai,Saat melakukan pembayaran rutin,Memengaruhi,Sering,4.0,4.0,4.0,2.0,4.0,4.0,4.0,4.0,4.0,4.0,4.0,5.0,4.0,5.0,5.0,5.0,4.0,5.0,5.0,5.0,5.0,4.0,5.0,5.0,Pembayaran UKT/kampus,Perlindungan data pribadi,Sangat berniat,4.0,,3.5,4.0,4.25,4.75,4.75,4.75,5,False,2.0,18.0,1.0,6,3,3,4,3,4,4,5,4.0,1,Pengguna Aktif Responsif Promo
206,"Ya, saya bersedia","Ya, saya memenuhi seluruh kriteria tersebut",Laki-Laki,21.0,Semester 6,Rp500.000 – Rp999.999,Universitas Islam Indonesia,"Cukup sering, 3–5 kali dalam seminggu",Transfer ke teman / orang lain,2.0,DANA,"DANA, GoPay, ShopeePay, LinkAja",1 tahun – kurang dari 2 tahun,Rp100.000 – Rp199.999,Rp300.000 – Rp499.999,Mudah untuk transfer uang,Saat transfer ke teman/keluarga,Memengaruhi,Sangat sering,5.0,5.0,4.0,5.0,4.0,4.0,4.0,4.0,5.0,4.0,4.0,4.0,5.0,4.0,4.0,5.0,5.0,5.0,5.0,5.0,4.0,5.0,4.0,5.0,Pembayaran transportasi,Jumlah merchant yang menerima e-wallet,Sangat berniat,4.0,,4.75,4.0,4.25,4.5,5.0,4.5,4,False,2.0,21.0,6.0,2,3,3,4,3,4,5,5,4.0,1,Pengguna Aktif Responsif Promo
207,"Ya, saya bersedia","Ya, saya memenuhi seluruh kriteria tersebut",Perempuan,21.0,Semester 6,Rp3.000.000 atau lebih,Universitas Garut,"Jarang, 1–2 kali dalam seminggu",Pembelian pulsa / paket data,2.0,DANA,"GoPay, OVO, ShopeePay",6 bulan – kurang dari 1 tahun,Rp25.000 – Rp49.999,Rp100.000 – Rp299.999,Tidak perlu membawa uang tunai,Saat melakukan pembayaran rutin,Tidak memengaruhi,Tidak pernah,2.0,2.0,1.0,1.0,1.0,1.0,2.0,1.0,1.0,1.0,2.0,1.0,2.0,2.0,2.0,2.0,2.0,2.0,2.0,2.0,2.0,2.0,1.0,1.0,Promo makanan/minuman,Jumlah promo/cashback,Tidak berniat,2.0,,1.5,1.25,1.25,2.0,2.0,1.5,3,False,2.0,21.0,6.0,6,2,2,2,2,2,1,2,2.0,2,Pengguna Positif Moderat/Selektif
208,"Ya, saya bersedia","Ya, saya memenuhi seluruh kriteria tersebut",Perempuan,20.0,Semester 5,Rp3.000.000 atau lebih,Universitas Brawijaya,"Jarang, 1–2 kali dalam seminggu",Belanja online,2.0,ShopeePay,"OVO, ShopeePay",2 tahun – kurang dari 3 tahun,Rp50.000 – Rp99.999,Rp100.000 – Rp299.999,Mudah untuk belanja online,Saat ada promo/cashback,Memengaruhi,Sering,4.0,5.0,5.0,5.0,4.0,5.0,4.0,4.0,5.0,4.0,4.0,4.0,4.0,5.0,4.0,5.0,4.0,4.0,5.0,5.0,4.0,4.0,5.0,4.0,Transfer gratis,Biaya admin,Sangat berniat,4.0,,4.75,4.25,4.25,4.5,4.5,4.25,2,False,2.0,20.0,5.0,6,2,4,3,2,4,4,5,4.0,1,Pengguna Aktif Responsif Promo
209,"Ya, saya bersedia","Ya, saya memenuhi seluruh kriteria tersebut",Perempuan,20.0,Semester 3,Rp500.000 – Rp999.999,Universitas Muhammadiyah Purworejo,"Sangat sering, lebih dari 10 kali dalam seminggu",Belanja online,4.0,ShopeePay,"DANA, GoPay, ShopeePay",3 tahun atau lebih,Rp100.000 – Rp199.999,Rp1.000.000 atau lebih,Mudah untuk belanja online,Saat belanja online,Sangat memengaruhi,Sering,4.0,5.0,4.0,4.0,4.0,5.0,1.0,2.0,1.0,2.0,2.0,2.0,1.0,2.0,1.0,2.0,2.0,2.0,2.0,1.0,2.0,1.0,2.0,1.0,Integrasi dengan aplikasi belanja/transportasi,Kecepatan transaksi,Tidak berniat,2.0,,4.25,3.0,1.75,1.5,1.75,1.5,3,False,4.0,20.0,3.0,2,5,5,4,5,5,4,2,2.0,2,Pengguna Positif Moderat/Selektif
210,"Ya, saya bersedia","Ya, saya memenuhi seluruh kriteria tersebut",Perempuan,22.0,Semester 7,Rp1.500.000 – Rp1.999.999,Universitas Pendidikan Indonesia,"Sangat sering, lebih dari 10 kali dalam seminggu",Belanja online,5.0,ShopeePay,"DANA, GoPay, OVO, ShopeePay, LinkAja, iSaku",3 tahun atau lebih,Rp100.000 – Rp199.999,Rp1.000.000 atau lebih,Banyak promo/cashback,Saat belanja online,Tidak memengaruhi,Jarang,1.0,1.0,2.0,2.0,2.0,1.0,1.0,1.0,1.0,1.0,1.0,2.0,2.0,1.0,1.0,1.0,2.0,2.0,1.0,1.0,2.0,2.0,2.0,2.0,Pembayaran UKT/kampus,Perlindungan data pribadi,Sangat tidak berniat,2.0,,1.5,1.25,1.25,1.25,1.5,2.0,6,False,5.0,22.0,7.0,4,5,5,4,5,2,2,1,2.0,2,Pengguna Positif Moderat/Selektif
211,"Ya, saya bersedia","Ya, saya memenuhi seluruh kriteria tersebut",Perempuan,22.0,Semester 7,Rp1.500.000 – Rp1.999.999,Universitas Islam Malang,"Sering, 6–10 kali dalam seminggu",Belanja online,3.0,ShopeePay,"ShopeePay, LinkAja",2 tahun – kurang dari 3 tahun,Rp50.000 – Rp99.999,Rp500.000 – Rp999.999,Mudah untuk belanja online,Saat belanja online,Cukup memengaruhi,Tidak pernah,2.0,2.0,1.0,1.0,1.0,1.0,3.0,1.0,2.0,1.0,3.0,1.0,3.0,2.0,2.0,2.0,2.0,2.0,2.0,2.0,2.0,2.0,1.0,1.0,Top-up mudah dan murah,Kemudahan top-up,Tidak berniat,2.0,,1.5,1.5,1.75,2.25,2.0,1.5,2,False,3.0,22.0,7.0,4,4,4,3,4,3,1,2,2.0,2,Pengguna Positif Moderat/Selektif
212,"Ya, saya bersedia","Ya, saya memenuhi seluruh kriteria tersebut",Laki-Laki,22.0,Semester 7,Rp500.000 – Rp999.999,Universitas Kuningan,"Sangat sering, lebih dari 10 kali dalam seminggu",Belanja online,4.0,ShopeePay,"DANA, GoPay, OVO, ShopeePay, LinkAja",3 tahun atau lebih,Rp100.000 – Rp199.999,Rp1.000.000 atau lebih,Banyak promo/cashback,Saat belanja online,Sangat memengaruhi,Sangat sering,5.0,5.0,5.0,5.0,5.0,5.0,5.0,5.0,5.0,5.0,5.0,5.0,4.0,5.0,5.0,5.0,5.0,4.0,5.0,5.0,5.0,5.0,4.0,5.0,Integrasi dengan aplikasi belanja/transportasi,Kecepatan transaksi,Sangat berniat,5.0,,5.0,5.0,5.0,4.75,4.75,4.75,5,False,4.0,22.0,7.0,2,5,5,4,5,5,5,5,5.0,1,Pengguna Aktif Responsif Promo
213,"Ya, saya bersedia","Ya, saya memenuhi seluruh kriteria tersebut",Perempuan,21.0,Semester 6,Rp2.000.000 – Rp2.999.999,Universitas Indonesia,"Cukup sering, 3–5 kali dalam seminggu",Pembayaran tagihan,2.0,DANA,"DANA, GoPay",1 tahun – kurang dari 2 tahun,Rp100.000 – Rp199.999,Rp300.000 – Rp499.999,Tidak perlu membawa uang tunai,Saat melakukan pembayaran rutin,Sangat tidak memengaruhi,Tidak pernah,2.0,2.0,2.0,1.0,1.0,2.0,1.0,1.0,1.0,1.0,1.0,1.0,1.0,1.0,2.0,2.0,1.0,1.0,1.0,2.0,2.0,1.0,1.0,2.0,Keamanan akun yang lebih kuat,Keamanan akun,Tidak berniat,2.0,,1.75,1.25,1.0,1.5,1.25,1.5,2,False,2.0,21.0,6.0,5,3,3,4,3,1,1,2,2.0,2,Pengguna Positif Moderat/Selektif
214,"Ya, saya bersedia","Ya, saya memenuhi seluruh kriteria tersebut",Perempuan,19.0,Semester 2,Rp500.000 – Rp999.999,Universitas Indonesia,"Sering, 6–10 kali dalam seminggu",Pembelian makanan/minuman,3.0,GoPay,"DANA, GoPay, OVO, ShopeePay",2 tahun – kurang dari 3 tahun,Rp50.000 – Rp99.999,Rp500.000 – Rp999.999,Praktis dan cepat,Saat membeli makanan/minuman,Sangat memengaruhi,Sangat sering,4.0,4.0,5.0,5.0,5.0,5.0,5.0,4.0,5.0,5.0,5.0,5.0,4.0,4.0,4.0,4.0,4.0,5.0,4.0,5.0,5.0,5.0,5.0,4.0,Transfer gratis,Biaya admin,Sangat berniat,5.0,,4.5,4.75,5.0,4.0,4.5,4.75,4,False,3.0,19.0,2.0,2,4,4,3,4,5,5,5,5.0,1,Pengguna Aktif Responsif Promo
215,"Ya, saya bersedia","Ya, saya memenuhi seluruh kriteria tersebut",Laki-Laki,21.0,Semester 5,Rp1.000.000 – Rp1.499.999,Universitas Muhammadiyah Gresik,"Sangat sering, lebih dari 10 kali dalam seminggu",Transfer ke teman / orang lain,5.0,DANA,"GoPay, OVO, ShopeePay",3 tahun atau lebih,Rp100.000 – Rp199.999,Rp1.000.000 atau lebih,Mudah untuk transfer uang,Saat transfer ke teman/keluarga,Memengaruhi,Sering,4.0,5.0,5.0,4.0,4.0,4.0,4.0,5.0,4.0,4.0,4.0,4.0,5.0,4.0,5.0,5.0,4.0,4.0,4.0,4.0,4.0,5.0,4.0,4.0,Transfer gratis,Biaya admin,Sangat berniat,5.0,,4.5,4.25,4.0,4.75,4.0,4.25,3,False,5.0,21.0,5.0,3,5,5,4,5,4,4,5,5.0,1,Pengguna Aktif Responsif Promo
216,"Ya, saya bersedia","Ya, saya memenuhi seluruh kriteria tersebut",Perempuan,19.0,Semester 2,Rp1.000.000 – Rp1.499.999,Universitas Padjadjaran,"Sering, 6–10 kali dalam seminggu",Transportasi,3.0,GoPay,"DANA, GoPay, ShopeePay",2 tahun – kurang dari 3 tahun,Rp25.000 – Rp49.999,Rp500.000 – Rp999.999,Tidak perlu membawa uang tunai,Saat tidak membawa uang tunai,Sangat memengaruhi,Sangat sering,5.0,5.0,5.0,5.0,5.0,5.0,5.0,5.0,4.0,5.0,5.0,5.0,5.0,4.0,4.0,4.0,4.0,4.0,5.0,4.0,5.0,5.0,5.0,5.0,Riwayat transaksi yang jelas,Perlindungan data pribadi,Berniat,5.0,,5.0,5.0,4.75,4.25,4.25,5.0,3,False,3.0,19.0,2.0,3,4,4,2,4,5,5,4,5.0,1,Pengguna Aktif Responsif Promo
217,"Ya, saya bersedia","Ya, saya memenuhi seluruh kriteria tersebut",Perempuan,19.0,Semester 2,Kurang dari Rp500.000,Universitas Islam Riau,"Sangat sering, lebih dari 10 kali dalam seminggu",Transfer ke teman / orang lain,4.0,DANA,"DANA, GoPay, OVO, ShopeePay, LinkAja",3 tahun atau lebih,Rp100.000 – Rp199.999,Rp1.000.000 atau lebih,Mudah untuk transfer uang,Saat transfer ke teman/keluarga,Sangat tidak memengaruhi,Jarang,1.0,1.0,2.0,1.0,2.0,2.0,1.0,1.0,1.0,2.0,2.0,1.0,1.0,2.0,2.0,2.0,1.0,2.0,1.0,2.0,2.0,1.0,2.0,1.0,Transfer gratis,Biaya admin,Tidak berniat,2.0,,1.25,1.5,1.5,1.75,1.5,1.5,5,False,4.0,19.0,2.0,1,5,5,4,5,1,2,2,2.0,2,Pengguna Positif Moderat/Selektif
218,"Ya, saya bersedia","Ya, saya memenuhi seluruh kriteria tersebut",Perempuan,22.0,Semester 7,Rp3.000.000 atau lebih,Universitas Maranatha,"Jarang, 1–2 kali dalam seminggu",Pembelian pulsa / paket data,2.0,LinkAja,"DANA, GoPay, OVO, ShopeePay, LinkAja, Sakuku",6 bulan – kurang dari 1 tahun,Rp25.000 – Rp49.999,Rp100.000 – Rp299.999,Tidak perlu membawa uang tunai,Saat melakukan pembayaran rutin,Memengaruhi,Sering,5.0,4.0,4.0,3.0,5.0,4.0,5.0,3.0,4.0,3.0,5.0,4.0,5.0,4.0,3.0,5.0,4.0,5.0,5.0,3.0,4.0,4.0,5.0,5.0,Riwayat transaksi yang jelas,Perlindungan data pribadi,Berniat,5.0,,4.0,4.25,4.0,4.25,4.25,4.5,6,False,2.0,22.0,7.0,6,2,2,2,2,4,4,4,5.0,1,Pengguna Aktif Responsif Promo
219,"Ya, saya bersedia","Ya, saya memenuhi seluruh kriteria tersebut",Perempuan,20.0,Semester 4,Rp3.000.000 atau lebih,Universitas Negeri Padang,"Jarang, 1–2 kali dalam seminggu",Pembelian pulsa / paket data,2.0,LinkAja,LinkAja,6 bulan – kurang dari 1 tahun,Rp25.000 – Rp49.999,Rp100.000 – Rp299.999,Tidak perlu membawa uang tunai,Saat melakukan pembayaran rutin,Memengaruhi,Sering,4.0,5.0,4.0,5.0,4.0,5.0,5.0,5.0,4.0,5.0,4.0,4.0,5.0,5.0,4.0,5.0,4.0,4.0,4.0,5.0,4.0,5.0,4.0,4.0,Cashback transaksi,Jumlah promo/cashback,Berniat,5.0,,4.5,4.75,4.25,4.75,4.25,4.25,1,False,2.0,20.0,4.0,6,2,2,2,2,4,4,4,5.0,1,Pengguna Aktif Responsif Promo
220,"Ya, saya bersedia","Ya, saya memenuhi seluruh kriteria tersebut",Laki-Laki,20.0,Semester 4,Rp1.000.000 – Rp1.499.999,Universitas Sriwijaya,"Sering, 6–10 kali dalam seminggu",Pembelian makanan/minuman,3.0,DANA,"DANA, GoPay, OVO, ShopeePay",2 tahun – kurang dari 3 tahun,Rp50.000 – Rp99.999,Rp500.000 – Rp999.999,Banyak merchant yang menerima e-wallet,Saat membeli makanan/minuman,Memengaruhi,Sangat sering,4.0,4.0,5.0,4.0,5.0,4.0,4.0,5.0,5.0,4.0,4.0,4.0,4.0,4.0,5.0,4.0,4.0,4.0,4.0,5.0,4.0,4.0,4.0,4.0,Transfer gratis,Biaya admin,Berniat,5.0,,4.25,4.5,4.25,4.25,4.25,4.0,4,False,3.0,20.0,4.0,3,4,4,3,4,4,5,4,5.0,1,Pengguna Aktif Responsif Promo
221,"Ya, saya bersedia","Ya, saya memenuhi seluruh kriteria tersebut",Perempuan,21.0,Semester 6,Rp2.000.000 – Rp2.999.999,Universitas Negeri Yogyakarta,"Jarang, 1–2 kali dalam seminggu",Pembelian makanan/minuman,2.0,OVO,"OVO, LinkAja",2 tahun – kurang dari 3 tahun,Rp25.000 – Rp49.999,Rp100.000 – Rp299.999,Banyak merchant yang menerima e-wallet,Saat membeli makanan/minuman,Sangat memengaruhi,Sering,5.0,5.0,5.0,5.0,5.0,5.0,4.0,4.0,5.0,5.0,4.0,5.0,5.0,4.0,4.0,4.0,5.0,5.0,4.0,4.0,4.0,4.0,5.0,4.0,Transfer gratis,Biaya admin,Berniat,4.0,,5.0,4.5,4.75,4.25,4.5,4.25,2,False,2.0,21.0,6.0,5,2,4,2,2,5,4,4,4.0,1,Pengguna Aktif Responsif Promo
222,"Ya, saya bersedia","Ya, saya memenuhi seluruh kriteria tersebut",Laki-Laki,22.0,Semester 8,Kurang dari Rp500.000,Universitas Bina Nusantara,"Jarang, 1–2 kali dalam seminggu",Pembelian pulsa / paket data,2.0,DANA,"DANA, GoPay, LinkAja",6 bulan – kurang dari 1 tahun,Rp25.000 – Rp49.999,Rp100.000 – Rp299.999,Tidak perlu membawa uang tunai,Saat melakukan pembayaran rutin,Memengaruhi,Sangat sering,4.0,4.0,4.0,4.0,4.0,4.0,5.0,4.0,5.0,4.0,4.0,4.0,4.0,4.0,5.0,4.0,4.0,5.0,4.0,4.0,5.0,4.0,5.0,4.0,Riwayat transaksi yang jelas,Perlindungan data pribadi,Sangat berniat,5.0,,4.0,4.25,4.25,4.25,4.25,4.5,3,False,2.0,22.0,8.0,1,2,2,2,2,4,5,5,5.0,1,Pengguna Aktif Responsif Promo
223,"Ya, saya bersedia","Ya, saya memenuhi seluruh kriteria tersebut",Perempuan,19.0,Semester 1,Rp1.500.000 – Rp1.999.999,Universitas Telkom,"Jarang, 1–2 kali dalam seminggu",Pembelian pulsa / paket data,2.0,iSaku,"LinkAja, iSaku",6 bulan – kurang dari 1 tahun,Rp25.000 – Rp49.999,Rp100.000 – Rp299.999,Tidak perlu membawa uang tunai,Saat melakukan pembayaran rutin,Memengaruhi,Sering,5.0,5.0,4.0,4.0,4.0,5.0,5.0,5.0,4.0,4.0,5.0,4.0,4.0,5.0,5.0,5.0,4.0,4.0,5.0,4.0,4.0,5.0,5.0,4.0,Cashback transaksi,Jumlah promo/cashback,Sangat berniat,4.0,,4.5,4.75,4.25,4.75,4.25,4.5,2,False,2.0,19.0,1.0,4,2,2,2,2,4,4,5,4.0,1,Pengguna Aktif Responsif Promo
224,"Ya, saya bersedia","Ya, saya memenuhi seluruh kriteria tersebut",Perempuan,21.0,Semester 6,Kurang dari Rp500.000,Universitas Padjadjaran,"Sering, 6–10 kali dalam seminggu",Belanja online,3.0,ShopeePay,"DANA, ShopeePay, LinkAja",2 tahun – kurang dari 3 tahun,Rp50.000 – Rp99.999,Rp500.000 – Rp999.999,Banyak promo/cashback,Saat belanja online,Memengaruhi,Sangat sering,4.0,4.0,4.0,5.0,4.0,4.0,4.0,4.0,4.0,4.0,4.0,5.0,5.0,4.0,5.0,5.0,5.0,4.0,5.0,5.0,4.0,5.0,5.0,5.0,Cashback transaksi,Jumlah promo/cashback,Sangat berniat,5.0,,4.25,4.0,4.25,4.75,4.75,4.75,3,False,3.0,21.0,6.0,1,4,4,3,4,4,5,5,5.0,1,Pengguna Aktif Responsif Promo
225,"Ya, saya bersedia","Ya, saya memenuhi seluruh kriteria tersebut",Perempuan,18.0,Semester 2,Rp2.000.000 – Rp2.999.999,Universitas Islam Indonesia,"Sangat sering, lebih dari 10 kali dalam seminggu",Transfer ke teman / orang lain,5.0,DANA,"DANA, GoPay, ShopeePay, LinkAja",3 tahun atau lebih,Rp100.000 – Rp199.999,Rp1.000.000 atau lebih,Mudah untuk transfer uang,Saat transfer ke teman/keluarga,Memengaruhi,Sangat sering,4.0,5.0,5.0,4.0,4.0,5.0,5.0,4.0,4.0,4.0,5.0,4.0,5.0,5.0,5.0,5.0,5.0,4.0,5.0,4.0,5.0,5.0,5.0,5.0,Promo makanan/minuman,Jumlah promo/cashback,Sangat berniat,4.0,,4.5,4.5,4.25,5.0,4.5,5.0,4,False,5.0,18.0,2.0,5,5,5,4,5,4,5,5,4.0,1,Pengguna Aktif Responsif Promo
226,"Ya, saya bersedia","Ya, saya memenuhi seluruh kriteria tersebut",Perempuan,18.0,Semester 1,Rp500.000 – Rp999.999,Universitas Gadjah Mada,"Sering, 6–10 kali dalam seminggu",Belanja online,3.0,ShopeePay,"DANA, GoPay, ShopeePay, LinkAja",2 tahun – kurang dari 3 tahun,Rp50.000 – Rp99.999,Rp500.000 – Rp999.999,Mudah untuk belanja online,Saat ada promo/cashback,Memengaruhi,Sangat sering,5.0,5.0,5.0,4.0,4.0,5.0,4.0,5.0,5.0,4.0,5.0,5.0,4.0,5.0,4.0,5.0,5.0,5.0,4.0,5.0,4.0,4.0,5.0,5.0,Riwayat transaksi yang jelas,Perlindungan data pribadi,Berniat,4.0,,4.75,4.5,4.75,4.5,4.75,4.5,4,False,3.0,18.0,1.0,2,4,4,3,4,4,5,4,4.0,1,Pengguna Aktif Responsif Promo
227,"Ya, saya bersedia","Ya, saya memenuhi seluruh kriteria tersebut",Perempuan,22.0,Semester 8,Rp1.000.000 – Rp1.499.999,Universitas Ibn Khaldun,"Sering, 6–10 kali dalam seminggu",Pembelian makanan/minuman,3.0,GoPay,"DANA, GoPay, OVO, ShopeePay",2 tahun – kurang dari 3 tahun,Rp25.000 – Rp49.999,Rp500.000 – Rp999.999,Praktis dan cepat,Saat membeli makanan/minuman,Sangat memengaruhi,Sering,4.0,3.0,5.0,4.0,5.0,4.0,5.0,4.0,4.0,3.0,5.0,4.0,4.0,3.0,5.0,4.0,5.0,4.0,5.0,5.0,4.0,5.0,4.0,3.0,Pembayaran transportasi,Jumlah merchant yang menerima e-wallet,Sangat berniat,4.0,,4.0,4.5,4.0,4.0,4.75,4.0,4,False,3.0,22.0,8.0,3,4,4,2,4,5,4,5,4.0,1,Pengguna Aktif Responsif Promo
228,"Ya, saya bersedia","Ya, saya memenuhi seluruh kriteria tersebut",Perempuan,18.0,Semester 1,Rp2.000.000 – Rp2.999.999,Universitas Negeri Makassar,"Sangat sering, lebih dari 10 kali dalam seminggu",Pembelian makanan/minuman,4.0,GoPay,"DANA, GoPay, OVO, ShopeePay, LinkAja, iSaku",3 tahun atau lebih,Rp50.000 – Rp99.999,Rp1.000.000 atau lebih,Praktis dan cepat,Saat membeli makanan/minuman,Memengaruhi,Sering,5.0,5.0,4.0,5.0,5.0,5.0,5.0,5.0,4.0,4.0,5.0,5.0,5.0,4.0,5.0,5.0,4.0,5.0,4.0,4.0,5.0,5.0,4.0,5.0,Pembayaran transportasi,Jumlah merchant yang menerima e-wallet,Sangat berniat,5.0,,4.75,5.0,4.5,4.75,4.25,4.75,6,False,4.0,18.0,1.0,5,5,5,3,5,4,4,5,5.0,1,Pengguna Aktif Responsif Promo
229,"Ya, saya bersedia","Ya, saya memenuhi seluruh kriteria tersebut",Perempuan,22.0,Semester 8,Kurang dari Rp500.000,Universitas Singaperbangsa Karawang,"Sangat sering, lebih dari 10 kali dalam seminggu",Pembelian makanan/minuman,4.0,GoPay,"DANA, GoPay, OVO, ShopeePay",3 tahun atau lebih,Rp25.000 – Rp49.999,Rp1.000.000 atau lebih,Praktis dan cepat,Saat ada promo/cashback,Memengaruhi,Sangat sering,4.0,3.0,5.0,4.0,4.0,5.0,4.0,5.0,5.0,3.0,5.0,5.0,4.0,5.0,4.0,3.0,5.0,3.0,4.0,4.0,3.0,5.0,4.0,3.0,Transfer gratis,Biaya admin,Sangat berniat,3.0,,4.0,4.5,4.5,4.0,4.0,3.75,4,False,4.0,22.0,8.0,1,5,5,2,5,4,5,5,3.0,1,Pengguna Aktif Responsif Promo
230,"Ya, saya bersedia","Ya, saya memenuhi seluruh kriteria tersebut",Perempuan,21.0,Semester 5,Rp1.000.000 – Rp1.499.999,Universitas Islam Lamongan,"Sangat sering, lebih dari 10 kali dalam seminggu",Transfer ke teman / orang lain,5.0,DANA,"DANA, GoPay, OVO, ShopeePay, LinkAja",3 tahun atau lebih,Rp100.000 – Rp199.999,Rp1.000.000 atau lebih,Mudah untuk transfer uang,Saat transfer ke teman/keluarga,Sangat memengaruhi,Sangat sering,5.0,5.0,5.0,4.0,5.0,5.0,4.0,4.0,5.0,4.0,5.0,4.0,5.0,5.0,4.0,5.0,5.0,5.0,5.0,4.0,5.0,5.0,4.0,5.0,Transfer gratis,Biaya admin,Sangat berniat,5.0,,4.75,4.5,4.5,4.75,4.75,4.75,5,False,5.0,21.0,5.0,3,5,5,4,5,5,5,5,5.0,1,Pengguna Aktif Responsif Promo
231,"Ya, saya bersedia","Ya, saya memenuhi seluruh kriteria tersebut",Laki-Laki,22.0,Semester 8,Rp2.000.000 – Rp2.999.999,Universitas Pelita Harapan,"Cukup sering, 3–5 kali dalam seminggu",Transfer ke teman / orang lain,2.0,DANA,"DANA, LinkAja",1 tahun – kurang dari 2 tahun,Rp100.000 – Rp199.999,Rp300.000 – Rp499.999,Mudah untuk transfer uang,Saat transfer ke teman/keluarga,Memengaruhi,Sangat sering,4.0,4.0,4.0,5.0,4.0,5.0,4.0,4.0,5.0,4.0,4.0,5.0,4.0,4.0,4.0,4.0,5.0,4.0,5.0,5.0,5.0,4.0,5.0,4.0,Transfer gratis,Biaya admin,Sangat berniat,4.0,,4.25,4.25,4.5,4.0,4.75,4.5,2,False,2.0,22.0,8.0,5,3,3,4,3,4,5,5,4.0,1,Pengguna Aktif Responsif Promo
232,"Ya, saya bersedia","Ya, saya memenuhi seluruh kriteria tersebut",Perempuan,22.0,Semester 7,Rp1.500.000 – Rp1.999.999,Universitas Pendidikan Indonesia,"Sangat sering, lebih dari 10 kali dalam seminggu",Belanja online,4.0,ShopeePay,"DANA, GoPay, OVO, ShopeePay, LinkAja",3 tahun atau lebih,Rp100.000 – Rp199.999,Rp1.000.000 atau lebih,Banyak promo/cashback,Saat belanja online,Sangat memengaruhi,Sering,4.0,5.0,4.0,5.0,4.0,4.0,5.0,5.0,4.0,4.0,5.0,4.0,4.0,4.0,4.0,4.0,4.0,4.0,4.0,4.0,5.0,4.0,5.0,4.0,Promo makanan/minuman,Jumlah promo/cashback,Berniat,5.0,,4.5,4.5,4.25,4.0,4.0,4.5,5,False,4.0,22.0,7.0,4,5,5,4,5,5,4,4,5.0,1,Pengguna Aktif Responsif Promo
233,"Ya, saya bersedia","Ya, saya memenuhi seluruh kriteria tersebut",Laki-Laki,19.0,Semester 2,Rp500.000 – Rp999.999,Universitas Negeri Gorontalo,"Sangat sering, lebih dari 10 kali dalam seminggu",Belanja online,5.0,ShopeePay,"DANA, GoPay, OVO, ShopeePay, LinkAja",3 tahun atau lebih,Rp100.000 – Rp199.999,Rp1.000.000 atau lebih,Banyak promo/cashback,Saat belanja online,Memengaruhi,Sangat sering,4.0,4.0,5.0,5.0,4.0,4.0,5.0,4.0,4.0,4.0,5.0,4.0,4.0,5.0,4.0,4.0,5.0,5.0,4.0,5.0,5.0,4.0,4.0,4.0,Top-up mudah dan murah,Kemudahan top-up,Sangat berniat,4.0,,4.5,4.25,4.25,4.25,4.75,4.25,5,False,5.0,19.0,2.0,2,5,5,4,5,4,5,5,4.0,1,Pengguna Aktif Responsif Promo
234,"Ya, saya bersedia","Ya, saya memenuhi seluruh kriteria tersebut",Perempuan,20.0,Semester 4,Rp1.500.000 – Rp1.999.999,Universitas Trisakti,"Sering, 6–10 kali dalam seminggu",Belanja online,3.0,ShopeePay,"DANA, ShopeePay, LinkAja",2 tahun – kurang dari 3 tahun,Rp50.000 – Rp99.999,Rp500.000 – Rp999.999,Banyak promo/cashback,Saat belanja online,Memengaruhi,Sangat sering,4.0,5.0,5.0,5.0,5.0,4.0,5.0,5.0,5.0,4.0,5.0,5.0,5.0,4.0,5.0,5.0,5.0,5.0,5.0,5.0,4.0,5.0,5.0,5.0,Transfer gratis,Biaya admin,Sangat berniat,5.0,,4.75,4.75,4.75,4.75,5.0,4.75,3,False,3.0,20.0,4.0,4,4,4,3,4,4,5,5,5.0,1,Pengguna Aktif Responsif Promo
235,"Ya, saya bersedia","Ya, saya memenuhi seluruh kriteria tersebut",Laki-Laki,19.0,Semester 1,Rp1.500.000 – Rp1.999.999,Universitas Islam Negeri Sultan Syarif Kasim,"Sering, 6–10 kali dalam seminggu",Pembelian makanan/minuman,3.0,DANA,"DANA, GoPay, ShopeePay",2 tahun – kurang dari 3 tahun,Rp25.000 – Rp49.999,Rp500.000 – Rp999.999,Praktis dan cepat,Saat membeli makanan/minuman,Memengaruhi,Sangat sering,5.0,3.0,4.0,3.0,5.0,5.0,5.0,4.0,4.0,4.0,5.0,3.0,4.0,4.0,5.0,4.0,4.0,5.0,3.0,4.0,4.0,5.0,5.0,5.0,Integrasi dengan aplikasi belanja/transportasi,Kecepatan transaksi,Berniat,3.0,,3.75,4.75,4.0,4.25,4.0,4.75,3,False,3.0,19.0,1.0,4,4,4,2,4,4,5,4,3.0,1,Pengguna Aktif Responsif Promo
236,"Ya, saya bersedia","Ya, saya memenuhi seluruh kriteria tersebut",Perempuan,21.0,Semester 5,Rp500.000 – Rp999.999,Universitas Dr Soetomo,"Sering, 6–10 kali dalam seminggu",Pembelian makanan/minuman,3.0,OVO,"DANA, GoPay, OVO",2 tahun – kurang dari 3 tahun,Rp25.000 – Rp49.999,Rp500.000 – Rp999.999,Praktis dan cepat,Saat tidak membawa uang tunai,Sangat tidak memengaruhi,Tidak pernah,2.0,2.0,1.0,1.0,3.0,1.0,2.0,1.0,2.0,1.0,1.0,1.0,1.0,2.0,1.0,2.0,2.0,1.0,2.0,2.0,2.0,2.0,1.0,2.0,Cashback transaksi,Jumlah promo/cashback,Sangat tidak berniat,2.0,,1.5,1.75,1.25,1.5,1.75,1.75,3,False,3.0,21.0,5.0,2,4,4,2,4,1,1,1,2.0,2,Pengguna Positif Moderat/Selektif
237,"Ya, saya bersedia","Ya, saya memenuhi seluruh kriteria tersebut",Perempuan,21.0,Semester 6,Rp3.000.000 atau lebih,Universitas Veteran Bangun Nusantara,"Cukup sering, 3–5 kali dalam seminggu",Transfer ke teman / orang lain,2.0,DANA,"DANA, GoPay, OVO, ShopeePay, Sakuku",1 tahun – kurang dari 2 tahun,Rp100.000 – Rp199.999,Rp300.000 – Rp499.999,Mudah untuk transfer uang,Saat transfer ke teman/keluarga,Sangat tidak memengaruhi,Tidak pernah,1.0,2.0,1.0,2.0,1.0,4.0,4.0,4.0,4.0,4.0,4.0,5.0,4.0,4.0,5.0,4.0,5.0,5.0,5.0,5.0,5.0,5.0,4.0,5.0,Keamanan akun yang lebih kuat,Keamanan akun,Sangat berniat,4.0,,1.5,3.25,4.25,4.25,5.0,4.75,5,False,2.0,21.0,6.0,6,3,3,4,3,1,1,5,4.0,1,Pengguna Aktif Responsif Promo
238,"Ya, saya bersedia","Ya, saya memenuhi seluruh kriteria tersebut",Perempuan,20.0,Semester 4,Kurang dari Rp500.000,Universitas Jenderal Soedirman,"Jarang, 1–2 kali dalam seminggu",Pembelian pulsa / paket data,2.0,DANA,"DANA, GoPay, LinkAja",6 bulan – kurang dari 1 tahun,Rp25.000 – Rp49.999,Rp100.000 – Rp299.999,Tidak perlu membawa uang tunai,Saat melakukan pembayaran rutin,Sangat memengaruhi,Sering,4.0,5.0,4.0,5.0,5.0,5.0,5.0,4.0,4.0,4.0,4.0,4.0,5.0,5.0,4.0,4.0,4.0,5.0,4.0,5.0,4.0,4.0,5.0,5.0,Cashback transaksi,Jumlah promo/cashback,Berniat,4.0,,4.5,4.75,4.0,4.5,4.5,4.5,3,False,2.0,20.0,4.0,1,2,2,2,2,5,4,4,4.0,1,Pengguna Aktif Responsif Promo
239,"Ya, saya bersedia","Ya, saya memenuhi seluruh kriteria tersebut",Perempuan,22.0,Semester 7,Rp1.500.000 – Rp1.999.999,Universitas Negeri Malang,"Sangat sering, lebih dari 10 kali dalam seminggu",Belanja online,5.0,ShopeePay,"DANA, GoPay, OVO, ShopeePay, LinkAja, Sakuku",3 tahun atau lebih,Rp100.000 – Rp199.999,Rp1.000.000 atau lebih,Banyak promo/cashback,Saat belanja online,Sangat tidak memengaruhi,Jarang,2.0,1.0,1.0,2.0,2.0,2.0,1.0,1.0,1.0,1.0,1.0,1.0,2.0,2.0,1.0,1.0,1.0,2.0,2.0,1.0,1.0,2.0,2.0,2.0,Pembayaran UKT/kampus,Perlindungan data pribadi,Tidak berniat,1.0,,1.5,1.5,1.0,1.5,1.5,1.75,6,False,5.0,22.0,7.0,4,5,5,4,5,1,2,2,1.0,2,Pengguna Positif Moderat/Selektif
240,"Ya, saya bersedia","Ya, saya memenuhi seluruh kriteria tersebut",Laki-Laki,22.0,Semester 8,Rp3.000.000 atau lebih,Universitas Syiah Kuala,"Sangat sering, lebih dari 10 kali dalam seminggu",Pembelian makanan/minuman,5.0,OVO,DANA,3 tahun atau lebih,Rp50.000 – Rp99.999,Rp1.000.000 atau lebih,Praktis dan cepat,Saat ada promo/cashback,Sangat memengaruhi,Sering,5.0,5.0,4.0,5.0,4.0,5.0,4.0,5.0,4.0,4.0,4.0,4.0,5.0,4.0,5.0,4.0,5.0,4.0,4.0,4.0,5.0,4.0,5.0,4.0,Transfer gratis,Biaya admin,Sangat berniat,5.0,,4.75,4.5,4.0,4.5,4.25,4.5,1,False,5.0,22.0,8.0,6,5,5,3,5,5,4,5,5.0,1,Pengguna Aktif Responsif Promo
241,"Ya, saya bersedia","Ya, saya memenuhi seluruh kriteria tersebut",Laki-Laki,20.0,Semester 3,Kurang dari Rp500.000,Universitas Airlangga,"Sangat sering, lebih dari 10 kali dalam seminggu",Pembelian makanan/minuman,4.0,GoPay,LinkAja,3 tahun atau lebih,Rp50.000 – Rp99.999,Rp1.000.000 atau lebih,Praktis dan cepat,Saat ada promo/cashback,Sangat memengaruhi,Sering,5.0,5.0,5.0,4.0,5.0,5.0,5.0,5.0,5.0,4.0,5.0,5.0,5.0,5.0,4.0,5.0,5.0,5.0,4.0,5.0,5.0,5.0,4.0,5.0,Transfer gratis,Biaya admin,Sangat berniat,4.0,,4.75,5.0,4.75,4.75,4.75,4.75,1,False,4.0,20.0,3.0,1,5,5,3,5,5,4,5,4.0,1,Pengguna Aktif Responsif Promo
242,"Ya, saya bersedia","Ya, saya memenuhi seluruh kriteria tersebut",Perempuan,19.0,Semester 2,Kurang dari Rp500.000,Universitas Negeri Surabaya,"Cukup sering, 3–5 kali dalam seminggu",Pembelian makanan/minuman,2.0,GoPay,"DANA, GoPay",1 tahun – kurang dari 2 tahun,Rp25.000 – Rp49.999,Rp300.000 – Rp499.999,Praktis dan cepat,Saat tidak membawa uang tunai,Sangat tidak memengaruhi,Tidak pernah,2.0,2.0,2.0,3.0,1.0,2.0,1.0,1.0,1.0,1.0,1.0,2.0,2.0,2.0,2.0,2.0,1.0,2.0,2.0,2.0,2.0,2.0,2.0,2.0,Cashback transaksi,Jumlah promo/cashback,Tidak berniat,2.0,,2.25,1.25,1.25,2.0,1.75,2.0,2,False,2.0,19.0,2.0,1,3,3,2,3,1,1,2,2.0,2,Pengguna Positif Moderat/Selektif
243,"Ya, saya bersedia","Ya, saya memenuhi seluruh kriteria tersebut",Perempuan,22.0,Semester 8,Rp1.500.000 – Rp1.999.999,Universitas Hasanuddin,"Sangat sering, lebih dari 10 kali dalam seminggu",Belanja online,4.0,ShopeePay,"GoPay, OVO, ShopeePay, LinkAja",3 tahun atau lebih,Rp100.000 – Rp199.999,Rp1.000.000 atau lebih,Mudah untuk belanja online,Saat belanja online,Memengaruhi,Sangat sering,4.0,4.0,4.0,5.0,4.0,5.0,5.0,5.0,4.0,4.0,5.0,4.0,5.0,5.0,4.0,4.0,5.0,4.0,4.0,5.0,5.0,4.0,5.0,4.0,Cashback transaksi,Jumlah promo/cashback,Berniat,4.0,,4.25,4.75,4.25,4.5,4.5,4.5,4,False,4.0,22.0,8.0,4,5,5,4,5,4,5,4,4.0,1,Pengguna Aktif Responsif Promo
244,"Ya, saya bersedia","Ya, saya memenuhi seluruh kriteria tersebut",Laki-Laki,20.0,Semester 3,Rp1.500.000 – Rp1.999.999,Universitas Andalas,"Sering, 6–10 kali dalam seminggu",Pembelian makanan/minuman,3.0,GoPay,"DANA, GoPay, OVO, LinkAja",2 tahun – kurang dari 3 tahun,Rp25.000 – Rp49.999,Rp500.000 – Rp999.999,Praktis dan cepat,Saat tidak membawa uang tunai,Sangat memengaruhi,Sangat sering,4.0,4.0,4.0,5.0,4.0,5.0,4.0,5.0,5.0,4.0,4.0,4.0,5.0,5.0,4.0,4.0,5.0,4.0,4.0,5.0,4.0,4.0,5.0,4.0,Top-up mudah dan murah,Kemudahan top-up,Berniat,4.0,,4.25,4.5,4.25,4.5,4.5,4.25,4,False,3.0,20.0,3.0,4,4,4,2,4,5,5,4,4.0,1,Pengguna Aktif Responsif Promo
245,"Ya, saya bersedia","Ya, saya memenuhi seluruh kriteria tersebut",Perempuan,22.0,Semester 8,Rp1.500.000 – Rp1.999.999,Universitas Nusantara PGRI Kediri,"Sangat sering, lebih dari 10 kali dalam seminggu",Pembelian makanan/minuman,4.0,GoPay,"DANA, GoPay, OVO, ShopeePay",3 tahun atau lebih,Rp50.000 – Rp99.999,Rp1.000.000 atau lebih,Praktis dan cepat,Saat membeli makanan/minuman,Sangat tidak memengaruhi,Tidak pernah,1.0,2.0,1.0,2.0,1.0,2.0,1.0,3.0,2.0,3.0,2.0,1.0,2.0,2.0,1.0,2.0,1.0,1.0,2.0,2.0,1.0,2.0,1.0,2.0,Promo makanan/minuman,Jumlah promo/cashback,Tidak berniat,2.0,,1.5,1.75,2.0,1.75,1.5,1.5,4,False,4.0,22.0,8.0,4,5,5,3,5,1,1,2,2.0,2,Pengguna Positif Moderat/Selektif
246,"Ya, saya bersedia","Ya, saya memenuhi seluruh kriteria tersebut",Laki-Laki,22.0,Semester 7,Rp500.000 – Rp999.999,Universitas Sriwijaya,"Cukup sering, 3–5 kali dalam seminggu",Transfer ke teman / orang lain,2.0,DANA,"DANA, LinkAja",1 tahun – kurang dari 2 tahun,Rp100.000 – Rp199.999,Rp300.000 – Rp499.999,Mudah untuk transfer uang,Saat transfer ke teman/keluarga,Sangat memengaruhi,Sering,5.0,4.0,5.0,4.0,4.0,5.0,4.0,5.0,5.0,4.0,5.0,4.0,4.0,5.0,4.0,5.0,4.0,4.0,5.0,4.0,5.0,4.0,4.0,5.0,Transfer gratis,Biaya admin,Berniat,5.0,,4.5,4.5,4.5,4.5,4.25,4.5,2,False,2.0,22.0,7.0,2,3,3,4,3,5,4,4,5.0,1,Pengguna Aktif Responsif Promo
247,"Ya, saya bersedia","Ya, saya memenuhi seluruh kriteria tersebut",Perempuan,22.0,Semester 7,Rp3.000.000 atau lebih,Universitas Islam Negeri Sunan Ampel,"Jarang, 1–2 kali dalam seminggu",Pembelian pulsa / paket data,2.0,LinkAja,LinkAja,6 bulan – kurang dari 1 tahun,Rp25.000 – Rp49.999,Rp100.000 – Rp299.999,Tidak perlu membawa uang tunai,Saat melakukan pembayaran rutin,Sangat memengaruhi,Sering,4.0,5.0,4.0,4.0,3.0,5.0,4.0,5.0,3.0,4.0,3.0,5.0,4.0,5.0,4.0,3.0,5.0,4.0,5.0,5.0,3.0,4.0,4.0,5.0,Riwayat transaksi yang jelas,Perlindungan data pribadi,Sangat berniat,4.0,,4.25,4.25,3.75,4.0,4.75,4.0,1,False,2.0,22.0,7.0,6,2,2,2,2,5,4,5,4.0,1,Pengguna Aktif Responsif Promo
248,"Ya, saya bersedia","Ya, saya memenuhi seluruh kriteria tersebut",Perempuan,19.0,Semester 1,Rp3.000.000 atau lebih,Universitas Sebelas Maret,"Sangat jarang, kurang dari 1 kali dalam seminggu",Pembayaran tagihan,1.0,DANA,DANA,6 bulan – kurang dari 1 tahun,Rp100.000 – Rp199.999,Kurang dari Rp100.000,Mudah untuk transfer uang,Saat melakukan pembayaran rutin,Sangat memengaruhi,Sering,4.0,4.0,4.0,5.0,4.0,5.0,4.0,4.0,4.0,4.0,4.0,5.0,5.0,5.0,4.0,4.0,4.0,5.0,4.0,4.0,4.0,5.0,5.0,4.0,Riwayat transaksi yang jelas,Perlindungan data pribadi,Berniat,4.0,,4.25,4.25,4.25,4.5,4.25,4.5,1,False,1.0,19.0,1.0,6,1,2,4,1,5,4,4,4.0,1,Pengguna Aktif Responsif Promo
249,"Ya, saya bersedia","Ya, saya memenuhi seluruh kriteria tersebut",Laki-Laki,22.0,Semester 9 atau lebih,Rp1.500.000 – Rp1.999.999,Universitas Indonesia,"Jarang, 1–2 kali dalam seminggu",Pembelian pulsa / paket data,2.0,ShopeePay,"ShopeePay, LinkAja",6 bulan – kurang dari 1 tahun,Rp25.000 – Rp49.999,Rp100.000 – Rp299.999,Tidak perlu membawa uang tunai,Saat melakukan pembayaran rutin,Memengaruhi,Sangat sering,5.0,4.0,4.0,5.0,4.0,5.0,4.0,5.0,5.0,4.0,5.0,4.0,5.0,4.0,5.0,4.0,5.0,4.0,4.0,5.0,5.0,5.0,4.0,5.0,Top-up mudah dan murah,Kemudahan top-up,Berniat,5.0,,4.5,4.5,4.5,4.5,4.5,4.75,2,False,2.0,22.0,9.0,4,2,2,2,2,4,5,4,5.0,1,Pengguna Aktif Responsif Promo
250,"Ya, saya bersedia","Ya, saya memenuhi seluruh kriteria tersebut",Laki-Laki,19.0,Semester 1,Rp1.500.000 – Rp1.999.999,Universitas Peradaban,"Sangat sering, lebih dari 10 kali dalam seminggu",Pembelian makanan/minuman,4.0,GoPay,"DANA, GoPay, OVO, ShopeePay",3 tahun atau lebih,Rp25.000 – Rp49.999,Rp1.000.000 atau lebih,Praktis dan cepat,Saat ada promo/cashback,Sangat memengaruhi,Sangat sering,5.0,5.0,5.0,5.0,5.0,5.0,5.0,4.0,4.0,5.0,4.0,5.0,5.0,4.0,4.0,4.0,4.0,5.0,5.0,4.0,4.0,4.0,4.0,5.0,Transfer gratis,Biaya admin,Sangat berniat,4.0,,5.0,4.75,4.5,4.25,4.5,4.25,4,False,4.0,19.0,1.0,4,5,5,2,5,5,5,5,4.0,1,Pengguna Aktif Responsif Promo
251,"Ya, saya bersedia","Ya, saya memenuhi seluruh kriteria tersebut",Laki-Laki,21.0,Semester 6,Kurang dari Rp500.000,Universitas Telkom,"Jarang, 1–2 kali dalam seminggu",Belanja online,2.0,ShopeePay,"OVO, ShopeePay",2 tahun – kurang dari 3 tahun,Rp50.000 – Rp99.999,Rp100.000 – Rp299.999,Mudah untuk belanja online,Saat ada promo/cashback,Memengaruhi,Sering,5.0,5.0,4.0,4.0,4.0,4.0,5.0,4.0,4.0,4.0,4.0,5.0,4.0,5.0,5.0,4.0,4.0,4.0,4.0,4.0,5.0,4.0,4.0,5.0,Integrasi dengan aplikasi belanja/transportasi,Kecepatan transaksi,Sangat berniat,5.0,,4.5,4.25,4.25,4.5,4.0,4.5,2,False,2.0,21.0,6.0,1,2,4,3,2,4,4,5,5.0,1,Pengguna Aktif Responsif Promo
252,"Ya, saya bersedia","Ya, saya memenuhi seluruh kriteria tersebut",Perempuan,20.0,Semester 4,Rp2.000.000 – Rp2.999.999,Universitas Katolik Indonesia Atma Jaya,"Sering, 6–10 kali dalam seminggu",Pembelian makanan/minuman,3.0,DANA,"DANA, GoPay, OVO, ShopeePay",2 tahun – kurang dari 3 tahun,Rp25.000 – Rp49.999,Rp500.000 – Rp999.999,Banyak merchant yang menerima e-wallet,Saat membeli makanan/minuman,Memengaruhi,Sangat sering,5.0,5.0,4.0,5.0,4.0,5.0,4.0,5.0,5.0,5.0,4.0,5.0,5.0,4.0,5.0,4.0,5.0,4.0,5.0,4.0,5.0,5.0,4.0,5.0,Promo makanan/minuman,Jumlah promo/cashback,Berniat,4.0,,4.75,4.5,4.75,4.5,4.5,4.75,4,False,3.0,20.0,4.0,5,4,4,2,4,4,5,4,4.0,1,Pengguna Aktif Responsif Promo
253,"Ya, saya bersedia","Ya, saya memenuhi seluruh kriteria tersebut",Perempuan,20.0,Semester 3,Rp1.000.000 – Rp1.499.999,Universitas Sriwijaya,"Sering, 6–10 kali dalam seminggu",Pembelian makanan/minuman,3.0,GoPay,"DANA, GoPay, OVO, LinkAja",2 tahun – kurang dari 3 tahun,Rp25.000 – Rp49.999,Rp500.000 – Rp999.999,Praktis dan cepat,Saat tidak membawa uang tunai,Memengaruhi,Sering,5.0,4.0,4.0,4.0,5.0,5.0,4.0,5.0,4.0,5.0,4.0,5.0,4.0,4.0,5.0,4.0,4.0,2.0,5.0,4.0,5.0,4.0,5.0,5.0,Top-up mudah dan murah,Kemudahan top-up,Berniat,4.0,,4.25,4.75,4.5,4.25,3.75,4.75,4,False,3.0,20.0,3.0,3,4,4,2,4,4,4,4,4.0,1,Pengguna Aktif Responsif Promo
254,"Ya, saya bersedia","Ya, saya memenuhi seluruh kriteria tersebut",Perempuan,22.0,Semester 7,Rp3.000.000 atau lebih,Universitas Negeri Medan,"Jarang, 1–2 kali dalam seminggu",Pembelian pulsa / paket data,2.0,LinkAja,LinkAja,6 bulan – kurang dari 1 tahun,Rp25.000 – Rp49.999,Rp100.000 – Rp299.999,Tidak perlu membawa uang tunai,Saat melakukan pembayaran rutin,Sangat memengaruhi,Sering,5.0,4.0,5.0,4.0,4.0,4.0,5.0,4.0,5.0,4.0,5.0,4.0,4.0,4.0,4.0,4.0,5.0,4.0,4.0,5.0,4.0,5.0,5.0,4.0,Keamanan akun yang lebih kuat,Keamanan akun,Sangat berniat,4.0,,4.5,4.25,4.5,4.0,4.5,4.5,1,False,2.0,22.0,7.0,6,2,2,2,2,5,4,5,4.0,1,Pengguna Aktif Responsif Promo
255,"Ya, saya bersedia","Ya, saya memenuhi seluruh kriteria tersebut",Perempuan,21.0,Semester 5,Kurang dari Rp500.000,Universitas Nahdlatul Ulama Surabaya,"Sering, 6–10 kali dalam seminggu",Transfer ke teman / orang lain,3.0,OVO,DANA,2 tahun – kurang dari 3 tahun,Rp100.000 – Rp199.999,Rp500.000 – Rp999.999,Mudah untuk transfer uang,Saat transfer ke teman/keluarga,Sangat memengaruhi,Sangat sering,5.0,5.0,5.0,4.0,4.0,4.0,5.0,4.0,5.0,5.0,4.0,4.0,5.0,5.0,4.0,5.0,4.0,4.0,4.0,5.0,5.0,5.0,5.0,4.0,Cashback transaksi,Jumlah promo/cashback,Sangat berniat,4.0,,4.75,4.25,4.5,4.75,4.25,4.75,1,False,3.0,21.0,5.0,1,4,4,4,4,5,5,5,4.0,1,Pengguna Aktif Responsif Promo
256,"Ya, saya bersedia","Ya, saya memenuhi seluruh kriteria tersebut",Perempuan,19.0,Semester 2,Rp2.000.000 – Rp2.999.999,Universitas Djuanda,"Jarang, 1–2 kali dalam seminggu",Pembelian pulsa / paket data,2.0,DANA,"DANA, GoPay, OVO, ShopeePay, LinkAja, Sakuku",6 bulan – kurang dari 1 tahun,Rp25.000 – Rp49.999,Rp100.000 – Rp299.999,Tidak perlu membawa uang tunai,Saat melakukan pembayaran rutin,Memengaruhi,Sering,4.0,4.0,4.0,4.0,4.0,4.0,4.0,4.0,4.0,4.0,4.0,4.0,5.0,4.0,4.0,5.0,4.0,5.0,5.0,5.0,5.0,5.0,5.0,4.0,Pembayaran transportasi,Jumlah merchant yang menerima e-wallet,Sangat berniat,5.0,,4.0,4.0,4.0,4.5,4.75,4.75,6,False,2.0,19.0,2.0,5,2,2,2,2,4,4,5,5.0,1,Pengguna Aktif Responsif Promo
257,"Ya, saya bersedia","Ya, saya memenuhi seluruh kriteria tersebut",Perempuan,22.0,Semester 7,Rp500.000 – Rp999.999,Universitas Pendidikan Indonesia,"Cukup sering, 3–5 kali dalam seminggu",Transfer ke teman / orang lain,2.0,DANA,"DANA, LinkAja",1 tahun – kurang dari 2 tahun,Rp100.000 – Rp199.999,Rp300.000 – Rp499.999,Mudah untuk transfer uang,Saat transfer ke teman/keluarga,Sangat memengaruhi,Sangat sering,4.0,5.0,4.0,5.0,4.0,4.0,5.0,4.0,5.0,5.0,4.0,5.0,4.0,4.0,5.0,4.0,5.0,4.0,4.0,5.0,4.0,5.0,4.0,4.0,Transfer gratis,Biaya admin,Sangat berniat,4.0,,4.5,4.25,4.75,4.25,4.5,4.25,2,False,2.0,22.0,7.0,2,3,3,4,3,5,5,5,4.0,1,Pengguna Aktif Responsif Promo
258,"Ya, saya bersedia","Ya, saya memenuhi seluruh kriteria tersebut",Perempuan,20.0,Semester 4,Rp500.000 – Rp999.999,Universitas Airlangga,"Cukup sering, 3–5 kali dalam seminggu",Transfer ke teman / orang lain,2.0,DANA,DANA,1 tahun – kurang dari 2 tahun,Rp100.000 – Rp199.999,Rp300.000 – Rp499.999,Mudah untuk transfer uang,Saat transfer ke teman/keluarga,Sangat memengaruhi,Sering,4.0,4.0,4.0,5.0,4.0,5.0,4.0,5.0,4.0,5.0,5.0,5.0,5.0,4.0,5.0,4.0,5.0,5.0,4.0,4.0,4.0,5.0,5.0,4.0,Riwayat transaksi yang jelas,Perlindungan data pribadi,Berniat,5.0,,4.25,4.5,4.75,4.5,4.5,4.5,1,False,2.0,20.0,4.0,2,3,3,4,3,5,4,4,5.0,1,Pengguna Aktif Responsif Promo
259,"Ya, saya bersedia","Ya, saya memenuhi seluruh kriteria tersebut",Perempuan,21.0,Semester 5,Rp1.000.000 – Rp1.499.999,Universitas Islam Lamongan,"Sangat sering, lebih dari 10 kali dalam seminggu",Transfer ke teman / orang lain,5.0,DANA,"DANA, ShopeePay, LinkAja",3 tahun atau lebih,Rp100.000 – Rp199.999,Rp1.000.000 atau lebih,Mudah untuk transfer uang,Saat transfer ke teman/keluarga,Memengaruhi,Sering,5.0,5.0,4.0,4.0,4.0,4.0,5.0,4.0,4.0,4.0,4.0,5.0,4.0,5.0,5.0,4.0,4.0,4.0,4.0,4.0,5.0,4.0,4.0,5.0,Transfer gratis,Biaya admin,Sangat berniat,5.0,,4.5,4.25,4.25,4.5,4.0,4.5,3,False,5.0,21.0,5.0,3,5,5,4,5,4,4,5,5.0,1,Pengguna Aktif Responsif Promo
260,"Ya, saya bersedia","Ya, saya memenuhi seluruh kriteria tersebut",Perempuan,19.0,Semester 2,Rp500.000 – Rp999.999,Universitas Negeri Jakarta,"Sering, 6–10 kali dalam seminggu",Pembelian makanan/minuman,3.0,DANA,"DANA, GoPay, OVO, ShopeePay",2 tahun – kurang dari 3 tahun,Rp25.000 – Rp49.999,Rp500.000 – Rp999.999,Banyak merchant yang menerima e-wallet,Saat membeli makanan/minuman,Memengaruhi,Sangat sering,4.0,5.0,4.0,4.0,4.0,4.0,4.0,5.0,4.0,4.0,4.0,4.0,4.0,5.0,4.0,5.0,4.0,4.0,4.0,5.0,4.0,4.0,4.0,4.0,Pembayaran transportasi,Jumlah merchant yang menerima e-wallet,Berniat,4.0,,4.25,4.25,4.0,4.5,4.25,4.0,4,False,3.0,19.0,2.0,2,4,4,2,4,4,5,4,4.0,1,Pengguna Aktif Responsif Promo
261,"Ya, saya bersedia","Ya, saya memenuhi seluruh kriteria tersebut",Perempuan,20.0,Semester 4,Rp1.000.000 – Rp1.499.999,Universitas Indonesia,"Sangat sering, lebih dari 10 kali dalam seminggu",Pembelian makanan/minuman,4.0,GoPay,"DANA, GoPay, OVO, ShopeePay, LinkAja, iSaku",3 tahun atau lebih,Rp50.000 – Rp99.999,Rp1.000.000 atau lebih,Praktis dan cepat,Saat membeli makanan/minuman,Sangat tidak memengaruhi,Jarang,1.0,1.0,2.0,2.0,1.0,2.0,1.0,2.0,2.0,1.0,2.0,2.0,2.0,1.0,2.0,2.0,1.0,1.0,1.0,1.0,2.0,1.0,1.0,2.0,Cashback transaksi,Jumlah promo/cashback,Tidak berniat,1.0,,1.5,1.5,1.75,1.75,1.0,1.5,6,False,4.0,20.0,4.0,3,5,5,3,5,1,2,2,1.0,2,Pengguna Positif Moderat/Selektif
262,"Ya, saya bersedia","Ya, saya memenuhi seluruh kriteria tersebut",Laki-Laki,19.0,Semester 2,Rp2.000.000 – Rp2.999.999,Universitas Diponegoro,"Sangat sering, lebih dari 10 kali dalam seminggu",Transfer ke teman / orang lain,5.0,DANA,"DANA, GoPay, OVO, ShopeePay, LinkAja",3 tahun atau lebih,Rp100.000 – Rp199.999,Rp1.000.000 atau lebih,Mudah untuk transfer uang,Saat transfer ke teman/keluarga,Memengaruhi,Sangat sering,5.0,4.0,4.0,4.0,5.0,5.0,5.0,4.0,4.0,4.0,4.0,4.0,4.0,5.0,4.0,4.0,4.0,4.0,4.0,5.0,5.0,4.0,4.0,4.0,Transfer gratis,Biaya admin,Berniat,5.0,,4.25,4.75,4.0,4.25,4.25,4.25,5,False,5.0,19.0,2.0,5,5,5,4,5,4,5,4,5.0,1,Pengguna Aktif Responsif Promo
263,"Ya, saya bersedia","Ya, saya memenuhi seluruh kriteria tersebut",Perempuan,21.0,Semester 5,Rp500.000 – Rp999.999,Universitas Sumatera Utara,"Sering, 6–10 kali dalam seminggu",Pembelian makanan/minuman,3.0,OVO,"DANA, GoPay, OVO, ShopeePay, LinkAja",2 tahun – kurang dari 3 tahun,Rp25.000 – Rp49.999,Rp500.000 – Rp999.999,Praktis dan cepat,Saat tidak membawa uang tunai,Memengaruhi,Sangat sering,4.0,4.0,4.0,5.0,4.0,4.0,4.0,4.0,4.0,5.0,4.0,4.0,4.0,5.0,4.0,4.0,5.0,4.0,4.0,4.0,4.0,5.0,4.0,5.0,Promo makanan/minuman,Layanan bantuan/customer service,Berniat,5.0,,4.25,4.0,4.25,4.25,4.25,4.5,5,False,3.0,21.0,5.0,2,4,4,2,4,4,5,4,5.0,1,Pengguna Aktif Responsif Promo
264,"Ya, saya bersedia","Ya, saya memenuhi seluruh kriteria tersebut",Laki-Laki,19.0,Semester 3,Rp500.000 – Rp999.999,Universitas Muhammadiyah Surakarta,"Sering, 6–10 kali dalam seminggu",Pembelian makanan/minuman,3.0,DANA,"DANA, GoPay, OVO",2 tahun – kurang dari 3 tahun,Rp25.000 – Rp49.999,Rp500.000 – Rp999.999,Praktis dan cepat,Saat membeli makanan/minuman,Memengaruhi,Sangat sering,5.0,4.0,4.0,4.0,5.0,5.0,4.0,4.0,5.0,5.0,4.0,4.0,4.0,4.0,5.0,5.0,4.0,4.0,4.0,4.0,5.0,5.0,5.0,4.0,Cashback transaksi,Jumlah promo/cashback,Berniat,4.0,,4.25,4.5,4.5,4.5,4.0,4.75,3,False,3.0,19.0,3.0,2,4,4,2,4,4,5,4,4.0,1,Pengguna Aktif Responsif Promo
265,"Ya, saya bersedia","Ya, saya memenuhi seluruh kriteria tersebut",Perempuan,20.0,Semester 3,Kurang dari Rp500.000,Universitas Diponegoro,"Sangat sering, lebih dari 10 kali dalam seminggu",Pembelian makanan/minuman,4.0,GoPay,"DANA, GoPay, OVO, ShopeePay, LinkAja",3 tahun atau lebih,Rp50.000 – Rp99.999,Rp1.000.000 atau lebih,Praktis dan cepat,Saat ada promo/cashback,Sangat memengaruhi,Sangat sering,4.0,5.0,5.0,5.0,4.0,5.0,5.0,5.0,5.0,5.0,4.0,5.0,5.0,5.0,5.0,4.0,5.0,5.0,5.0,4.0,5.0,5.0,5.0,4.0,Transfer gratis,Biaya admin,Sangat berniat,5.0,,4.75,4.75,4.75,4.75,4.75,4.75,5,False,4.0,20.0,3.0,1,5,5,3,5,5,5,5,5.0,1,Pengguna Aktif Responsif Promo
266,"Ya, saya bersedia","Ya, saya memenuhi seluruh kriteria tersebut",Laki-Laki,20.0,Semester 4,Rp500.000 – Rp999.999,Universitas Hasanuddin,"Cukup sering, 3–5 kali dalam seminggu",Belanja online,2.0,ShopeePay,"OVO, ShopeePay",1 tahun – kurang dari 2 tahun,Rp50.000 – Rp99.999,Rp300.000 – Rp499.999,Banyak promo/cashback,Saat belanja online,Memengaruhi,Sangat sering,4.0,4.0,4.0,4.0,4.0,4.0,4.0,4.0,4.0,4.0,4.0,4.0,4.0,4.0,4.0,4.0,4.0,4.0,4.0,4.0,4.0,4.0,4.0,4.0,Promo makanan/minuman,Jumlah promo/cashback,Berniat,4.0,,4.0,4.0,4.0,4.0,4.0,4.0,2,False,2.0,20.0,4.0,2,3,3,3,3,4,5,4,4.0,1,Pengguna Aktif Responsif Promo
267,"Ya, saya bersedia","Ya, saya memenuhi seluruh kriteria tersebut",Perempuan,21.0,Semester 5,Rp1.000.000 – Rp1.499.999,Universitas Tanjungpura,"Sering, 6–10 kali dalam seminggu",Pembelian makanan/minuman,3.0,DANA,"DANA, GoPay",2 tahun – kurang dari 3 tahun,Rp25.000 – Rp49.999,Rp500.000 – Rp999.999,Praktis dan cepat,Saat membeli makanan/minuman,Memengaruhi,Sangat sering,5.0,4.0,5.0,5.0,3.0,4.0,5.0,5.0,3.0,4.0,4.0,4.0,5.0,3.0,3.0,5.0,5.0,4.0,5.0,5.0,5.0,4.0,5.0,4.0,Cashback transaksi,Jumlah promo/cashback,Berniat,5.0,,4.75,4.25,3.75,4.0,4.75,4.5,2,False,3.0,21.0,5.0,3,4,4,2,4,4,5,4,5.0,1,Pengguna Aktif Responsif Promo
268,"Ya, saya bersedia","Ya, saya memenuhi seluruh kriteria tersebut",Laki-Laki,21.0,Semester 6,Rp500.000 – Rp999.999,Universitas Negeri Surabaya,"Cukup sering, 3–5 kali dalam seminggu",Transfer ke teman / orang lain,2.0,DANA,"DANA, GoPay, ShopeePay, LinkAja",1 tahun – kurang dari 2 tahun,Rp100.000 – Rp199.999,Rp300.000 – Rp499.999,Mudah untuk transfer uang,Saat transfer ke teman/keluarga,Sangat memengaruhi,Sering,5.0,5.0,5.0,4.0,5.0,4.0,4.0,4.0,4.0,5.0,4.0,4.0,4.0,5.0,4.0,4.0,5.0,5.0,5.0,5.0,5.0,4.0,5.0,4.0,Pembayaran transportasi,Jumlah merchant yang menerima e-wallet,Sangat berniat,5.0,,4.75,4.25,4.25,4.25,5.0,4.5,4,False,2.0,21.0,6.0,2,3,3,4,3,5,4,5,5.0,1,Pengguna Aktif Responsif Promo
269,"Ya, saya bersedia","Ya, saya memenuhi seluruh kriteria tersebut",Laki-Laki,18.0,Semester 1,Rp1.000.000 – Rp1.499.999,Universitas Muhammadiyah Surabaya,"Sering, 6–10 kali dalam seminggu",Pembelian makanan/minuman,3.0,GoPay,"DANA, OVO, ShopeePay",2 tahun – kurang dari 3 tahun,Rp25.000 – Rp49.999,Rp500.000 – Rp999.999,Praktis dan cepat,Saat tidak membawa uang tunai,Sangat memengaruhi,Sangat sering,4.0,5.0,5.0,4.0,4.0,5.0,5.0,5.0,5.0,5.0,5.0,5.0,4.0,4.0,5.0,5.0,5.0,5.0,5.0,5.0,5.0,5.0,5.0,5.0,Pembayaran transportasi,Jumlah merchant yang menerima e-wallet,Sangat berniat,5.0,,4.5,4.75,5.0,4.5,5.0,5.0,3,False,3.0,18.0,1.0,3,4,4,2,4,5,5,5,5.0,1,Pengguna Aktif Responsif Promo
270,"Ya, saya bersedia","Ya, saya memenuhi seluruh kriteria tersebut",Perempuan,21.0,Semester 6,Kurang dari Rp500.000,Universitas Padjadjaran,"Jarang, 1–2 kali dalam seminggu",Transfer ke teman / orang lain,2.0,DANA,"OVO, ShopeePay",6 bulan – kurang dari 1 tahun,Rp100.000 – Rp199.999,Rp100.000 – Rp299.999,Mudah untuk transfer uang,Saat transfer ke teman/keluarga,Memengaruhi,Sangat sering,5.0,4.0,4.0,5.0,4.0,5.0,4.0,4.0,4.0,4.0,5.0,4.0,4.0,4.0,4.0,5.0,4.0,4.0,5.0,5.0,4.0,4.0,5.0,4.0,Cashback transaksi,Jumlah promo/cashback,Berniat,5.0,,4.5,4.25,4.25,4.25,4.5,4.25,2,False,2.0,21.0,6.0,1,2,2,4,2,4,5,4,5.0,1,Pengguna Aktif Responsif Promo
271,"Ya, saya bersedia","Ya, saya memenuhi seluruh kriteria tersebut",Laki-Laki,22.0,Semester 7,Rp1.000.000 – Rp1.499.999,Universitas Muhammadiyah Surakarta,"Sering, 6–10 kali dalam seminggu",Pembelian makanan/minuman,3.0,DANA,"DANA, GoPay, OVO, ShopeePay",2 tahun – kurang dari 3 tahun,Rp25.000 – Rp49.999,Rp500.000 – Rp999.999,Praktis dan cepat,Saat membeli makanan/minuman,Sangat memengaruhi,Sangat sering,5.0,5.0,4.0,5.0,4.0,4.0,5.0,4.0,5.0,5.0,4.0,5.0,5.0,5.0,5.0,4.0,4.0,4.0,5.0,5.0,4.0,4.0,4.0,5.0,Transfer gratis,Biaya admin,Berniat,4.0,,4.75,4.25,4.75,4.75,4.5,4.25,4,False,3.0,22.0,7.0,3,4,4,2,4,5,5,4,4.0,1,Pengguna Aktif Responsif Promo
272,"Ya, saya bersedia","Ya, saya memenuhi seluruh kriteria tersebut",Perempuan,21.0,Semester 5,Rp3.000.000 atau lebih,Universitas Islam Indonesia,"Cukup sering, 3–5 kali dalam seminggu",Transfer ke teman / orang lain,2.0,DANA,"DANA, GoPay, ShopeePay",1 tahun – kurang dari 2 tahun,Rp100.000 – Rp199.999,Rp300.000 – Rp499.999,Mudah untuk transfer uang,Saat transfer ke teman/keluarga,Memengaruhi,Sangat sering,4.0,4.0,5.0,4.0,5.0,4.0,4.0,4.0,5.0,4.0,5.0,4.0,5.0,4.0,4.0,4.0,4.0,5.0,4.0,4.0,5.0,4.0,4.0,5.0,Transfer gratis,Biaya admin,Berniat,4.0,,4.25,4.25,4.5,4.25,4.25,4.5,3,False,2.0,21.0,5.0,6,3,3,4,3,4,5,4,4.0,1,Pengguna Aktif Responsif Promo
273,"Ya, saya bersedia","Ya, saya memenuhi seluruh kriteria tersebut",Perempuan,19.0,Semester 1,Rp2.000.000 – Rp2.999.999,Universitas Muhammadiyah Surakarta,"Sangat sering, lebih dari 10 kali dalam seminggu",Belanja online,5.0,ShopeePay,"DANA, GoPay, OVO, ShopeePay, LinkAja",3 tahun atau lebih,Rp100.000 – Rp199.999,Rp1.000.000 atau lebih,Banyak promo/cashback,Saat belanja online,Memengaruhi,Sangat sering,4.0,5.0,5.0,4.0,5.0,4.0,5.0,4.0,4.0,4.0,5.0,4.0,4.0,5.0,4.0,4.0,5.0,5.0,4.0,4.0,5.0,4.0,4.0,5.0,Promo makanan/minuman,Jumlah promo/cashback,Berniat,4.0,,4.5,4.5,4.25,4.25,4.5,4.5,5,False,5.0,19.0,1.0,5,5,5,4,5,4,5,4,4.0,1,Pengguna Aktif Responsif Promo
274,"Ya, saya bersedia","Ya, saya memenuhi seluruh kriteria tersebut",Laki-Laki,21.0,Semester 5,Kurang dari Rp500.000,Universitas Sam Ratulangi,"Cukup sering, 3–5 kali dalam seminggu",Transportasi,2.0,ShopeePay,"OVO, ShopeePay",1 tahun – kurang dari 2 tahun,Rp25.000 – Rp49.999,Rp300.000 – Rp499.999,Banyak promo/cashback,Saat belanja online,Sangat memengaruhi,Sering,5.0,4.0,5.0,4.0,5.0,4.0,4.0,5.0,4.0,4.0,4.0,4.0,4.0,5.0,4.0,4.0,5.0,4.0,5.0,4.0,4.0,4.0,4.0,4.0,Integrasi dengan aplikasi belanja/transportasi,Kecepatan transaksi,Berniat,4.0,,4.5,4.5,4.0,4.25,4.5,4.0,2,False,2.0,21.0,5.0,1,3,3,2,3,5,4,4,4.0,1,Pengguna Aktif Responsif Promo
275,"Ya, saya bersedia","Ya, saya memenuhi seluruh kriteria tersebut",Laki-Laki,20.0,Semester 3,Rp500.000 – Rp999.999,Universitas Islam Indonesia,"Cukup sering, 3–5 kali dalam seminggu",Transfer ke teman / orang lain,2.0,DANA,"DANA, LinkAja",1 tahun – kurang dari 2 tahun,Rp100.000 – Rp199.999,Rp300.000 – Rp499.999,Mudah untuk transfer uang,Saat transfer ke teman/keluarga,Memengaruhi,Sering,4.0,4.0,4.0,4.0,4.0,5.0,4.0,4.0,4.0,5.0,4.0,4.0,5.0,5.0,4.0,5.0,5.0,5.0,5.0,4.0,5.0,4.0,5.0,4.0,Pembayaran transportasi,Jumlah merchant yang menerima e-wallet,Sangat berniat,5.0,,4.0,4.25,4.25,4.75,4.75,4.5,2,False,2.0,20.0,3.0,2,3,3,4,3,4,4,5,5.0,1,Pengguna Aktif Responsif Promo
276,"Ya, saya bersedia","Ya, saya memenuhi seluruh kriteria tersebut",Perempuan,23.0,Semester 9 atau lebih,Rp3.000.000 atau lebih,Universitas Islam Negeri Sunan Kalijaga,"Sangat sering, lebih dari 10 kali dalam seminggu",Belanja online,4.0,ShopeePay,"DANA, GoPay, OVO, ShopeePay, LinkAja",3 tahun atau lebih,Rp100.000 – Rp199.999,Rp1.000.000 atau lebih,Banyak promo/cashback,Saat belanja online,Memengaruhi,Sangat sering,5.0,4.0,5.0,5.0,4.0,5.0,5.0,5.0,4.0,5.0,4.0,5.0,5.0,4.0,5.0,5.0,5.0,4.0,5.0,5.0,4.0,5.0,5.0,4.0,Cashback transaksi,Jumlah promo/cashback,Sangat berniat,4.0,,4.75,4.75,4.5,4.75,4.75,4.5,5,False,4.0,23.0,9.0,6,5,5,4,5,4,5,5,4.0,1,Pengguna Aktif Responsif Promo
277,"Ya, saya bersedia","Ya, saya memenuhi seluruh kriteria tersebut",Laki-Laki,20.0,Semester 3,Rp1.000.000 – Rp1.499.999,Universitas Langlangbuana,"Sangat jarang, kurang dari 1 kali dalam seminggu",Pembayaran tagihan,1.0,DANA,"DANA, ShopeePay",6 bulan – kurang dari 1 tahun,Rp100.000 – Rp199.999,Kurang dari Rp100.000,Mudah untuk transfer uang,Saat melakukan pembayaran rutin,Memengaruhi,Sering,4.0,4.0,4.0,4.0,4.0,4.0,4.0,4.0,4.0,4.0,4.0,4.0,5.0,4.0,4.0,5.0,4.0,5.0,5.0,5.0,5.0,5.0,5.0,4.0,Top-up mudah dan murah,Kemudahan top-up,Sangat berniat,5.0,,4.0,4.0,4.0,4.5,4.75,4.75,2,False,1.0,20.0,3.0,3,1,2,4,1,4,4,5,5.0,1,Pengguna Aktif Responsif Promo
278,"Ya, saya bersedia","Ya, saya memenuhi seluruh kriteria tersebut",Perempuan,20.0,Semester 4,Rp2.000.000 – Rp2.999.999,Universitas Sebelas Maret,"Sering, 6–10 kali dalam seminggu",Transportasi,3.0,OVO,"DANA, GoPay, OVO, ShopeePay, iSaku",2 tahun – kurang dari 3 tahun,Rp25.000 – Rp49.999,Rp500.000 – Rp999.999,Tidak perlu membawa uang tunai,Saat tidak membawa uang tunai,Sangat memengaruhi,Sangat sering,5.0,4.0,4.0,4.0,5.0,4.0,5.0,5.0,4.0,4.0,5.0,5.0,4.0,5.0,4.0,4.0,5.0,5.0,4.0,4.0,4.0,5.0,4.0,4.0,Transfer gratis,Biaya admin,Berniat,4.0,,4.25,4.75,4.5,4.25,4.5,4.25,5,False,3.0,20.0,4.0,5,4,4,2,4,5,5,4,4.0,1,Pengguna Aktif Responsif Promo
279,"Ya, saya bersedia","Ya, saya memenuhi seluruh kriteria tersebut",Perempuan,21.0,Semester 6,Rp500.000 – Rp999.999,Universitas Bojonegoro,"Sering, 6–10 kali dalam seminggu",Belanja online,3.0,ShopeePay,"GoPay, OVO, ShopeePay",2 tahun – kurang dari 3 tahun,Rp50.000 – Rp99.999,Rp500.000 – Rp999.999,Mudah untuk belanja online,Saat belanja online,Tidak memengaruhi,Jarang,2.0,2.0,1.0,1.0,1.0,1.0,3.0,1.0,2.0,1.0,1.0,1.0,1.0,2.0,1.0,2.0,3.0,2.0,2.0,1.0,2.0,2.0,1.0,2.0,Integrasi dengan aplikasi belanja/transportasi,Kecepatan transaksi,Tidak berniat,2.0,,1.5,1.5,1.25,1.5,2.0,1.75,3,False,3.0,21.0,6.0,2,4,4,3,4,2,2,2,2.0,2,Pengguna Positif Moderat/Selektif
280,"Ya, saya bersedia","Ya, saya memenuhi seluruh kriteria tersebut",Perempuan,19.0,Semester 2,Rp1.500.000 – Rp1.999.999,Universitas Pendidikan Indonesia,"Sering, 6–10 kali dalam seminggu",Pembelian makanan/minuman,3.0,OVO,"DANA, GoPay, OVO, ShopeePay, iSaku",2 tahun – kurang dari 3 tahun,Rp25.000 – Rp49.999,Rp500.000 – Rp999.999,Praktis dan cepat,Saat tidak membawa uang tunai,Memengaruhi,Sangat sering,5.0,5.0,5.0,4.0,5.0,4.0,5.0,4.0,5.0,5.0,5.0,5.0,5.0,5.0,4.0,4.0,5.0,5.0,4.0,4.0,5.0,4.0,4.0,5.0,Keamanan akun yang lebih kuat,Keamanan akun,Berniat,5.0,,4.75,4.5,5.0,4.5,4.5,4.5,5,False,3.0,19.0,2.0,4,4,4,2,4,4,5,4,5.0,1,Pengguna Aktif Responsif Promo
281,"Ya, saya bersedia","Ya, saya memenuhi seluruh kriteria tersebut",Perempuan,22.0,Semester 8,Rp1.500.000 – Rp1.999.999,Universitas Sebelas Maret,"Sangat sering, lebih dari 10 kali dalam seminggu",Belanja online,4.0,ShopeePay,"DANA, GoPay, OVO, ShopeePay, LinkAja",3 tahun atau lebih,Rp100.000 – Rp199.999,Rp1.000.000 atau lebih,Banyak promo/cashback,Saat belanja online,Sangat memengaruhi,Sangat sering,4.0,4.0,4.0,5.0,4.0,4.0,4.0,4.0,4.0,4.0,4.0,5.0,4.0,4.0,5.0,5.0,4.0,4.0,4.0,5.0,4.0,4.0,5.0,5.0,Cashback transaksi,Jumlah promo/cashback,Berniat,4.0,,4.25,4.0,4.25,4.5,4.25,4.5,5,False,4.0,22.0,8.0,4,5,5,4,5,5,5,4,4.0,1,Pengguna Aktif Responsif Promo
282,"Ya, saya bersedia","Ya, saya memenuhi seluruh kriteria tersebut",Laki-Laki,19.0,Semester 1,Rp3.000.000 atau lebih,Universitas Indonesia,"Cukup sering, 3–5 kali dalam seminggu",Belanja online,2.0,ShopeePay,"DANA, OVO, ShopeePay",1 tahun – kurang dari 2 tahun,Rp50.000 – Rp99.999,Rp300.000 – Rp499.999,Mudah untuk belanja online,Saat belanja online,Memengaruhi,Sangat sering,4.0,4.0,4.0,4.0,4.0,4.0,4.0,5.0,4.0,5.0,5.0,5.0,4.0,5.0,4.0,4.0,5.0,4.0,4.0,4.0,4.0,4.0,4.0,5.0,Integrasi dengan aplikasi belanja/transportasi,Kecepatan transaksi,Berniat,5.0,,4.0,4.25,4.75,4.25,4.25,4.25,3,False,2.0,19.0,1.0,6,3,3,3,3,4,5,4,5.0,1,Pengguna Aktif Responsif Promo
283,"Ya, saya bersedia","Ya, saya memenuhi seluruh kriteria tersebut",Perempuan,22.0,Semester 7,Rp500.000 – Rp999.999,Universitas Mataram,"Jarang, 1–2 kali dalam seminggu",Pembelian pulsa / paket data,2.0,iSaku,"LinkAja, iSaku",6 bulan – kurang dari 1 tahun,Rp25.000 – Rp49.999,Rp100.000 – Rp299.999,Tidak perlu membawa uang tunai,Saat melakukan pembayaran rutin,Memengaruhi,Sangat sering,4.0,5.0,4.0,5.0,4.0,4.0,4.0,5.0,4.0,4.0,4.0,4.0,5.0,4.0,4.0,5.0,4.0,5.0,4.0,5.0,4.0,5.0,4.0,5.0,Cashback transaksi,Jumlah promo/cashback,Berniat,5.0,,4.5,4.25,4.0,4.5,4.5,4.5,2,False,2.0,22.0,7.0,2,2,2,2,2,4,5,4,5.0,1,Pengguna Aktif Responsif Promo
284,"Ya, saya bersedia","Ya, saya memenuhi seluruh kriteria tersebut",Laki-Laki,22.0,Semester 7,Rp1.500.000 – Rp1.999.999,Universitas Sriwijaya,"Sangat sering, lebih dari 10 kali dalam seminggu",Belanja online,4.0,ShopeePay,"DANA, GoPay, OVO, ShopeePay, LinkAja",3 tahun atau lebih,Rp100.000 – Rp199.999,Rp1.000.000 atau lebih,Banyak promo/cashback,Saat belanja online,Memengaruhi,Sangat sering,4.0,4.0,5.0,4.0,5.0,4.0,4.0,5.0,5.0,4.0,4.0,5.0,4.0,4.0,4.0,4.0,4.0,4.0,4.0,4.0,4.0,5.0,4.0,5.0,Promo makanan/minuman,Jumlah promo/cashback,Berniat,4.0,,4.25,4.5,4.5,4.0,4.0,4.5,5,False,4.0,22.0,7.0,4,5,5,4,5,4,5,4,4.0,1,Pengguna Aktif Responsif Promo
285,"Ya, saya bersedia","Ya, saya memenuhi seluruh kriteria tersebut",Perempuan,22.0,Semester 8,Rp3.000.000 atau lebih,Universitas Telkom,"Sangat sering, lebih dari 10 kali dalam seminggu",Pembelian makanan/minuman,5.0,OVO,"DANA, GoPay, OVO, ShopeePay, LinkAja",3 tahun atau lebih,Rp50.000 – Rp99.999,Rp1.000.000 atau lebih,Praktis dan cepat,Saat ada promo/cashback,Memengaruhi,Sangat sering,4.0,5.0,5.0,4.0,5.0,4.0,5.0,4.0,5.0,4.0,4.0,4.0,4.0,5.0,4.0,5.0,4.0,5.0,4.0,4.0,4.0,5.0,4.0,5.0,Transfer gratis,Biaya admin,Berniat,5.0,,4.5,4.5,4.25,4.5,4.25,4.5,5,False,5.0,22.0,8.0,6,5,5,3,5,4,5,4,5.0,1,Pengguna Aktif Responsif Promo
286,"Ya, saya bersedia","Ya, saya memenuhi seluruh kriteria tersebut",Perempuan,21.0,Semester 6,Rp2.000.000 – Rp2.999.999,Universitas Gadjah Mada,"Cukup sering, 3–5 kali dalam seminggu",Pembayaran tagihan,2.0,DANA,"DANA, GoPay",1 tahun – kurang dari 2 tahun,Rp100.000 – Rp199.999,Rp300.000 – Rp499.999,Tidak perlu membawa uang tunai,Saat melakukan pembayaran rutin,Sangat tidak memengaruhi,Jarang,2.0,2.0,1.0,1.0,2.0,1.0,1.0,1.0,1.0,1.0,1.0,1.0,1.0,2.0,2.0,1.0,1.0,1.0,2.0,2.0,1.0,1.0,2.0,2.0,Keamanan akun yang lebih kuat,Keamanan akun,Tidak berniat,2.0,,1.5,1.25,1.0,1.5,1.5,1.5,2,False,2.0,21.0,6.0,5,3,3,4,3,1,2,2,2.0,2,Pengguna Positif Moderat/Selektif
287,"Ya, saya bersedia","Ya, saya memenuhi seluruh kriteria tersebut",Perempuan,18.0,Semester 1,Rp500.000 – Rp999.999,Universitas Jambi,"Jarang, 1–2 kali dalam seminggu",Pembelian pulsa / paket data,2.0,DANA,"DANA, ShopeePay",6 bulan – kurang dari 1 tahun,Rp25.000 – Rp49.999,Rp100.000 – Rp299.999,Tidak perlu membawa uang tunai,Saat melakukan pembayaran rutin,Cukup memengaruhi,Sering,4.0,5.0,5.0,4.0,4.0,4.0,4.0,3.0,5.0,4.0,4.0,5.0,4.0,5.0,3.0,4.0,4.0,3.0,4.0,5.0,5.0,4.0,5.0,3.0,Riwayat transaksi yang jelas,Perlindungan data pribadi,Berniat,4.0,,4.5,3.75,4.5,4.0,4.0,4.25,2,False,2.0,18.0,1.0,2,2,2,2,2,3,4,4,4.0,1,Pengguna Aktif Responsif Promo
288,"Ya, saya bersedia","Ya, saya memenuhi seluruh kriteria tersebut",Perempuan,19.0,Semester 3,Rp1.500.000 – Rp1.999.999,Universitas Brawijaya,"Sangat sering, lebih dari 10 kali dalam seminggu",Transfer ke teman / orang lain,5.0,DANA,"DANA, GoPay, OVO, ShopeePay, LinkAja",3 tahun atau lebih,Rp100.000 – Rp199.999,Rp1.000.000 atau lebih,Mudah untuk transfer uang,Saat transfer ke teman/keluarga,Memengaruhi,Sering,4.0,5.0,5.0,4.0,4.0,5.0,4.0,4.0,4.0,5.0,5.0,5.0,4.0,5.0,4.0,4.0,5.0,4.0,5.0,5.0,4.0,5.0,4.0,4.0,Integrasi dengan aplikasi belanja/transportasi,Kecepatan transaksi,Berniat,5.0,,4.5,4.25,4.75,4.25,4.75,4.25,5,False,5.0,19.0,3.0,4,5,5,4,5,4,4,4,5.0,1,Pengguna Aktif Responsif Promo
289,"Ya, saya bersedia","Ya, saya memenuhi seluruh kriteria tersebut",Laki-Laki,23.0,Semester 7,Rp2.000.000 – Rp2.999.999,Universitas Telkom,"Cukup sering, 3–5 kali dalam seminggu",Belanja online,2.0,ShopeePay,"OVO, ShopeePay",1 tahun – kurang dari 2 tahun,Rp50.000 – Rp99.999,Rp300.000 – Rp499.999,Mudah untuk belanja online,Saat belanja online,Memengaruhi,Sangat sering,5.0,4.0,4.0,5.0,4.0,5.0,4.0,5.0,5.0,4.0,5.0,4.0,5.0,4.0,5.0,4.0,5.0,4.0,4.0,5.0,5.0,5.0,4.0,5.0,Pembayaran UKT/kampus,Perlindungan data pribadi,Berniat,5.0,,4.5,4.5,4.5,4.5,4.5,4.75,2,False,2.0,23.0,7.0,5,3,3,3,3,4,5,4,5.0,1,Pengguna Aktif Responsif Promo
290,"Ya, saya bersedia","Ya, saya memenuhi seluruh kriteria tersebut",Laki-Laki,20.0,Semester 3,Kurang dari Rp500.000,Universitas Muhammadiyah Gresik,"Sering, 6–10 kali dalam seminggu",Pembelian makanan/minuman,3.0,DANA,"DANA, GoPay, OVO",2 tahun – kurang dari 3 tahun,Rp25.000 – Rp49.999,Rp500.000 – Rp999.999,Praktis dan cepat,Saat membeli makanan/minuman,Sangat memengaruhi,Sangat sering,4.0,4.0,5.0,5.0,5.0,5.0,5.0,4.0,5.0,5.0,5.0,5.0,4.0,4.0,4.0,4.0,4.0,5.0,4.0,5.0,5.0,5.0,5.0,4.0,Top-up mudah dan murah,Kemudahan top-up,Sangat berniat,5.0,,4.5,4.75,5.0,4.0,4.5,4.75,3,False,3.0,20.0,3.0,1,4,4,2,4,5,5,5,5.0,1,Pengguna Aktif Responsif Promo
291,"Ya, saya bersedia","Ya, saya memenuhi seluruh kriteria tersebut",Perempuan,20.0,Semester 3,Rp500.000 – Rp999.999,Universitas Kristen Satya Wacana,"Sangat sering, lebih dari 10 kali dalam seminggu",Pembelian makanan/minuman,5.0,DANA,"DANA, GoPay, OVO, ShopeePay, Sakuku",3 tahun atau lebih,Rp50.000 – Rp99.999,Rp1.000.000 atau lebih,Praktis dan cepat,Saat ada promo/cashback,Memengaruhi,Sangat sering,4.0,4.0,4.0,4.0,4.0,4.0,4.0,4.0,5.0,4.0,4.0,4.0,4.0,4.0,4.0,4.0,5.0,4.0,4.0,5.0,5.0,5.0,4.0,5.0,Pembayaran UKT/kampus,Perlindungan data pribadi,Berniat,5.0,,4.0,4.0,4.25,4.0,4.5,4.75,5,False,5.0,20.0,3.0,2,5,5,3,5,4,5,4,5.0,1,Pengguna Aktif Responsif Promo
292,"Ya, saya bersedia","Ya, saya memenuhi seluruh kriteria tersebut",Laki-Laki,19.0,Semester 1,Rp3.000.000 atau lebih,Universitas Muhammadiyah Yogyakarta,"Sangat sering, lebih dari 10 kali dalam seminggu",Pembelian makanan/minuman,4.0,GoPay,"DANA, GoPay, OVO, ShopeePay, LinkAja",3 tahun atau lebih,Rp25.000 – Rp49.999,Rp1.000.000 atau lebih,Praktis dan cepat,Saat ada promo/cashback,Sangat memengaruhi,Sering,5.0,4.0,5.0,4.0,5.0,4.0,4.0,5.0,4.0,5.0,4.0,4.0,5.0,5.0,4.0,5.0,4.0,4.0,5.0,5.0,4.0,4.0,5.0,4.0,Keamanan akun yang lebih kuat,Keamanan akun,Sangat berniat,5.0,,4.5,4.5,4.25,4.75,4.5,4.25,5,False,4.0,19.0,1.0,6,5,5,2,5,5,4,5,5.0,1,Pengguna Aktif Responsif Promo
293,"Ya, saya bersedia","Ya, saya memenuhi seluruh kriteria tersebut",Laki-Laki,21.0,Semester 6,Rp3.000.000 atau lebih,Universitas Veteran Bangun Nusantara,"Cukup sering, 3–5 kali dalam seminggu",Transfer ke teman / orang lain,2.0,DANA,DANA,1 tahun – kurang dari 2 tahun,Rp100.000 – Rp199.999,Rp300.000 – Rp499.999,Mudah untuk transfer uang,Saat transfer ke teman/keluarga,Memengaruhi,Sangat sering,4.0,5.0,4.0,4.0,5.0,5.0,5.0,4.0,5.0,5.0,4.0,5.0,4.0,5.0,4.0,5.0,4.0,4.0,4.0,4.0,5.0,4.0,5.0,4.0,Keamanan akun yang lebih kuat,Keamanan akun,Sangat berniat,5.0,,4.25,4.75,4.75,4.5,4.0,4.5,1,False,2.0,21.0,6.0,6,3,3,4,3,4,5,5,5.0,1,Pengguna Aktif Responsif Promo
294,"Ya, saya bersedia","Ya, saya memenuhi seluruh kriteria tersebut",Laki-Laki,22.0,Semester 8,Rp1.500.000 – Rp1.999.999,Universitas Islam Indonesia,"Sangat sering, lebih dari 10 kali dalam seminggu",Belanja online,4.0,ShopeePay,"DANA, GoPay, OVO, ShopeePay, LinkAja",3 tahun atau lebih,Rp100.000 – Rp199.999,Rp1.000.000 atau lebih,Banyak promo/cashback,Saat belanja online,Memengaruhi,Sangat sering,5.0,4.0,4.0,4.0,5.0,4.0,4.0,4.0,4.0,4.0,4.0,4.0,5.0,4.0,4.0,5.0,5.0,4.0,4.0,4.0,5.0,4.0,4.0,5.0,Cashback transaksi,Jumlah promo/cashback,Sangat berniat,4.0,,4.25,4.25,4.0,4.5,4.25,4.5,5,False,4.0,22.0,8.0,4,5,5,4,5,4,5,5,4.0,1,Pengguna Aktif Responsif Promo
295,"Ya, saya bersedia","Ya, saya memenuhi seluruh kriteria tersebut",Perempuan,20.0,Semester 4,Rp500.000 – Rp999.999,Universitas Jenderal Soedirman,"Jarang, 1–2 kali dalam seminggu",Transfer ke teman / orang lain,2.0,LinkAja,"GoPay, LinkAja",6 bulan – kurang dari 1 tahun,Rp50.000 – Rp99.999,Rp100.000 – Rp299.999,Mudah untuk transfer uang,Saat transfer ke teman/keluarga,Sangat memengaruhi,Sering,4.0,5.0,5.0,5.0,5.0,4.0,5.0,4.0,4.0,4.0,4.0,4.0,4.0,4.0,5.0,5.0,4.0,4.0,5.0,4.0,4.0,4.0,4.0,5.0,Cashback transaksi,Jumlah promo/cashback,Sangat berniat,4.0,,4.75,4.5,4.0,4.5,4.25,4.25,2,False,2.0,20.0,4.0,2,2,2,3,2,5,4,5,4.0,1,Pengguna Aktif Responsif Promo
296,"Ya, saya bersedia","Ya, saya memenuhi seluruh kriteria tersebut",Perempuan,22.0,Semester 8,Rp1.000.000 – Rp1.499.999,Universitas Andalas,"Cukup sering, 3–5 kali dalam seminggu",Transportasi,2.0,ShopeePay,"OVO, ShopeePay",1 tahun – kurang dari 2 tahun,Rp25.000 – Rp49.999,Rp300.000 – Rp499.999,Banyak promo/cashback,Saat belanja online,Memengaruhi,Sangat sering,5.0,5.0,4.0,4.0,5.0,4.0,4.0,5.0,5.0,5.0,4.0,4.0,4.0,5.0,5.0,4.0,5.0,4.0,5.0,5.0,4.0,5.0,4.0,5.0,Transfer gratis,Biaya admin,Sangat berniat,4.0,,4.5,4.5,4.5,4.5,4.75,4.5,2,False,2.0,22.0,8.0,3,3,3,2,3,4,5,5,4.0,1,Pengguna Aktif Responsif Promo
297,"Ya, saya bersedia","Ya, saya memenuhi seluruh kriteria tersebut",Perempuan,20.0,Semester 5,Rp1.500.000 – Rp1.999.999,Universitas Andalas,"Sangat jarang, kurang dari 1 kali dalam seminggu",Pembayaran tagihan,1.0,DANA,DANA,6 bulan – kurang dari 1 tahun,Rp100.000 – Rp199.999,Kurang dari Rp100.000,Mudah untuk transfer uang,Saat melakukan pembayaran rutin,Memengaruhi,Sangat sering,5.0,5.0,5.0,4.0,4.0,5.0,4.0,5.0,5.0,4.0,5.0,5.0,4.0,5.0,4.0,5.0,5.0,5.0,4.0,5.0,4.0,4.0,5.0,5.0,Transfer gratis,Biaya admin,Berniat,4.0,,4.75,4.5,4.75,4.5,4.75,4.5,1,False,1.0,20.0,5.0,4,1,2,4,1,4,5,4,4.0,1,Pengguna Aktif Responsif Promo
298,"Ya, saya bersedia","Ya, saya memenuhi seluruh kriteria tersebut",Perempuan,21.0,Semester 5,Rp3.000.000 atau lebih,Universitas Airlangga,"Sangat jarang, kurang dari 1 kali dalam seminggu",Pembayaran tagihan,1.0,DANA,DANA,6 bulan – kurang dari 1 tahun,Rp100.000 – Rp199.999,Kurang dari Rp100.000,Mudah untuk transfer uang,Saat melakukan pembayaran rutin,Sangat memengaruhi,Sangat sering,5.0,4.0,5.0,5.0,5.0,5.0,4.0,5.0,5.0,5.0,5.0,5.0,4.0,5.0,5.0,5.0,5.0,4.0,5.0,5.0,5.0,4.0,5.0,5.0,Keamanan akun yang lebih kuat,Keamanan akun,Sangat berniat,5.0,,4.75,4.75,5.0,4.75,4.75,4.75,1,False,1.0,21.0,5.0,6,1,2,4,1,5,5,5,5.0,1,Pengguna Aktif Responsif Promo
299,"Ya, saya bersedia","Ya, saya memenuhi seluruh kriteria tersebut",Perempuan,19.0,Semester 2,Rp2.000.000 – Rp2.999.999,Institut Teknologi Sepuluh Nopember,"Sangat sering, lebih dari 10 kali dalam seminggu",Belanja online,4.0,ShopeePay,"GoPay, OVO, ShopeePay, LinkAja",3 tahun atau lebih,Rp100.000 – Rp199.999,Rp1.000.000 atau lebih,Mudah untuk belanja online,Saat belanja online,Memengaruhi,Sangat sering,4.0,5.0,4.0,4.0,4.0,4.0,4.0,5.0,4.0,4.0,5.0,4.0,4.0,4.0,4.0,4.0,4.0,4.0,4.0,4.0,5.0,4.0,5.0,4.0,Cashback transaksi,Jumlah promo/cashback,Sangat berniat,4.0,,4.25,4.25,4.25,4.0,4.0,4.5,4,False,4.0,19.0,2.0,5,5,5,4,5,4,5,5,4.0,1,Pengguna Aktif Responsif Promo
300,"Ya, saya bersedia","Ya, saya memenuhi seluruh kriteria tersebut",Perempuan,20.0,Semester 3,Kurang dari Rp500.000,Universitas Muhammadiyah Gresik,"Sering, 6–10 kali dalam seminggu",Pembelian makanan/minuman,3.0,DANA,"LinkAja, iSaku",2 tahun – kurang dari 3 tahun,Rp25.000 – Rp49.999,Rp500.000 – Rp999.999,Praktis dan cepat,Saat membeli makanan/minuman,Memengaruhi,Sering,4.0,4.0,4.0,4.0,4.0,4.0,4.0,4.0,4.0,4.0,4.0,5.0,4.0,4.0,5.0,4.0,5.0,5.0,5.0,5.0,5.0,5.0,4.0,5.0,Top-up mudah dan murah,Kemudahan top-up,Sangat berniat,4.0,,4.0,4.0,4.25,4.25,5.0,4.75,2,False,3.0,20.0,3.0,1,4,4,2,4,4,4,5,4.0,1,Pengguna Aktif Responsif Promo
301,"Ya, saya bersedia","Ya, saya memenuhi seluruh kriteria tersebut",Perempuan,22.0,Semester 8,Rp500.000 – Rp999.999,Universitas Tanjungpura,"Sangat sering, lebih dari 10 kali dalam seminggu",Transfer ke teman / orang lain,5.0,DANA,"DANA, GoPay, OVO, ShopeePay, LinkAja",3 tahun atau lebih,Rp100.000 – Rp199.999,Rp1.000.000 atau lebih,Mudah untuk transfer uang,Saat transfer ke teman/keluarga,Cukup memengaruhi,Sering,4.0,5.0,4.0,3.0,5.0,5.0,5.0,4.0,4.0,4.0,5.0,4.0,5.0,4.0,5.0,4.0,5.0,3.0,4.0,3.0,4.0,4.0,5.0,3.0,Transfer gratis,Biaya admin,Sangat berniat,4.0,,4.0,4.75,4.25,4.5,3.75,4.0,5,False,5.0,22.0,8.0,2,5,5,4,5,3,4,5,4.0,1,Pengguna Aktif Responsif Promo
302,"Ya, saya bersedia","Ya, saya memenuhi seluruh kriteria tersebut",Perempuan,21.0,Semester 6,Rp1.500.000 – Rp1.999.999,Universitas Indonesia,"Cukup sering, 3–5 kali dalam seminggu",Belanja online,2.0,ShopeePay,"ShopeePay, LinkAja",1 tahun – kurang dari 2 tahun,Rp25.000 – Rp49.999,Rp300.000 – Rp499.999,Banyak promo/cashback,Saat belanja online,Sangat memengaruhi,Sangat sering,5.0,5.0,5.0,5.0,4.0,5.0,5.0,4.0,4.0,5.0,4.0,5.0,4.0,5.0,5.0,4.0,5.0,5.0,5.0,5.0,4.0,5.0,5.0,4.0,Promo makanan/minuman,Jumlah promo/cashback,Sangat berniat,5.0,,5.0,4.5,4.5,4.5,5.0,4.5,2,False,2.0,21.0,6.0,4,3,3,2,3,5,5,5,5.0,1,Pengguna Aktif Responsif Promo
303,"Ya, saya bersedia","Ya, saya memenuhi seluruh kriteria tersebut",Perempuan,22.0,Semester 8,Rp2.000.000 – Rp2.999.999,Universitas Sam Ratulangi,"Sering, 6–10 kali dalam seminggu",Transfer ke teman / orang lain,3.0,OVO,"DANA, GoPay, OVO, ShopeePay, LinkAja",2 tahun – kurang dari 3 tahun,Rp100.000 – Rp199.999,Rp500.000 – Rp999.999,Mudah untuk transfer uang,Saat transfer ke teman/keluarga,Memengaruhi,Sangat sering,4.0,5.0,4.0,5.0,4.0,4.0,4.0,4.0,4.0,4.0,4.0,4.0,5.0,4.0,4.0,5.0,5.0,5.0,4.0,5.0,5.0,5.0,4.0,5.0,Promo makanan/minuman,Jumlah promo/cashback,Sangat berniat,4.0,,4.5,4.0,4.0,4.5,4.75,4.75,5,False,3.0,22.0,8.0,5,4,4,4,4,4,5,5,4.0,1,Pengguna Aktif Responsif Promo
304,"Ya, saya bersedia","Ya, saya memenuhi seluruh kriteria tersebut",Laki-Laki,20.0,Semester 3,Rp1.500.000 – Rp1.999.999,Universitas Islam Riau,"Sering, 6–10 kali dalam seminggu",Pembelian makanan/minuman,3.0,OVO,"DANA, GoPay, OVO, ShopeePay, LinkAja",2 tahun – kurang dari 3 tahun,Rp25.000 – Rp49.999,Rp500.000 – Rp999.999,Banyak merchant yang menerima e-wallet,Saat membeli makanan/minuman,Sangat tidak memengaruhi,Jarang,2.0,2.0,2.0,2.0,2.0,2.0,2.0,2.0,2.0,2.0,2.0,2.0,2.0,1.0,1.0,2.0,1.0,2.0,2.0,2.0,2.0,2.0,2.0,1.0,Top-up mudah dan murah,Kemudahan top-up,Sangat tidak berniat,1.0,,2.0,2.0,2.0,1.5,1.75,1.75,5,False,3.0,20.0,3.0,4,4,4,2,4,1,2,1,1.0,2,Pengguna Positif Moderat/Selektif
305,"Ya, saya bersedia","Ya, saya memenuhi seluruh kriteria tersebut",Laki-Laki,21.0,Semester 6,Rp2.000.000 – Rp2.999.999,Universitas Padjadjaran,"Sering, 6–10 kali dalam seminggu",Pembelian makanan/minuman,3.0,GoPay,"DANA, GoPay, OVO, LinkAja",2 tahun – kurang dari 3 tahun,Rp25.000 – Rp49.999,Rp500.000 – Rp999.999,Banyak merchant yang menerima e-wallet,Saat membeli makanan/minuman,Sangat memengaruhi,Sering,5.0,5.0,4.0,5.0,4.0,5.0,5.0,4.0,5.0,4.0,5.0,5.0,4.0,4.0,4.0,4.0,5.0,4.0,5.0,5.0,5.0,4.0,5.0,5.0,Transfer gratis,Biaya admin,Sangat berniat,4.0,,4.75,4.5,4.75,4.0,4.75,4.75,4,False,3.0,21.0,6.0,5,4,4,2,4,5,4,5,4.0,1,Pengguna Aktif Responsif Promo
306,"Ya, saya bersedia","Ya, saya memenuhi seluruh kriteria tersebut",Perempuan,22.0,Semester 7,Rp1.000.000 – Rp1.499.999,Universitas Ciputra,"Sering, 6–10 kali dalam seminggu",Pembelian makanan/minuman,3.0,DANA,"DANA, GoPay, OVO",2 tahun – kurang dari 3 tahun,Rp25.000 – Rp49.999,Rp500.000 – Rp999.999,Praktis dan cepat,Saat membeli makanan/minuman,Tidak memengaruhi,Jarang,2.0,2.0,1.0,1.0,1.0,1.0,4.0,1.0,2.0,4.0,1.0,1.0,1.0,2.0,1.0,2.0,2.0,2.0,2.0,2.0,2.0,1.0,1.0,1.0,Transfer gratis,Biaya admin,Tidak berniat,2.0,,1.5,1.75,2.0,1.5,2.0,1.25,3,False,3.0,22.0,7.0,3,4,4,2,4,2,2,2,2.0,2,Pengguna Positif Moderat/Selektif
307,"Ya, saya bersedia","Ya, saya memenuhi seluruh kriteria tersebut",Laki-Laki,20.0,Semester 4,Rp1.500.000 – Rp1.999.999,Universitas Airlangga,"Sangat sering, lebih dari 10 kali dalam seminggu",Pembelian makanan/minuman,5.0,OVO,"DANA, GoPay, OVO, ShopeePay, LinkAja",3 tahun atau lebih,Rp50.000 – Rp99.999,Rp1.000.000 atau lebih,Banyak merchant yang menerima e-wallet,Saat ada promo/cashback,Memengaruhi,Sering,5.0,4.0,5.0,5.0,5.0,5.0,4.0,5.0,4.0,4.0,5.0,5.0,5.0,4.0,4.0,5.0,4.0,5.0,4.0,4.0,5.0,5.0,5.0,4.0,Pembayaran transportasi,Jumlah merchant yang menerima e-wallet,Berniat,4.0,,4.75,4.75,4.5,4.5,4.25,4.75,5,False,5.0,20.0,4.0,4,5,5,3,5,4,4,4,4.0,1,Pengguna Aktif Responsif Promo
308,"Ya, saya bersedia","Ya, saya memenuhi seluruh kriteria tersebut",Perempuan,20.0,Semester 3,Rp500.000 – Rp999.999,Universitas Negeri Yogyakarta,"Sangat sering, lebih dari 10 kali dalam seminggu",Pembelian makanan/minuman,4.0,GoPay,"DANA, ShopeePay",3 tahun atau lebih,Rp25.000 – Rp49.999,Rp1.000.000 atau lebih,Tidak perlu membawa uang tunai,Saat ada promo/cashback,Memengaruhi,Sangat sering,4.0,4.0,4.0,5.0,4.0,5.0,5.0,4.0,5.0,5.0,5.0,4.0,5.0,4.0,4.0,5.0,5.0,4.0,4.0,4.0,5.0,5.0,4.0,5.0,Promo makanan/minuman,Jumlah promo/cashback,Sangat berniat,5.0,,4.25,4.5,4.75,4.5,4.25,4.75,2,False,4.0,20.0,3.0,2,5,5,2,5,4,5,5,5.0,1,Pengguna Aktif Responsif Promo
309,"Ya, saya bersedia","Ya, saya memenuhi seluruh kriteria tersebut",Laki-Laki,19.0,Semester 2,Rp500.000 – Rp999.999,Universitas Islam Negeri Sumatera Utara,"Sering, 6–10 kali dalam seminggu",Belanja online,3.0,ShopeePay,"GoPay, OVO, ShopeePay",2 tahun – kurang dari 3 tahun,Rp50.000 – Rp99.999,Rp500.000 – Rp999.999,Banyak promo/cashback,Saat belanja online,Sangat memengaruhi,Sering,4.0,4.0,5.0,4.0,4.0,4.0,4.0,5.0,4.0,4.0,5.0,4.0,5.0,4.0,4.0,4.0,5.0,4.0,4.0,5.0,4.0,4.0,4.0,5.0,Transfer gratis,Biaya admin,Berniat,4.0,,4.25,4.25,4.25,4.25,4.5,4.25,3,False,3.0,19.0,2.0,2,4,4,3,4,5,4,4,4.0,1,Pengguna Aktif Responsif Promo
310,"Ya, saya bersedia","Ya, saya memenuhi seluruh kriteria tersebut",Perempuan,20.0,Semester 4,Kurang dari Rp500.000,Universitas Sriwijaya,"Sering, 6–10 kali dalam seminggu",Belanja online,3.0,ShopeePay,"DANA, GoPay, OVO, ShopeePay",2 tahun – kurang dari 3 tahun,Rp50.000 – Rp99.999,Rp500.000 – Rp999.999,Mudah untuk belanja online,Saat belanja online,Sangat tidak memengaruhi,Tidak pernah,2.0,2.0,1.0,1.0,3.0,1.0,2.0,1.0,2.0,1.0,1.0,1.0,1.0,2.0,1.0,2.0,2.0,1.0,2.0,2.0,2.0,2.0,1.0,2.0,Pembayaran UKT/kampus,Perlindungan data pribadi,Sangat tidak berniat,2.0,,1.5,1.75,1.25,1.5,1.75,1.75,4,False,3.0,20.0,4.0,1,4,4,3,4,1,1,1,2.0,2,Pengguna Positif Moderat/Selektif
311,"Ya, saya bersedia","Ya, saya memenuhi seluruh kriteria tersebut",Laki-Laki,19.0,Semester 2,Rp1.500.000 – Rp1.999.999,Universitas Merdeka Malang,"Jarang, 1–2 kali dalam seminggu",Belanja online,2.0,ShopeePay,"OVO, ShopeePay",2 tahun – kurang dari 3 tahun,Rp50.000 – Rp99.999,Rp100.000 – Rp299.999,Mudah untuk belanja online,Saat ada promo/cashback,Sangat memengaruhi,Sangat sering,5.0,5.0,5.0,4.0,4.0,5.0,4.0,5.0,4.0,5.0,5.0,5.0,4.0,4.0,4.0,4.0,4.0,4.0,5.0,5.0,5.0,4.0,4.0,4.0,Riwayat transaksi yang jelas,Perlindungan data pribadi,Berniat,4.0,,4.75,4.5,4.75,4.0,4.5,4.25,2,False,2.0,19.0,2.0,4,2,4,3,2,5,5,4,4.0,1,Pengguna Aktif Responsif Promo
312,"Ya, saya bersedia","Ya, saya memenuhi seluruh kriteria tersebut",Perempuan,22.0,Semester 8,Rp1.500.000 – Rp1.999.999,Universitas Sumatera Utara,"Sangat sering, lebih dari 10 kali dalam seminggu",Belanja online,4.0,ShopeePay,"GoPay, OVO, ShopeePay, LinkAja",3 tahun atau lebih,Rp100.000 – Rp199.999,Rp1.000.000 atau lebih,Mudah untuk belanja online,Saat belanja online,Sangat memengaruhi,Sering,4.0,4.0,5.0,4.0,5.0,5.0,5.0,4.0,4.0,5.0,4.0,5.0,5.0,4.0,4.0,5.0,4.0,4.0,5.0,5.0,4.0,5.0,4.0,4.0,Cashback transaksi,Jumlah promo/cashback,Berniat,5.0,,4.25,4.75,4.5,4.5,4.5,4.25,4,False,4.0,22.0,8.0,4,5,5,4,5,5,4,4,5.0,1,Pengguna Aktif Responsif Promo
313,"Ya, saya bersedia","Ya, saya memenuhi seluruh kriteria tersebut",Perempuan,19.0,Semester 2,Rp2.000.000 – Rp2.999.999,Universitas Muhammadiyah Ponorogo,"Jarang, 1–2 kali dalam seminggu",Pembelian pulsa / paket data,2.0,DANA,"DANA, GoPay, OVO, ShopeePay, LinkAja, iSaku, Sakuku",6 bulan – kurang dari 1 tahun,Rp25.000 – Rp49.999,Rp100.000 – Rp299.999,Tidak perlu membawa uang tunai,Saat melakukan pembayaran rutin,Memengaruhi,Sering,4.0,4.0,4.0,4.0,4.0,4.0,4.0,4.0,4.0,4.0,4.0,5.0,4.0,4.0,5.0,4.0,5.0,5.0,5.0,5.0,5.0,5.0,4.0,5.0,Pembayaran transportasi,Jumlah merchant yang menerima e-wallet,Sangat berniat,4.0,,4.0,4.0,4.25,4.25,5.0,4.75,7,False,2.0,19.0,2.0,5,2,2,2,2,4,4,5,4.0,1,Pengguna Aktif Responsif Promo
314,"Ya, saya bersedia","Ya, saya memenuhi seluruh kriteria tersebut",Perempuan,19.0,Semester 2,Rp500.000 – Rp999.999,Universitas Islam Negeri Alauddin,"Sangat sering, lebih dari 10 kali dalam seminggu",Belanja online,5.0,ShopeePay,"GoPay, LinkAja",3 tahun atau lebih,Rp100.000 – Rp199.999,Rp1.000.000 atau lebih,Banyak promo/cashback,Saat belanja online,Sangat memengaruhi,Sering,4.0,5.0,5.0,4.0,4.0,5.0,4.0,4.0,4.0,5.0,4.0,4.0,5.0,4.0,4.0,5.0,5.0,4.0,5.0,5.0,4.0,4.0,4.0,5.0,Top-up mudah dan murah,Kemudahan top-up,Berniat,4.0,,4.5,4.25,4.25,4.5,4.75,4.25,2,False,5.0,19.0,2.0,2,5,5,4,5,5,4,4,4.0,1,Pengguna Aktif Responsif Promo
315,"Ya, saya bersedia","Ya, saya memenuhi seluruh kriteria tersebut",Laki-Laki,19.0,Semester 1,Rp1.500.000 – Rp1.999.999,Universitas 17 Agustus 1945 Surabaya,"Jarang, 1–2 kali dalam seminggu",Pembelian pulsa / paket data,2.0,iSaku,"LinkAja, iSaku",6 bulan – kurang dari 1 tahun,Rp25.000 – Rp49.999,Rp100.000 – Rp299.999,Tidak perlu membawa uang tunai,Saat melakukan pembayaran rutin,Tidak memengaruhi,Tidak pernah,2.0,2.0,1.0,1.0,1.0,2.0,1.0,1.0,1.0,3.0,3.0,1.0,1.0,3.0,2.0,1.0,1.0,2.0,1.0,2.0,2.0,1.0,1.0,1.0,Top-up mudah dan murah,Kemudahan top-up,Tidak berniat,2.0,,1.5,1.25,2.0,1.75,1.5,1.25,2,False,2.0,19.0,1.0,4,2,2,2,2,2,1,2,2.0,2,Pengguna Positif Moderat/Selektif
316,"Ya, saya bersedia","Ya, saya memenuhi seluruh kriteria tersebut",Laki-Laki,20.0,Semester 4,Rp2.000.000 – Rp2.999.999,Universitas Telkom,"Sering, 6–10 kali dalam seminggu",Belanja online,3.0,ShopeePay,"DANA, ShopeePay, LinkAja",2 tahun – kurang dari 3 tahun,Rp50.000 – Rp99.999,Rp500.000 – Rp999.999,Banyak promo/cashback,Saat belanja online,Memengaruhi,Sangat sering,5.0,5.0,5.0,4.0,5.0,4.0,5.0,4.0,5.0,5.0,5.0,5.0,4.0,5.0,5.0,4.0,4.0,5.0,4.0,5.0,5.0,4.0,5.0,5.0,Top-up mudah dan murah,Kemudahan top-up,Sangat berniat,4.0,,4.75,4.5,5.0,4.5,4.5,4.75,3,False,3.0,20.0,4.0,5,4,4,3,4,4,5,5,4.0,1,Pengguna Aktif Responsif Promo
317,"Ya, saya bersedia","Ya, saya memenuhi seluruh kriteria tersebut",Perempuan,19.0,Semester 2,Rp500.000 – Rp999.999,Universitas Telkom,"Sering, 6–10 kali dalam seminggu",Pembelian makanan/minuman,3.0,DANA,"DANA, GoPay, OVO, ShopeePay",2 tahun – kurang dari 3 tahun,Rp25.000 – Rp49.999,Rp500.000 – Rp999.999,Banyak merchant yang menerima e-wallet,Saat membeli makanan/minuman,Sangat memengaruhi,Sering,5.0,4.0,4.0,4.0,4.0,4.0,5.0,4.0,4.0,4.0,4.0,4.0,5.0,4.0,5.0,4.0,4.0,4.0,5.0,4.0,4.0,4.0,4.0,4.0,Pembayaran transportasi,Jumlah merchant yang menerima e-wallet,Berniat,5.0,,4.25,4.25,4.0,4.5,4.25,4.0,4,False,3.0,19.0,2.0,2,4,4,2,4,5,4,4,5.0,1,Pengguna Aktif Responsif Promo
318,"Ya, saya bersedia","Ya, saya memenuhi seluruh kriteria tersebut",Perempuan,22.0,Semester 7,Kurang dari Rp500.000,Universitas Negeri Makassar,"Cukup sering, 3–5 kali dalam seminggu",Pembayaran tagihan,2.0,DANA,"DANA, GoPay",1 tahun – kurang dari 2 tahun,Rp100.000 – Rp199.999,Rp300.000 – Rp499.999,Tidak perlu membawa uang tunai,Saat melakukan pembayaran rutin,Memengaruhi,Sangat sering,5.0,5.0,4.0,5.0,5.0,5.0,5.0,4.0,5.0,4.0,5.0,5.0,5.0,5.0,4.0,5.0,5.0,5.0,5.0,5.0,4.0,5.0,5.0,4.0,Cashback transaksi,Jumlah promo/cashback,Sangat berniat,5.0,,4.75,4.75,4.75,4.75,5.0,4.5,2,False,2.0,22.0,7.0,1,3,3,4,3,4,5,5,5.0,1,Pengguna Aktif Responsif Promo
319,"Ya, saya bersedia","Ya, saya memenuhi seluruh kriteria tersebut",Perempuan,19.0,Semester 2,Kurang dari Rp500.000,Universitas Siliwangi,"Sangat sering, lebih dari 10 kali dalam seminggu",Transfer ke teman / orang lain,4.0,DANA,LinkAja,3 tahun atau lebih,Rp100.000 – Rp199.999,Rp1.000.000 atau lebih,Mudah untuk transfer uang,Saat transfer ke teman/keluarga,Tidak memengaruhi,Tidak pernah,1.0,2.0,1.0,2.0,2.0,1.0,1.0,1.0,2.0,2.0,1.0,1.0,2.0,2.0,2.0,1.0,2.0,1.0,2.0,2.0,1.0,2.0,1.0,2.0,Transfer gratis,Biaya admin,Tidak berniat,2.0,,1.5,1.25,1.5,1.75,1.75,1.5,1,False,4.0,19.0,2.0,1,5,5,4,5,2,1,2,2.0,2,Pengguna Positif Moderat/Selektif
320,"Ya, saya bersedia","Ya, saya memenuhi seluruh kriteria tersebut",Perempuan,20.0,Semester 4,Rp1.000.000 – Rp1.499.999,Institut Teknologi Bandung,"Sangat sering, lebih dari 10 kali dalam seminggu",Transfer ke teman / orang lain,4.0,DANA,"DANA, OVO, ShopeePay, LinkAja",3 tahun atau lebih,Rp100.000 – Rp199.999,Rp1.000.000 atau lebih,Mudah untuk transfer uang,Saat transfer ke teman/keluarga,Sangat memengaruhi,Sangat sering,5.0,5.0,5.0,4.0,4.0,5.0,4.0,5.0,4.0,5.0,5.0,5.0,4.0,4.0,4.0,4.0,4.0,4.0,5.0,5.0,5.0,4.0,4.0,4.0,Cashback transaksi,Jumlah promo/cashback,Berniat,4.0,,4.75,4.5,4.75,4.0,4.5,4.25,4,False,4.0,20.0,4.0,3,5,5,4,5,5,5,4,4.0,1,Pengguna Aktif Responsif Promo
321,"Ya, saya bersedia","Ya, saya memenuhi seluruh kriteria tersebut",Perempuan,20.0,Semester 4,Rp2.000.000 – Rp2.999.999,Universitas Islam Negeri Sunan Kalijaga,"Cukup sering, 3–5 kali dalam seminggu",Transfer ke teman / orang lain,2.0,DANA,"DANA, GoPay, ShopeePay, LinkAja",1 tahun – kurang dari 2 tahun,Rp100.000 – Rp199.999,Rp300.000 – Rp499.999,Mudah untuk transfer uang,Saat transfer ke teman/keluarga,Memengaruhi,Sangat sering,4.0,4.0,4.0,4.0,4.0,4.0,5.0,4.0,4.0,4.0,4.0,4.0,5.0,4.0,4.0,4.0,4.0,4.0,5.0,4.0,5.0,4.0,5.0,4.0,Transfer gratis,Biaya admin,Berniat,5.0,,4.0,4.25,4.0,4.25,4.25,4.5,4,False,2.0,20.0,4.0,5,3,3,4,3,4,5,4,5.0,1,Pengguna Aktif Responsif Promo
322,"Ya, saya bersedia","Ya, saya memenuhi seluruh kriteria tersebut",Perempuan,18.0,Semester 2,Rp500.000 – Rp999.999,Universitas Katolik Indonesia Atma Jaya,"Sering, 6–10 kali dalam seminggu",Transfer ke teman / orang lain,3.0,OVO,"DANA, GoPay, OVO, ShopeePay, LinkAja",2 tahun – kurang dari 3 tahun,Rp100.000 – Rp199.999,Rp500.000 – Rp999.999,Mudah untuk transfer uang,Saat transfer ke teman/keluarga,Sangat memengaruhi,Sangat sering,4.0,4.0,5.0,4.0,5.0,4.0,5.0,5.0,4.0,5.0,4.0,5.0,4.0,5.0,4.0,5.0,4.0,4.0,5.0,5.0,5.0,4.0,5.0,4.0,Pembayaran UKT/kampus,Perlindungan data pribadi,Sangat berniat,4.0,,4.25,4.75,4.5,4.5,4.5,4.5,5,False,3.0,18.0,2.0,2,4,4,4,4,5,5,5,4.0,1,Pengguna Aktif Responsif Promo
323,"Ya, saya bersedia","Ya, saya memenuhi seluruh kriteria tersebut",Laki-Laki,20.0,Semester 4,Rp2.000.000 – Rp2.999.999,Universitas Singaperbangsa Karawang,"Cukup sering, 3–5 kali dalam seminggu",Transportasi,2.0,ShopeePay,"OVO, ShopeePay",1 tahun – kurang dari 2 tahun,Rp25.000 – Rp49.999,Rp300.000 – Rp499.999,Banyak promo/cashback,Saat belanja online,Memengaruhi,Sangat sering,4.0,5.0,3.0,5.0,5.0,3.0,5.0,4.0,5.0,5.0,5.0,3.0,4.0,5.0,3.0,4.0,4.0,3.0,5.0,4.0,5.0,5.0,3.0,4.0,Pembayaran transportasi,Jumlah merchant yang menerima e-wallet,Sangat berniat,4.0,,4.25,4.25,4.5,4.0,4.0,4.25,2,False,2.0,20.0,4.0,5,3,3,2,3,4,5,5,4.0,1,Pengguna Aktif Responsif Promo
324,"Ya, saya bersedia","Ya, saya memenuhi seluruh kriteria tersebut",Perempuan,20.0,Semester 3,Rp500.000 – Rp999.999,Universitas Sangga Buana,"Sering, 6–10 kali dalam seminggu",Belanja online,3.0,ShopeePay,DANA,2 tahun – kurang dari 3 tahun,Rp50.000 – Rp99.999,Rp500.000 – Rp999.999,Banyak promo/cashback,Saat belanja online,Memengaruhi,Sering,5.0,3.0,4.0,5.0,5.0,5.0,5.0,5.0,5.0,4.0,5.0,4.0,4.0,5.0,5.0,5.0,5.0,5.0,4.0,4.0,4.0,5.0,5.0,5.0,Top-up mudah dan murah,Kemudahan top-up,Sangat berniat,5.0,,4.25,5.0,4.5,4.75,4.5,4.75,1,False,3.0,20.0,3.0,2,4,4,3,4,4,4,5,5.0,1,Pengguna Aktif Responsif Promo
325,"Ya, saya bersedia","Ya, saya memenuhi seluruh kriteria tersebut",Perempuan,22.0,Semester 7,Rp1.500.000 – Rp1.999.999,Universitas Bina Nusantara,"Cukup sering, 3–5 kali dalam seminggu",Pembayaran tagihan,2.0,DANA,"DANA, GoPay",1 tahun – kurang dari 2 tahun,Rp100.000 – Rp199.999,Rp300.000 – Rp499.999,Tidak perlu membawa uang tunai,Saat melakukan pembayaran rutin,Sangat memengaruhi,Sangat sering,4.0,4.0,5.0,5.0,4.0,4.0,5.0,5.0,4.0,5.0,5.0,4.0,4.0,4.0,5.0,4.0,5.0,5.0,4.0,4.0,4.0,4.0,5.0,5.0,Pembayaran transportasi,Jumlah merchant yang menerima e-wallet,Berniat,4.0,,4.5,4.5,4.5,4.25,4.5,4.5,2,False,2.0,22.0,7.0,4,3,3,4,3,5,5,4,4.0,1,Pengguna Aktif Responsif Promo
326,"Ya, saya bersedia","Ya, saya memenuhi seluruh kriteria tersebut",Laki-Laki,22.0,Semester 8,Rp2.000.000 – Rp2.999.999,Universitas Brawijaya,"Jarang, 1–2 kali dalam seminggu",Pembelian pulsa / paket data,2.0,LinkAja,"DANA, GoPay",6 bulan – kurang dari 1 tahun,Rp25.000 – Rp49.999,Rp100.000 – Rp299.999,Tidak perlu membawa uang tunai,Saat melakukan pembayaran rutin,Sangat memengaruhi,Sangat sering,4.0,5.0,5.0,4.0,5.0,5.0,5.0,5.0,5.0,5.0,5.0,4.0,4.0,5.0,4.0,4.0,4.0,5.0,5.0,5.0,5.0,5.0,5.0,4.0,Top-up mudah dan murah,Kemudahan top-up,Sangat berniat,5.0,,4.5,5.0,4.75,4.25,4.75,4.75,2,False,2.0,22.0,8.0,5,2,2,2,2,5,5,5,5.0,1,Pengguna Aktif Responsif Promo
327,"Ya, saya bersedia","Ya, saya memenuhi seluruh kriteria tersebut",Laki-Laki,21.0,Semester 6,Kurang dari Rp500.000,Universitas Trunojoyo Madura,"Sangat sering, lebih dari 10 kali dalam seminggu",Belanja online,4.0,ShopeePay,"DANA, GoPay, OVO",3 tahun atau lebih,Rp50.000 – Rp99.999,Rp1.000.000 atau lebih,Banyak promo/cashback,Saat belanja online,Sangat memengaruhi,Kadang-kadang,4.0,4.0,4.0,5.0,4.0,5.0,4.0,4.0,5.0,5.0,3.0,3.0,5.0,4.0,5.0,4.0,4.0,5.0,5.0,5.0,4.0,5.0,3.0,5.0,Promo makanan/minuman,Jumlah promo/cashback,Berniat,5.0,,4.25,4.25,4.0,4.5,4.75,4.25,3,False,4.0,21.0,6.0,1,5,5,3,5,5,3,4,5.0,1,Pengguna Aktif Responsif Promo
328,"Ya, saya bersedia","Ya, saya memenuhi seluruh kriteria tersebut",Perempuan,21.0,Semester 6,Rp3.000.000 atau lebih,Universitas Widya Dharma,"Cukup sering, 3–5 kali dalam seminggu",Transfer ke teman / orang lain,2.0,DANA,"ShopeePay, LinkAja",1 tahun – kurang dari 2 tahun,Rp100.000 – Rp199.999,Rp300.000 – Rp499.999,Mudah untuk transfer uang,Saat transfer ke teman/keluarga,Tidak memengaruhi,Tidak pernah,1.0,1.0,2.0,1.0,2.0,1.0,4.0,4.0,4.0,4.0,4.0,4.0,5.0,4.0,4.0,5.0,4.0,5.0,5.0,5.0,5.0,5.0,5.0,4.0,Keamanan akun yang lebih kuat,Keamanan akun,Sangat berniat,5.0,,1.25,2.75,4.0,4.5,4.75,4.75,2,False,2.0,21.0,6.0,6,3,3,4,3,2,1,5,5.0,1,Pengguna Aktif Responsif Promo
329,"Ya, saya bersedia","Ya, saya memenuhi seluruh kriteria tersebut",Laki-Laki,20.0,Semester 3,Rp1.500.000 – Rp1.999.999,Universitas Syiah Kuala,"Sering, 6–10 kali dalam seminggu",Pembelian makanan/minuman,3.0,GoPay,"DANA, GoPay, OVO, LinkAja",2 tahun – kurang dari 3 tahun,Rp25.000 – Rp49.999,Rp500.000 – Rp999.999,Praktis dan cepat,Saat tidak membawa uang tunai,Memengaruhi,Sangat sering,5.0,4.0,4.0,4.0,5.0,4.0,5.0,4.0,5.0,5.0,4.0,4.0,4.0,5.0,5.0,4.0,4.0,5.0,4.0,4.0,5.0,4.0,4.0,5.0,Top-up mudah dan murah,Kemudahan top-up,Berniat,4.0,,4.25,4.5,4.5,4.5,4.25,4.5,4,False,3.0,20.0,3.0,4,4,4,2,4,4,5,4,4.0,1,Pengguna Aktif Responsif Promo
330,"Ya, saya bersedia","Ya, saya memenuhi seluruh kriteria tersebut",Laki-Laki,20.0,Semester 3,Kurang dari Rp500.000,Universitas Bina Nusantara,"Sangat sering, lebih dari 10 kali dalam seminggu",Pembelian makanan/minuman,4.0,GoPay,"DANA, GoPay, OVO, ShopeePay",3 tahun atau lebih,Rp50.000 – Rp99.999,Rp1.000.000 atau lebih,Tidak perlu membawa uang tunai,Saat membeli makanan/minuman,Memengaruhi,Sangat sering,4.0,4.0,4.0,5.0,5.0,4.0,5.0,4.0,5.0,5.0,4.0,4.0,5.0,5.0,5.0,4.0,4.0,5.0,5.0,4.0,5.0,5.0,4.0,4.0,Riwayat transaksi yang jelas,Perlindungan data pribadi,Berniat,4.0,,4.25,4.5,4.5,4.75,4.5,4.5,4,False,4.0,20.0,3.0,1,5,5,3,5,4,5,4,4.0,1,Pengguna Aktif Responsif Promo
331,"Ya, saya bersedia","Ya, saya memenuhi seluruh kriteria tersebut",Perempuan,19.0,Semester 2,Rp2.000.000 – Rp2.999.999,Universitas Mercu Buana Yogyakarta,"Cukup sering, 3–5 kali dalam seminggu",Pembayaran tagihan,2.0,DANA,"DANA, GoPay",1 tahun – kurang dari 2 tahun,Rp100.000 – Rp199.999,Rp300.000 – Rp499.999,Tidak perlu membawa uang tunai,Saat melakukan pembayaran rutin,Tidak memengaruhi,Jarang,1.0,2.0,1.0,1.0,1.0,2.0,1.0,1.0,1.0,3.0,3.0,1.0,1.0,3.0,2.0,2.0,1.0,2.0,1.0,2.0,2.0,1.0,2.0,1.0,Keamanan akun yang lebih kuat,Keamanan akun,Tidak berniat,2.0,,1.25,1.25,2.0,2.0,1.5,1.5,2,False,2.0,19.0,2.0,5,3,3,4,3,2,2,2,2.0,2,Pengguna Positif Moderat/Selektif
332,"Ya, saya bersedia","Ya, saya memenuhi seluruh kriteria tersebut",Laki-Laki,21.0,Semester 6,Rp500.000 – Rp999.999,Universitas Muhammadiyah Ponorogo,"Sering, 6–10 kali dalam seminggu",Belanja online,3.0,ShopeePay,"ShopeePay, LinkAja",2 tahun – kurang dari 3 tahun,Rp50.000 – Rp99.999,Rp500.000 – Rp999.999,Mudah untuk belanja online,Saat belanja online,Tidak memengaruhi,Jarang,2.0,2.0,2.0,1.0,1.0,1.0,1.0,3.0,1.0,2.0,1.0,1.0,1.0,1.0,2.0,1.0,2.0,3.0,2.0,2.0,1.0,2.0,2.0,1.0,Integrasi dengan aplikasi belanja/transportasi,Kecepatan transaksi,Tidak berniat,2.0,,1.75,1.5,1.25,1.25,2.25,1.5,2,False,3.0,21.0,6.0,2,4,4,3,4,2,2,2,2.0,2,Pengguna Positif Moderat/Selektif
333,"Ya, saya bersedia","Ya, saya memenuhi seluruh kriteria tersebut",Perempuan,22.0,Semester 9 atau lebih,Rp1.500.000 – Rp1.999.999,Universitas Kristen Petra,"Sangat jarang, kurang dari 1 kali dalam seminggu",Pembayaran tagihan,1.0,DANA,"DANA, ShopeePay",6 bulan – kurang dari 1 tahun,Rp100.000 – Rp199.999,Kurang dari Rp100.000,Mudah untuk transfer uang,Saat melakukan pembayaran rutin,Memengaruhi,Sering,4.0,5.0,4.0,4.0,5.0,5.0,5.0,4.0,4.0,5.0,4.0,4.0,5.0,4.0,4.0,4.0,5.0,4.0,4.0,4.0,4.0,5.0,4.0,4.0,Pembayaran transportasi,Jumlah merchant yang menerima e-wallet,Berniat,5.0,,4.25,4.75,4.25,4.25,4.25,4.25,2,False,1.0,22.0,9.0,4,1,2,4,1,4,4,4,5.0,1,Pengguna Aktif Responsif Promo
334,"Ya, saya bersedia","Ya, saya memenuhi seluruh kriteria tersebut",Laki-Laki,22.0,Semester 8,Rp500.000 – Rp999.999,Universitas Ahmad Dahlan,"Sangat sering, lebih dari 10 kali dalam seminggu",Belanja online,4.0,ShopeePay,"OVO, ShopeePay",3 tahun atau lebih,Rp100.000 – Rp199.999,Rp1.000.000 atau lebih,Banyak promo/cashback,Saat belanja online,Memengaruhi,Sangat sering,4.0,4.0,5.0,4.0,4.0,5.0,5.0,4.0,4.0,5.0,4.0,4.0,5.0,4.0,5.0,4.0,4.0,4.0,5.0,4.0,5.0,4.0,4.0,4.0,Promo makanan/minuman,Jumlah promo/cashback,Sangat berniat,4.0,,4.25,4.5,4.25,4.5,4.25,4.25,2,False,4.0,22.0,8.0,2,5,5,4,5,4,5,5,4.0,1,Pengguna Aktif Responsif Promo
335,"Ya, saya bersedia","Ya, saya memenuhi seluruh kriteria tersebut",Laki-Laki,21.0,Semester 5,Rp3.000.000 atau lebih,Universitas Pendidikan Indonesia,"Sangat sering, lebih dari 10 kali dalam seminggu",Belanja online,4.0,ShopeePay,"DANA, GoPay, OVO, ShopeePay, LinkAja",3 tahun atau lebih,Rp50.000 – Rp99.999,Rp1.000.000 atau lebih,Banyak promo/cashback,Saat belanja online,Sangat memengaruhi,Sering,4.0,4.0,4.0,4.0,5.0,4.0,5.0,5.0,4.0,5.0,5.0,5.0,4.0,5.0,4.0,4.0,4.0,5.0,4.0,5.0,4.0,5.0,4.0,5.0,Integrasi dengan aplikasi belanja/transportasi,Kecepatan transaksi,Berniat,5.0,,4.0,4.75,4.75,4.25,4.5,4.5,5,False,4.0,21.0,5.0,6,5,5,3,5,5,4,4,5.0,1,Pengguna Aktif Responsif Promo
336,"Ya, saya bersedia","Ya, saya memenuhi seluruh kriteria tersebut",Perempuan,19.0,Semester 1,Rp1.000.000 – Rp1.499.999,Universitas Hasanuddin,"Cukup sering, 3–5 kali dalam seminggu",Belanja online,2.0,ShopeePay,"ShopeePay, LinkAja",1 tahun – kurang dari 2 tahun,Rp50.000 – Rp99.999,Rp300.000 – Rp499.999,Mudah untuk belanja online,Saat belanja online,Memengaruhi,Sering,4.0,5.0,4.0,4.0,5.0,4.0,4.0,4.0,4.0,4.0,4.0,4.0,4.0,4.0,4.0,4.0,4.0,4.0,4.0,4.0,4.0,4.0,4.0,4.0,Transfer gratis,Biaya admin,Berniat,5.0,,4.25,4.25,4.0,4.0,4.0,4.0,2,False,2.0,19.0,1.0,3,3,3,3,3,4,4,4,5.0,1,Pengguna Aktif Responsif Promo
337,"Ya, saya bersedia","Ya, saya memenuhi seluruh kriteria tersebut",Perempuan,19.0,Semester 2,Kurang dari Rp500.000,Universitas Galuh,"Cukup sering, 3–5 kali dalam seminggu",Transfer ke teman / orang lain,2.0,DANA,"DANA, GoPay, ShopeePay",1 tahun – kurang dari 2 tahun,Rp100.000 – Rp199.999,Rp300.000 – Rp499.999,Mudah untuk transfer uang,Saat transfer ke teman/keluarga,Tidak memengaruhi,Tidak pernah,1.0,1.0,2.0,1.0,2.0,1.0,2.0,1.0,3.0,2.0,3.0,2.0,1.0,2.0,2.0,1.0,2.0,1.0,1.0,2.0,2.0,1.0,2.0,1.0,Transfer gratis,Biaya admin,Tidak berniat,2.0,,1.25,1.5,2.5,1.5,1.5,1.5,3,False,2.0,19.0,2.0,1,3,3,4,3,2,1,2,2.0,2,Pengguna Positif Moderat/Selektif
338,"Ya, saya bersedia","Ya, saya memenuhi seluruh kriteria tersebut",Laki-Laki,21.0,Semester 6,Kurang dari Rp500.000,Universitas Negeri Semarang,"Sering, 6–10 kali dalam seminggu",Pembelian makanan/minuman,3.0,DANA,"DANA, GoPay, OVO",2 tahun – kurang dari 3 tahun,Rp25.000 – Rp49.999,Rp500.000 – Rp999.999,Banyak merchant yang menerima e-wallet,Saat membeli makanan/minuman,Memengaruhi,Sangat sering,5.0,5.0,4.0,4.0,5.0,4.0,4.0,5.0,5.0,5.0,4.0,4.0,4.0,5.0,5.0,4.0,5.0,4.0,5.0,5.0,4.0,5.0,4.0,5.0,Top-up mudah dan murah,Keamanan akun,Sangat berniat,4.0,,4.5,4.5,4.5,4.5,4.75,4.5,3,False,3.0,21.0,6.0,1,4,4,2,4,4,5,5,4.0,1,Pengguna Aktif Responsif Promo
339,"Ya, saya bersedia","Ya, saya memenuhi seluruh kriteria tersebut",Laki-Laki,22.0,Semester 8,Rp500.000 – Rp999.999,Universitas Gadjah Mada,"Sering, 6–10 kali dalam seminggu",Pembelian makanan/minuman,3.0,DANA,"DANA, GoPay, OVO",2 tahun – kurang dari 3 tahun,Rp25.000 – Rp49.999,Rp500.000 – Rp999.999,Praktis dan cepat,Saat membeli makanan/minuman,Sangat memengaruhi,Sangat sering,5.0,5.0,4.0,5.0,4.0,4.0,5.0,4.0,5.0,5.0,4.0,5.0,5.0,4.0,4.0,5.0,5.0,5.0,4.0,5.0,4.0,4.0,5.0,5.0,Top-up mudah dan murah,Kemudahan top-up,Sangat berniat,5.0,,4.75,4.25,4.75,4.5,4.75,4.5,3,False,3.0,22.0,8.0,2,4,4,2,4,5,5,5,5.0,1,Pengguna Aktif Responsif Promo
340,"Ya, saya bersedia","Ya, saya memenuhi seluruh kriteria tersebut",Perempuan,20.0,Semester 4,Rp3.000.000 atau lebih,Universitas Komputer Indonesia,"Jarang, 1–2 kali dalam seminggu",Belanja online,2.0,ShopeePay,"OVO, ShopeePay",2 tahun – kurang dari 3 tahun,Rp50.000 – Rp99.999,Rp100.000 – Rp299.999,Mudah untuk belanja online,Saat ada promo/cashback,Sangat memengaruhi,Sangat sering,4.0,5.0,4.0,3.0,5.0,4.0,4.0,5.0,5.0,3.0,4.0,4.0,4.0,4.0,5.0,4.0,5.0,5.0,3.0,4.0,4.0,5.0,3.0,5.0,Pembayaran transportasi,Jumlah merchant yang menerima e-wallet,Sangat berniat,4.0,,4.0,4.5,4.0,4.25,4.25,4.25,2,False,2.0,20.0,4.0,6,2,4,3,2,5,5,5,4.0,1,Pengguna Aktif Responsif Promo
341,"Ya, saya bersedia","Ya, saya memenuhi seluruh kriteria tersebut",Perempuan,21.0,Semester 5,Rp500.000 – Rp999.999,Universitas Muhammadiyah Prof Dr Hamka,"Sering, 6–10 kali dalam seminggu",Pembelian makanan/minuman,3.0,OVO,"DANA, GoPay, LinkAja",2 tahun – kurang dari 3 tahun,Rp25.000 – Rp49.999,Rp500.000 – Rp999.999,Praktis dan cepat,Saat tidak membawa uang tunai,Tidak memengaruhi,Tidak pernah,1.0,2.0,2.0,1.0,1.0,3.0,1.0,2.0,1.0,2.0,1.0,1.0,1.0,1.0,2.0,1.0,2.0,2.0,1.0,2.0,2.0,2.0,2.0,1.0,Cashback transaksi,Jumlah promo/cashback,Tidak berniat,1.0,,1.5,1.75,1.25,1.25,1.75,1.75,3,False,3.0,21.0,5.0,2,4,4,2,4,2,1,2,1.0,2,Pengguna Positif Moderat/Selektif
342,"Ya, saya bersedia","Ya, saya memenuhi seluruh kriteria tersebut",Laki-Laki,19.0,Semester 1,Rp1.500.000 – Rp1.999.999,Universitas Islam Sultan Agung,"Jarang, 1–2 kali dalam seminggu",Pembelian pulsa / paket data,2.0,iSaku,"DANA, GoPay, OVO, ShopeePay, LinkAja, iSaku",6 bulan – kurang dari 1 tahun,Rp25.000 – Rp49.999,Rp100.000 – Rp299.999,Tidak perlu membawa uang tunai,Saat melakukan pembayaran rutin,Sangat tidak memengaruhi,Jarang,2.0,1.0,1.0,1.0,2.0,1.0,1.0,1.0,3.0,3.0,1.0,1.0,3.0,2.0,1.0,1.0,2.0,1.0,2.0,2.0,1.0,1.0,1.0,2.0,Top-up mudah dan murah,Kemudahan top-up,Tidak berniat,2.0,,1.25,1.25,2.0,1.75,1.75,1.25,6,False,2.0,19.0,1.0,4,2,2,2,2,1,2,2,2.0,2,Pengguna Positif Moderat/Selektif
343,"Ya, saya bersedia","Ya, saya memenuhi seluruh kriteria tersebut",Perempuan,20.0,Semester 5,Rp1.000.000 – Rp1.499.999,Universitas Negeri Semarang,"Sangat sering, lebih dari 10 kali dalam seminggu",Transfer ke teman / orang lain,5.0,DANA,"DANA, GoPay, OVO, ShopeePay, LinkAja",3 tahun atau lebih,Rp100.000 – Rp199.999,Rp1.000.000 atau lebih,Mudah untuk transfer uang,Saat transfer ke teman/keluarga,Memengaruhi,Sering,4.0,5.0,5.0,4.0,5.0,4.0,4.0,5.0,4.0,5.0,4.0,4.0,5.0,5.0,4.0,4.0,4.0,4.0,4.0,5.0,5.0,4.0,5.0,5.0,Top-up mudah dan murah,Kemudahan top-up,Berniat,4.0,,4.5,4.5,4.25,4.5,4.25,4.75,5,False,5.0,20.0,5.0,3,5,5,4,5,4,4,4,4.0,1,Pengguna Aktif Responsif Promo
344,"Ya, saya bersedia","Ya, saya memenuhi seluruh kriteria tersebut",Laki-Laki,22.0,Semester 8,Kurang dari Rp500.000,Universitas Hasanuddin,"Jarang, 1–2 kali dalam seminggu",Pembelian pulsa / paket data,2.0,DANA,"DANA, GoPay, LinkAja",6 bulan – kurang dari 1 tahun,Rp25.000 – Rp49.999,Rp100.000 – Rp299.999,Tidak perlu membawa uang tunai,Saat melakukan pembayaran rutin,Memengaruhi,Sering,5.0,4.0,4.0,4.0,4.0,4.0,4.0,5.0,4.0,5.0,4.0,4.0,4.0,4.0,4.0,5.0,4.0,4.0,5.0,4.0,4.0,5.0,4.0,5.0,Riwayat transaksi yang jelas,Perlindungan data pribadi,Berniat,5.0,,4.25,4.25,4.25,4.25,4.25,4.5,3,False,2.0,22.0,8.0,1,2,2,2,2,4,4,4,5.0,1,Pengguna Aktif Responsif Promo
345,"Ya, saya bersedia","Ya, saya memenuhi seluruh kriteria tersebut",Perempuan,21.0,Semester 6,Rp1.500.000 – Rp1.999.999,Universitas Galuh,"Sering, 6–10 kali dalam seminggu",Pembelian makanan/minuman,3.0,DANA,"DANA, GoPay, ShopeePay",2 tahun – kurang dari 3 tahun,Rp25.000 – Rp49.999,Rp500.000 – Rp999.999,Banyak merchant yang menerima e-wallet,Saat membeli makanan/minuman,Tidak memengaruhi,Tidak pernah,2.0,2.0,1.0,1.0,1.0,1.0,3.0,1.0,2.0,1.0,1.0,1.0,1.0,2.0,1.0,2.0,3.0,2.0,2.0,1.0,2.0,2.0,1.0,2.0,Keamanan akun yang lebih kuat,Keamanan akun,Tidak berniat,2.0,,1.5,1.5,1.25,1.5,2.0,1.75,3,False,3.0,21.0,6.0,4,4,4,2,4,2,1,2,2.0,2,Pengguna Positif Moderat/Selektif
346,"Ya, saya bersedia","Ya, saya memenuhi seluruh kriteria tersebut",Perempuan,22.0,Semester 8,Rp1.500.000 – Rp1.999.999,Universitas Muhammadiyah Sidoarjo,"Jarang, 1–2 kali dalam seminggu",Pembelian pulsa / paket data,2.0,LinkAja,"DANA, GoPay, OVO, ShopeePay, LinkAja, iSaku",6 bulan – kurang dari 1 tahun,Rp25.000 – Rp49.999,Rp100.000 – Rp299.999,Tidak perlu membawa uang tunai,Saat melakukan pembayaran rutin,Sangat tidak memengaruhi,Tidak pernah,1.0,1.0,1.0,2.0,1.0,2.0,1.0,2.0,2.0,1.0,2.0,2.0,1.0,2.0,2.0,2.0,2.0,2.0,1.0,2.0,1.0,2.0,2.0,1.0,Promo makanan/minuman,Jumlah promo/cashback,Tidak berniat,2.0,,1.25,1.5,1.75,1.75,1.75,1.5,6,False,2.0,22.0,8.0,4,2,2,2,2,1,1,2,2.0,2,Pengguna Positif Moderat/Selektif
347,"Ya, saya bersedia","Ya, saya memenuhi seluruh kriteria tersebut",Perempuan,22.0,Semester 7,Kurang dari Rp500.000,Universitas Gunadarma,"Cukup sering, 3–5 kali dalam seminggu",Pembayaran tagihan,2.0,DANA,"DANA, GoPay",1 tahun – kurang dari 2 tahun,Rp100.000 – Rp199.999,Rp300.000 – Rp499.999,Tidak perlu membawa uang tunai,Saat melakukan pembayaran rutin,Sangat memengaruhi,Sangat sering,5.0,4.0,5.0,5.0,5.0,5.0,4.0,5.0,4.0,5.0,5.0,5.0,5.0,4.0,5.0,5.0,5.0,5.0,5.0,4.0,5.0,5.0,4.0,5.0,Cashback transaksi,Jumlah promo/cashback,Sangat berniat,4.0,,4.75,4.75,4.75,4.75,4.75,4.75,2,False,2.0,22.0,7.0,1,3,3,4,3,5,5,5,4.0,1,Pengguna Aktif Responsif Promo
348,"Ya, saya bersedia","Ya, saya memenuhi seluruh kriteria tersebut",Perempuan,20.0,Semester 3,Rp1.500.000 – Rp1.999.999,Universitas Pendidikan Indonesia,"Sangat sering, lebih dari 10 kali dalam seminggu",Pembelian makanan/minuman,4.0,GoPay,"DANA, GoPay, OVO, ShopeePay, lainnya",3 tahun atau lebih,Rp25.000 – Rp49.999,Rp1.000.000 atau lebih,Praktis dan cepat,Saat membeli makanan/minuman,Sangat memengaruhi,Sangat sering,5.0,5.0,5.0,5.0,5.0,5.0,4.0,4.0,4.0,4.0,4.0,4.0,4.0,4.0,4.0,4.0,4.0,5.0,4.0,4.0,4.0,4.0,4.0,4.0,Integrasi dengan aplikasi belanja/transportasi,Kecepatan transaksi,Berniat,4.0,,5.0,4.5,4.0,4.0,4.25,4.0,5,False,4.0,20.0,3.0,4,5,5,2,5,5,5,4,4.0,1,Pengguna Aktif Responsif Promo
349,"Ya, saya bersedia","Ya, saya memenuhi seluruh kriteria tersebut",Laki-Laki,20.0,Semester 4,Rp1.000.000 – Rp1.499.999,Universitas Sebelas Maret,"Sangat sering, lebih dari 10 kali dalam seminggu",Pembelian makanan/minuman,4.0,GoPay,"DANA, GoPay, OVO, ShopeePay, LinkAja, iSaku",3 tahun atau lebih,Rp50.000 – Rp99.999,Rp1.000.000 atau lebih,Praktis dan cepat,Saat membeli makanan/minuman,Tidak memengaruhi,Tidak pernah,2.0,1.0,1.0,2.0,2.0,1.0,2.0,1.0,2.0,2.0,1.0,2.0,2.0,2.0,1.0,2.0,2.0,1.0,1.0,1.0,1.0,2.0,1.0,1.0,Cashback transaksi,Jumlah promo/cashback,Tidak berniat,2.0,,1.5,1.5,1.75,1.75,1.25,1.25,6,False,4.0,20.0,4.0,3,5,5,3,5,2,1,2,2.0,2,Pengguna Positif Moderat/Selektif
350,"Ya, saya bersedia","Ya, saya memenuhi seluruh kriteria tersebut",Perempuan,23.0,Semester 9 atau lebih,Rp2.000.000 – Rp2.999.999,Universitas Trunojoyo Madura,"Cukup sering, 3–5 kali dalam seminggu",Transfer ke teman / orang lain,2.0,DANA,DANA,1 tahun – kurang dari 2 tahun,Rp100.000 – Rp199.999,Rp300.000 – Rp499.999,Mudah untuk transfer uang,Saat transfer ke teman/keluarga,Memengaruhi,Sangat sering,5.0,3.0,4.0,4.0,5.0,4.0,4.0,4.0,5.0,4.0,5.0,4.0,4.0,5.0,4.0,4.0,5.0,5.0,3.0,4.0,4.0,4.0,5.0,4.0,Pembayaran UKT/kampus,Perlindungan data pribadi,Berniat,5.0,,4.0,4.25,4.5,4.25,4.25,4.25,1,False,2.0,23.0,9.0,5,3,3,4,3,4,5,4,5.0,1,Pengguna Aktif Responsif Promo
351,"Ya, saya bersedia","Ya, saya memenuhi seluruh kriteria tersebut",Laki-Laki,19.0,Semester 2,Rp2.000.000 – Rp2.999.999,Universitas Tadulako,"Cukup sering, 3–5 kali dalam seminggu",Pembayaran tagihan,2.0,DANA,"DANA, GoPay, OVO, ShopeePay",1 tahun – kurang dari 2 tahun,Rp100.000 – Rp199.999,Rp300.000 – Rp499.999,Tidak perlu membawa uang tunai,Saat melakukan pembayaran rutin,Tidak memengaruhi,Tidak pernah,2.0,1.0,1.0,1.0,2.0,1.0,1.0,1.0,3.0,3.0,1.0,1.0,3.0,2.0,2.0,1.0,2.0,1.0,2.0,2.0,1.0,2.0,1.0,2.0,Keamanan akun yang lebih kuat,Keamanan akun,Tidak berniat,2.0,,1.25,1.25,2.0,2.0,1.75,1.5,4,False,2.0,19.0,2.0,5,3,3,4,3,2,1,2,2.0,2,Pengguna Positif Moderat/Selektif
352,"Ya, saya bersedia","Ya, saya memenuhi seluruh kriteria tersebut",Laki-Laki,21.0,Semester 6,Rp3.000.000 atau lebih,Universitas Pakuan,"Jarang, 1–2 kali dalam seminggu",Pembelian pulsa / paket data,2.0,DANA,"DANA, OVO",6 bulan – kurang dari 1 tahun,Rp25.000 – Rp49.999,Rp100.000 – Rp299.999,Tidak perlu membawa uang tunai,Saat melakukan pembayaran rutin,Tidak memengaruhi,Jarang,1.0,2.0,2.0,1.0,1.0,1.0,1.0,2.0,1.0,1.0,1.0,2.0,1.0,2.0,2.0,2.0,2.0,2.0,2.0,2.0,2.0,2.0,2.0,1.0,Promo makanan/minuman,Jumlah promo/cashback,Sangat tidak berniat,2.0,,1.5,1.25,1.25,1.75,2.0,1.75,2,False,2.0,21.0,6.0,6,2,2,2,2,2,2,1,2.0,2,Pengguna Positif Moderat/Selektif
353,"Ya, saya bersedia","Ya, saya memenuhi seluruh kriteria tersebut",Perempuan,21.0,Semester 6,Rp1.000.000 – Rp1.499.999,Universitas Negeri Semarang,"Sering, 6–10 kali dalam seminggu",Pembelian makanan/minuman,3.0,OVO,"DANA, OVO, ShopeePay",2 tahun – kurang dari 3 tahun,Rp25.000 – Rp49.999,Rp500.000 – Rp999.999,Banyak merchant yang menerima e-wallet,Saat membeli makanan/minuman,Sangat memengaruhi,Sering,4.0,4.0,5.0,5.0,4.0,4.0,5.0,5.0,4.0,4.0,4.0,4.0,4.0,5.0,5.0,4.0,4.0,4.0,4.0,5.0,5.0,4.0,5.0,5.0,Pembayaran UKT/kampus,Perlindungan data pribadi,Berniat,4.0,,4.5,4.5,4.0,4.5,4.25,4.75,3,False,3.0,21.0,6.0,3,4,4,2,4,5,4,4,4.0,1,Pengguna Aktif Responsif Promo
354,"Ya, saya bersedia","Ya, saya memenuhi seluruh kriteria tersebut",Laki-Laki,21.0,Semester 6,Rp1.000.000 – Rp1.499.999,Universitas Islam Negeri Sumatera Utara,"Sangat sering, lebih dari 10 kali dalam seminggu",Transfer ke teman / orang lain,4.0,DANA,"DANA, GoPay, OVO, ShopeePay, LinkAja, iSaku",3 tahun atau lebih,Rp100.000 – Rp199.999,Rp1.000.000 atau lebih,Mudah untuk transfer uang,Saat transfer ke teman/keluarga,Sangat memengaruhi,Sangat sering,4.0,4.0,5.0,4.0,5.0,4.0,4.0,4.0,5.0,4.0,5.0,5.0,4.0,5.0,5.0,4.0,4.0,4.0,5.0,4.0,5.0,4.0,5.0,4.0,Promo makanan/minuman,Jumlah promo/cashback,Sangat berniat,5.0,,4.25,4.25,4.75,4.5,4.25,4.5,6,False,4.0,21.0,6.0,3,5,5,4,5,5,5,5,5.0,1,Pengguna Aktif Responsif Promo
355,"Ya, saya bersedia","Ya, saya memenuhi seluruh kriteria tersebut",Perempuan,20.0,Semester 4,Rp2.000.000 – Rp2.999.999,Universitas Katolik Indonesia Atma Jaya,"Cukup sering, 3–5 kali dalam seminggu",Belanja online,2.0,ShopeePay,LinkAja,1 tahun – kurang dari 2 tahun,Rp50.000 – Rp99.999,Rp300.000 – Rp499.999,Mudah untuk belanja online,Saat ada promo/cashback,Sangat tidak memengaruhi,Jarang,1.0,1.0,2.0,2.0,1.0,2.0,1.0,2.0,2.0,1.0,2.0,2.0,2.0,1.0,2.0,2.0,1.0,1.0,1.0,1.0,2.0,1.0,1.0,2.0,Promo makanan/minuman,Jumlah promo/cashback,Tidak berniat,1.0,,1.5,1.5,1.75,1.75,1.0,1.5,1,False,2.0,20.0,4.0,5,3,3,3,3,1,2,2,1.0,2,Pengguna Positif Moderat/Selektif
356,"Ya, saya bersedia","Ya, saya memenuhi seluruh kriteria tersebut",Perempuan,21.0,Semester 6,Kurang dari Rp500.000,Universitas Syiah Kuala,"Sangat sering, lebih dari 10 kali dalam seminggu",Pembelian makanan/minuman,4.0,GoPay,"DANA, GoPay, OVO, ShopeePay, LinkAja",3 tahun atau lebih,Rp25.000 – Rp49.999,Rp1.000.000 atau lebih,Praktis dan cepat,Saat ada promo/cashback,Sangat memengaruhi,Sering,5.0,4.0,4.0,4.0,5.0,5.0,4.0,5.0,4.0,5.0,5.0,4.0,5.0,5.0,4.0,5.0,5.0,5.0,5.0,4.0,4.0,5.0,5.0,5.0,Integrasi dengan aplikasi belanja/transportasi,Kecepatan transaksi,Berniat,4.0,,4.25,4.75,4.5,4.75,4.75,4.75,5,False,4.0,21.0,6.0,1,5,5,2,5,5,4,4,4.0,1,Pengguna Aktif Responsif Promo
357,"Ya, saya bersedia","Ya, saya memenuhi seluruh kriteria tersebut",Laki-Laki,20.0,Semester 3,Rp1.000.000 – Rp1.499.999,Universitas Muhammadiyah Prof Dr Hamka,"Sangat jarang, kurang dari 1 kali dalam seminggu",Pembayaran tagihan,1.0,DANA,"ShopeePay, LinkAja, iSaku",6 bulan – kurang dari 1 tahun,Rp100.000 – Rp199.999,Kurang dari Rp100.000,Mudah untuk transfer uang,Saat melakukan pembayaran rutin,Memengaruhi,Sering,4.0,4.0,4.0,4.0,4.0,4.0,4.0,4.0,4.0,4.0,4.0,5.0,4.0,4.0,5.0,4.0,5.0,5.0,5.0,5.0,5.0,5.0,4.0,5.0,Top-up mudah dan murah,Kemudahan top-up,Sangat berniat,4.0,,4.0,4.0,4.25,4.25,5.0,4.75,3,False,1.0,20.0,3.0,3,1,2,4,1,4,4,5,4.0,1,Pengguna Aktif Responsif Promo
358,"Ya, saya bersedia","Ya, saya memenuhi seluruh kriteria tersebut",Laki-Laki,20.0,Semester 3,Rp1.500.000 – Rp1.999.999,Universitas Ahmad Dahlan,"Jarang, 1–2 kali dalam seminggu",Pembelian pulsa / paket data,2.0,LinkAja,LinkAja,6 bulan – kurang dari 1 tahun,Rp25.000 – Rp49.999,Rp100.000 – Rp299.999,Tidak perlu membawa uang tunai,Saat melakukan pembayaran rutin,Memengaruhi,Sangat sering,4.0,4.0,5.0,5.0,4.0,4.0,4.0,4.0,4.0,5.0,4.0,4.0,5.0,4.0,4.0,5.0,4.0,4.0,4.0,5.0,4.0,4.0,4.0,4.0,Riwayat transaksi yang jelas,Perlindungan data pribadi,Sangat berniat,4.0,,4.5,4.0,4.25,4.5,4.25,4.0,1,False,2.0,20.0,3.0,4,2,2,2,2,4,5,5,4.0,1,Pengguna Aktif Responsif Promo
359,"Ya, saya bersedia","Ya, saya memenuhi seluruh kriteria tersebut",Perempuan,21.0,Semester 5,Rp3.000.000 atau lebih,Universitas Bina Nusantara,"Cukup sering, 3–5 kali dalam seminggu",Belanja online,2.0,ShopeePay,"GoPay, OVO, ShopeePay",1 tahun – kurang dari 2 tahun,Rp50.000 – Rp99.999,Rp300.000 – Rp499.999,Mudah untuk belanja online,Saat ada promo/cashback,Memengaruhi,Sangat sering,5.0,4.0,4.0,5.0,4.0,5.0,4.0,5.0,5.0,4.0,5.0,4.0,4.0,5.0,5.0,4.0,4.0,5.0,5.0,5.0,4.0,4.0,4.0,4.0,Pembayaran transportasi,Jumlah merchant yang menerima e-wallet,Berniat,5.0,,4.5,4.5,4.5,4.5,4.75,4.0,3,False,2.0,21.0,5.0,6,3,3,3,3,4,5,4,5.0,1,Pengguna Aktif Responsif Promo
360,"Ya, saya bersedia","Ya, saya memenuhi seluruh kriteria tersebut",Perempuan,19.0,Semester 2,Rp2.000.000 – Rp2.999.999,Universitas Bakrie,"Sangat sering, lebih dari 10 kali dalam seminggu",Pembelian makanan/minuman,4.0,GoPay,"DANA, GoPay, OVO, ShopeePay",3 tahun atau lebih,Rp50.000 – Rp99.999,Rp1.000.000 atau lebih,Tidak perlu membawa uang tunai,Saat membeli makanan/minuman,Memengaruhi,Sering,4.0,4.0,5.0,4.0,4.0,4.0,4.0,4.0,5.0,5.0,5.0,4.0,4.0,5.0,4.0,4.0,4.0,4.0,5.0,5.0,4.0,4.0,5.0,5.0,Promo makanan/minuman,Jumlah promo/cashback,Berniat,4.0,,4.25,4.0,4.75,4.25,4.5,4.5,4,False,4.0,19.0,2.0,5,5,5,3,5,4,4,4,4.0,1,Pengguna Aktif Responsif Promo
361,"Ya, saya bersedia","Ya, saya memenuhi seluruh kriteria tersebut",Perempuan,20.0,Semester 4,Rp1.000.000 – Rp1.499.999,Universitas Negeri Semarang,"Cukup sering, 3–5 kali dalam seminggu",Transfer ke teman / orang lain,2.0,DANA,DANA,1 tahun – kurang dari 2 tahun,Rp100.000 – Rp199.999,Rp300.000 – Rp499.999,Mudah untuk transfer uang,Saat transfer ke teman/keluarga,Memengaruhi,Sangat sering,5.0,4.0,5.0,4.0,5.0,4.0,4.0,5.0,4.0,5.0,5.0,5.0,5.0,5.0,5.0,4.0,5.0,5.0,4.0,5.0,5.0,4.0,5.0,5.0,Transfer gratis,Biaya admin,Berniat,5.0,,4.5,4.5,4.75,4.75,4.75,4.75,1,False,2.0,20.0,4.0,3,3,3,4,3,4,5,4,5.0,1,Pengguna Aktif Responsif Promo
362,"Ya, saya bersedia","Ya, saya memenuhi seluruh kriteria tersebut",Perempuan,21.0,Semester 5,Rp1.000.000 – Rp1.499.999,Universitas Brawijaya,"Cukup sering, 3–5 kali dalam seminggu",Pembelian makanan/minuman,2.0,GoPay,"DANA, GoPay",1 tahun – kurang dari 2 tahun,Rp25.000 – Rp49.999,Rp300.000 – Rp499.999,Praktis dan cepat,Saat membeli makanan/minuman,Memengaruhi,Sangat sering,4.0,4.0,4.0,4.0,4.0,5.0,4.0,5.0,5.0,4.0,4.0,5.0,5.0,5.0,4.0,4.0,4.0,5.0,4.0,4.0,4.0,4.0,4.0,4.0,Integrasi dengan aplikasi belanja/transportasi,Kecepatan transaksi,Berniat,4.0,,4.0,4.5,4.5,4.5,4.25,4.0,2,False,2.0,21.0,5.0,3,3,3,2,3,4,5,4,4.0,1,Pengguna Aktif Responsif Promo
363,"Ya, saya bersedia","Ya, saya memenuhi seluruh kriteria tersebut",Laki-Laki,21.0,Semester 6,Rp2.000.000 – Rp2.999.999,Universitas Muhammadiyah Surakarta,"Cukup sering, 3–5 kali dalam seminggu",Transfer ke teman / orang lain,2.0,DANA,"DANA, GoPay, OVO, ShopeePay, LinkAja",1 tahun – kurang dari 2 tahun,Rp100.000 – Rp199.999,Rp300.000 – Rp499.999,Mudah untuk transfer uang,Saat transfer ke teman/keluarga,Sangat memengaruhi,Sering,5.0,5.0,4.0,5.0,5.0,4.0,4.0,4.0,4.0,4.0,4.0,4.0,4.0,5.0,4.0,4.0,5.0,5.0,4.0,4.0,5.0,5.0,5.0,4.0,Pembayaran transportasi,Jumlah merchant yang menerima e-wallet,Sangat berniat,4.0,,4.75,4.25,4.0,4.25,4.5,4.75,5,False,2.0,21.0,6.0,5,3,3,4,3,5,4,5,4.0,1,Pengguna Aktif Responsif Promo
364,"Ya, saya bersedia","Ya, saya memenuhi seluruh kriteria tersebut",Laki-Laki,20.0,Semester 3,Kurang dari Rp500.000,Universitas Sriwijaya,"Sangat sering, lebih dari 10 kali dalam seminggu",Pembelian makanan/minuman,4.0,GoPay,"DANA, GoPay, OVO, ShopeePay, LinkAja, iSaku, Sakuku",3 tahun atau lebih,Rp50.000 – Rp99.999,Rp1.000.000 atau lebih,Tidak perlu membawa uang tunai,Saat membeli makanan/minuman,Sangat memengaruhi,Sering,5.0,4.0,4.0,4.0,5.0,5.0,4.0,5.0,4.0,5.0,5.0,4.0,4.0,5.0,5.0,5.0,4.0,4.0,5.0,5.0,4.0,5.0,5.0,4.0,Riwayat transaksi yang jelas,Perlindungan data pribadi,Berniat,4.0,,4.25,4.75,4.5,4.75,4.5,4.5,7,False,4.0,20.0,3.0,1,5,5,3,5,5,4,4,4.0,1,Pengguna Aktif Responsif Promo
365,"Ya, saya bersedia","Ya, saya memenuhi seluruh kriteria tersebut",Perempuan,20.0,Semester 4,Rp3.000.000 atau lebih,Universitas Wiraraja,"Jarang, 1–2 kali dalam seminggu",Pembelian pulsa / paket data,2.0,LinkAja,iSaku,6 bulan – kurang dari 1 tahun,Rp25.000 – Rp49.999,Rp100.000 – Rp299.999,Tidak perlu membawa uang tunai,Saat melakukan pembayaran rutin,Memengaruhi,Sering,4.0,4.0,4.0,4.0,4.0,4.0,4.0,4.0,4.0,4.0,4.0,5.0,4.0,4.0,5.0,4.0,5.0,5.0,5.0,5.0,5.0,5.0,4.0,5.0,Promo makanan/minuman,Jumlah promo/cashback,Sangat berniat,4.0,,4.0,4.0,4.25,4.25,5.0,4.75,1,False,2.0,20.0,4.0,6,2,2,2,2,4,4,5,4.0,1,Pengguna Aktif Responsif Promo
366,"Ya, saya bersedia","Ya, saya memenuhi seluruh kriteria tersebut",Perempuan,20.0,Semester 3,Rp2.000.000 – Rp2.999.999,Universitas Islam Negeri Syarif Hidayatullah,"Sangat sering, lebih dari 10 kali dalam seminggu",Belanja online,4.0,ShopeePay,"DANA, GoPay, OVO, ShopeePay, LinkAja",3 tahun atau lebih,Rp50.000 – Rp99.999,Rp1.000.000 atau lebih,Banyak promo/cashback,Saat belanja online,Memengaruhi,Sering,5.0,4.0,4.0,4.0,5.0,4.0,5.0,4.0,4.0,4.0,5.0,4.0,5.0,4.0,4.0,4.0,4.0,4.0,5.0,4.0,4.0,5.0,5.0,4.0,Riwayat transaksi yang jelas,Perlindungan data pribadi,Sangat berniat,4.0,,4.25,4.5,4.25,4.25,4.25,4.5,5,False,4.0,20.0,3.0,5,5,5,3,5,4,4,5,4.0,1,Pengguna Aktif Responsif Promo
367,"Ya, saya bersedia","Ya, saya memenuhi seluruh kriteria tersebut",Laki-Laki,20.0,Semester 3,Rp500.000 – Rp999.999,Universitas Islam Majapahit,"Sangat sering, lebih dari 10 kali dalam seminggu",Belanja online,4.0,ShopeePay,"GoPay, OVO, ShopeePay, LinkAja",3 tahun atau lebih,Rp100.000 – Rp199.999,Rp1.000.000 atau lebih,Mudah untuk belanja online,Saat belanja online,Sangat memengaruhi,Sangat sering,4.0,5.0,5.0,5.0,5.0,4.0,5.0,5.0,5.0,5.0,5.0,4.0,5.0,5.0,5.0,5.0,4.0,5.0,5.0,5.0,4.0,5.0,5.0,5.0,Integrasi dengan aplikasi belanja/transportasi,Kecepatan transaksi,Sangat berniat,5.0,,4.75,4.75,4.75,5.0,4.75,4.75,4,False,4.0,20.0,3.0,2,5,5,4,5,5,5,5,5.0,1,Pengguna Aktif Responsif Promo
368,"Ya, saya bersedia","Ya, saya memenuhi seluruh kriteria tersebut",Laki-Laki,20.0,Semester 4,Rp1.500.000 – Rp1.999.999,Universitas Katolik Widya Mandala,"Cukup sering, 3–5 kali dalam seminggu",Belanja online,2.0,ShopeePay,"GoPay, LinkAja",1 tahun – kurang dari 2 tahun,Rp50.000 – Rp99.999,Rp300.000 – Rp499.999,Mudah untuk belanja online,Saat ada promo/cashback,Cukup memengaruhi,Sangat sering,4.0,4.0,4.0,5.0,4.0,4.0,5.0,4.0,4.0,4.0,4.0,4.0,5.0,5.0,5.0,5.0,5.0,4.0,4.0,5.0,5.0,5.0,5.0,5.0,Pembayaran transportasi,Jumlah merchant yang menerima e-wallet,Sangat berniat,4.0,,4.25,4.25,4.0,5.0,4.5,5.0,2,False,2.0,20.0,4.0,4,3,3,3,3,3,5,5,4.0,1,Pengguna Aktif Responsif Promo
369,"Ya, saya bersedia","Ya, saya memenuhi seluruh kriteria tersebut",Perempuan,19.0,Semester 2,Rp500.000 – Rp999.999,Universitas Andalas,"Sering, 6–10 kali dalam seminggu",Pembelian makanan/minuman,3.0,DANA,"DANA, GoPay, OVO, ShopeePay",2 tahun – kurang dari 3 tahun,Rp25.000 – Rp49.999,Rp500.000 – Rp999.999,Praktis dan cepat,Saat membeli makanan/minuman,Sangat memengaruhi,Sangat sering,5.0,5.0,5.0,5.0,5.0,5.0,5.0,5.0,4.0,5.0,5.0,5.0,5.0,4.0,4.0,4.0,4.0,4.0,5.0,4.0,5.0,5.0,5.0,5.0,Integrasi dengan aplikasi belanja/transportasi,Kecepatan transaksi,Berniat,5.0,,5.0,5.0,4.75,4.25,4.25,5.0,4,False,3.0,19.0,2.0,2,4,4,2,4,5,5,4,5.0,1,Pengguna Aktif Responsif Promo
370,"Ya, saya bersedia","Ya, saya memenuhi seluruh kriteria tersebut",Perempuan,19.0,Semester 2,Rp500.000 – Rp999.999,Universitas Sebelas Maret,"Sering, 6–10 kali dalam seminggu",Pembelian makanan/minuman,3.0,GoPay,"DANA, GoPay, OVO",2 tahun – kurang dari 3 tahun,Rp50.000 – Rp99.999,Rp500.000 – Rp999.999,Praktis dan cepat,Saat membeli makanan/minuman,Memengaruhi,Sangat sering,5.0,4.0,4.0,5.0,5.0,5.0,5.0,5.0,4.0,5.0,5.0,5.0,5.0,4.0,4.0,4.0,4.0,4.0,5.0,4.0,5.0,5.0,5.0,5.0,Transfer gratis,Biaya admin,Berniat,5.0,,4.5,5.0,4.75,4.25,4.25,5.0,3,False,3.0,19.0,2.0,2,4,4,3,4,4,5,4,5.0,1,Pengguna Aktif Responsif Promo
371,"Ya, saya bersedia","Ya, saya memenuhi seluruh kriteria tersebut",Perempuan,22.0,Semester 8,Rp1.500.000 – Rp1.999.999,Universitas Bojonegoro,"Sangat sering, lebih dari 10 kali dalam seminggu",Pembelian makanan/minuman,4.0,GoPay,"DANA, GoPay, ShopeePay, LinkAja",3 tahun atau lebih,Rp50.000 – Rp99.999,Rp1.000.000 atau lebih,Praktis dan cepat,Saat membeli makanan/minuman,Tidak memengaruhi,Tidak pernah,1.0,1.0,2.0,1.0,2.0,1.0,2.0,1.0,3.0,2.0,3.0,2.0,1.0,2.0,2.0,1.0,2.0,1.0,1.0,2.0,2.0,1.0,2.0,1.0,Promo makanan/minuman,Jumlah promo/cashback,Tidak berniat,2.0,,1.25,1.5,2.5,1.5,1.5,1.5,4,False,4.0,22.0,8.0,4,5,5,3,5,2,1,2,2.0,2,Pengguna Positif Moderat/Selektif
372,"Ya, saya bersedia","Ya, saya memenuhi seluruh kriteria tersebut",Perempuan,19.0,Semester 2,Rp1.000.000 – Rp1.499.999,Universitas Surabaya,"Sering, 6–10 kali dalam seminggu",Transfer ke teman / orang lain,3.0,OVO,"DANA, GoPay",2 tahun – kurang dari 3 tahun,Rp100.000 – Rp199.999,Rp500.000 – Rp999.999,Mudah untuk transfer uang,Saat transfer ke teman/keluarga,Sangat memengaruhi,Kadang-kadang,5.0,4.0,4.0,5.0,3.0,4.0,5.0,5.0,3.0,4.0,4.0,3.0,3.0,4.0,5.0,5.0,3.0,4.0,4.0,5.0,4.0,5.0,3.0,4.0,Integrasi dengan aplikasi belanja/transportasi,Kecepatan transaksi,Sangat berniat,4.0,,4.5,4.25,3.5,4.25,4.0,4.0,2,False,3.0,19.0,2.0,3,4,4,4,4,5,3,5,4.0,1,Pengguna Aktif Responsif Promo
373,"Ya, saya bersedia","Ya, saya memenuhi seluruh kriteria tersebut",Laki-Laki,20.0,Semester 4,Rp3.000.000 atau lebih,Universitas Gunadarma,"Sering, 6–10 kali dalam seminggu",Pembelian makanan/minuman,3.0,DANA,"DANA, GoPay, OVO",2 tahun – kurang dari 3 tahun,Rp25.000 – Rp49.999,Rp500.000 – Rp999.999,Praktis dan cepat,Saat membeli makanan/minuman,Memengaruhi,Sangat sering,4.0,5.0,5.0,5.0,4.0,5.0,4.0,4.0,5.0,4.0,5.0,5.0,5.0,4.0,5.0,5.0,4.0,5.0,5.0,4.0,5.0,5.0,4.0,5.0,Transfer gratis,Biaya admin,Sangat berniat,4.0,,4.75,4.25,4.75,4.75,4.5,4.75,3,False,3.0,20.0,4.0,6,4,4,2,4,4,5,5,4.0,1,Pengguna Aktif Responsif Promo
374,"Ya, saya bersedia","Ya, saya memenuhi seluruh kriteria tersebut",Perempuan,22.0,Semester 9 atau lebih,Rp1.500.000 – Rp1.999.999,Universitas Negeri Manado,"Sangat jarang, kurang dari 1 kali dalam seminggu",Pembayaran tagihan,1.0,DANA,DANA,6 bulan – kurang dari 1 tahun,Rp100.000 – Rp199.999,Kurang dari Rp100.000,Mudah untuk transfer uang,Saat melakukan pembayaran rutin,Sangat memengaruhi,Sering,4.0,4.0,5.0,4.0,4.0,5.0,5.0,5.0,4.0,4.0,5.0,4.0,4.0,5.0,4.0,4.0,4.0,5.0,4.0,4.0,4.0,4.0,5.0,4.0,Pembayaran transportasi,Jumlah merchant yang menerima e-wallet,Berniat,4.0,,4.25,4.75,4.25,4.25,4.25,4.25,1,False,1.0,22.0,9.0,4,1,2,4,1,5,4,4,4.0,1,Pengguna Aktif Responsif Promo
375,"Ya, saya bersedia","Ya, saya memenuhi seluruh kriteria tersebut",Perempuan,20.0,Semester 3,Rp1.000.000 – Rp1.499.999,Universitas Katolik Soegijapranata,"Sering, 6–10 kali dalam seminggu",Pembelian makanan/minuman,3.0,GoPay,"DANA, GoPay, OVO",2 tahun – kurang dari 3 tahun,Rp25.000 – Rp49.999,Rp500.000 – Rp999.999,Praktis dan cepat,Saat membeli makanan/minuman,Memengaruhi,Sangat sering,4.0,4.0,4.0,5.0,4.0,4.0,4.0,5.0,4.0,4.0,4.0,5.0,4.0,5.0,4.0,4.0,4.0,5.0,4.0,5.0,5.0,5.0,4.0,5.0,Pembayaran UKT/kampus,Perlindungan data pribadi,Berniat,4.0,,4.25,4.25,4.25,4.25,4.5,4.75,3,False,3.0,20.0,3.0,3,4,4,2,4,4,5,4,4.0,1,Pengguna Aktif Responsif Promo
376,"Ya, saya bersedia","Ya, saya memenuhi seluruh kriteria tersebut",Perempuan,20.0,Semester 4,Rp1.000.000 – Rp1.499.999,Universitas Gadjah Mada,"Sangat sering, lebih dari 10 kali dalam seminggu",Transfer ke teman / orang lain,4.0,DANA,"DANA, GoPay, OVO, ShopeePay",3 tahun atau lebih,Rp100.000 – Rp199.999,Rp1.000.000 atau lebih,Mudah untuk transfer uang,Saat transfer ke teman/keluarga,Sangat memengaruhi,Sangat sering,5.0,5.0,5.0,5.0,4.0,4.0,5.0,4.0,5.0,4.0,5.0,5.0,5.0,4.0,4.0,4.0,4.0,4.0,4.0,5.0,5.0,5.0,4.0,4.0,Cashback transaksi,Jumlah promo/cashback,Berniat,4.0,,5.0,4.25,4.75,4.25,4.25,4.5,4,False,4.0,20.0,4.0,3,5,5,4,5,5,5,4,4.0,1,Pengguna Aktif Responsif Promo
377,"Ya, saya bersedia","Ya, saya memenuhi seluruh kriteria tersebut",Perempuan,19.0,Semester 2,Rp1.500.000 – Rp1.999.999,Universitas Sriwijaya,"Sering, 6–10 kali dalam seminggu",Pembelian makanan/minuman,3.0,OVO,"DANA, GoPay, OVO, ShopeePay, LinkAja",2 tahun – kurang dari 3 tahun,Rp25.000 – Rp49.999,Rp500.000 – Rp999.999,Praktis dan cepat,Saat tidak membawa uang tunai,Sangat memengaruhi,Sangat sering,5.0,5.0,4.0,5.0,4.0,5.0,4.0,5.0,5.0,5.0,5.0,5.0,5.0,4.0,4.0,5.0,5.0,4.0,4.0,5.0,4.0,4.0,5.0,4.0,Keamanan akun yang lebih kuat,Keamanan akun,Sangat berniat,5.0,,4.75,4.5,5.0,4.5,4.5,4.25,5,False,3.0,19.0,2.0,4,4,4,2,4,5,5,5,5.0,1,Pengguna Aktif Responsif Promo
378,"Ya, saya bersedia","Ya, saya memenuhi seluruh kriteria tersebut",Perempuan,21.0,Semester 6,Rp3.000.000 atau lebih,Universitas Sriwijaya,"Sangat sering, lebih dari 10 kali dalam seminggu",Pembelian makanan/minuman,4.0,GoPay,"DANA, GoPay, OVO, ShopeePay, LinkAja, iSaku",3 tahun atau lebih,Rp50.000 – Rp99.999,Rp1.000.000 atau lebih,Praktis dan cepat,Saat membeli makanan/minuman,Tidak memengaruhi,Tidak pernah,1.0,1.0,2.0,1.0,2.0,1.0,1.0,1.0,3.0,2.0,3.0,2.0,1.0,2.0,2.0,1.0,2.0,2.0,1.0,2.0,2.0,1.0,1.0,1.0,Transfer gratis,Biaya admin,Tidak berniat,2.0,,1.25,1.25,2.5,1.5,1.75,1.25,6,False,4.0,21.0,6.0,6,5,5,3,5,2,1,2,2.0,2,Pengguna Positif Moderat/Selektif
379,"Ya, saya bersedia","Ya, saya memenuhi seluruh kriteria tersebut",Laki-Laki,19.0,Semester 3,Rp1.000.000 – Rp1.499.999,Universitas Andalas,"Sangat sering, lebih dari 10 kali dalam seminggu",Pembelian makanan/minuman,5.0,GoPay,ShopeePay,3 tahun atau lebih,Rp25.000 – Rp49.999,Rp1.000.000 atau lebih,Praktis dan cepat,Saat ada promo/cashback,Sangat memengaruhi,Sangat sering,5.0,4.0,5.0,4.0,4.0,5.0,4.0,5.0,5.0,4.0,5.0,5.0,4.0,5.0,4.0,4.0,5.0,5.0,5.0,5.0,4.0,4.0,4.0,5.0,Integrasi dengan aplikasi belanja/transportasi,Kecepatan transaksi,Berniat,4.0,,4.5,4.5,4.75,4.25,5.0,4.25,1,False,5.0,19.0,3.0,3,5,5,2,5,5,5,4,4.0,1,Pengguna Aktif Responsif Promo
380,"Ya, saya bersedia","Ya, saya memenuhi seluruh kriteria tersebut",Perempuan,19.0,Semester 1,Rp1.000.000 – Rp1.499.999,Universitas Sumatera Utara,"Cukup sering, 3–5 kali dalam seminggu",Belanja online,2.0,ShopeePay,"DANA, GoPay, OVO, ShopeePay, Sakuku",1 tahun – kurang dari 2 tahun,Rp50.000 – Rp99.999,Rp300.000 – Rp499.999,Mudah untuk belanja online,Saat belanja online,Memengaruhi,Sering,5.0,4.0,4.0,5.0,4.0,4.0,4.0,4.0,4.0,4.0,4.0,4.0,4.0,4.0,4.0,4.0,4.0,4.0,4.0,4.0,4.0,4.0,4.0,4.0,Transfer gratis,Biaya admin,Sangat berniat,5.0,,4.5,4.0,4.0,4.0,4.0,4.0,5,False,2.0,19.0,1.0,3,3,3,3,3,4,4,5,5.0,1,Pengguna Aktif Responsif Promo
381,"Ya, saya bersedia","Ya, saya memenuhi seluruh kriteria tersebut",Laki-Laki,21.0,Semester 6,Kurang dari Rp500.000,Universitas Airlangga,"Sering, 6–10 kali dalam seminggu",Belanja online,3.0,ShopeePay,"DANA, ShopeePay, LinkAja",2 tahun – kurang dari 3 tahun,Rp50.000 – Rp99.999,Rp500.000 – Rp999.999,Banyak promo/cashback,Saat belanja online,Memengaruhi,Sering,5.0,4.0,4.0,4.0,5.0,4.0,4.0,4.0,4.0,4.0,4.0,4.0,5.0,5.0,4.0,5.0,5.0,5.0,4.0,5.0,5.0,4.0,5.0,5.0,Cashback transaksi,Jumlah promo/cashback,Sangat berniat,5.0,,4.25,4.25,4.0,4.75,4.75,4.75,3,False,3.0,21.0,6.0,1,4,4,3,4,4,4,5,5.0,1,Pengguna Aktif Responsif Promo
382,"Ya, saya bersedia","Ya, saya memenuhi seluruh kriteria tersebut",Perempuan,20.0,Semester 4,Kurang dari Rp500.000,Universitas Muhammadiyah Surakarta,"Jarang, 1–2 kali dalam seminggu",Pembelian pulsa / paket data,2.0,DANA,"DANA, GoPay, LinkAja",6 bulan – kurang dari 1 tahun,Rp25.000 – Rp49.999,Rp100.000 – Rp299.999,Tidak perlu membawa uang tunai,Saat melakukan pembayaran rutin,Memengaruhi,Sangat sering,4.0,4.0,5.0,4.0,5.0,5.0,5.0,5.0,4.0,4.0,4.0,4.0,4.0,5.0,5.0,4.0,4.0,4.0,5.0,4.0,5.0,4.0,4.0,5.0,Cashback transaksi,Jumlah promo/cashback,Sangat berniat,4.0,,4.25,5.0,4.0,4.5,4.25,4.5,3,False,2.0,20.0,4.0,1,2,2,2,2,4,5,5,4.0,1,Pengguna Aktif Responsif Promo
383,"Ya, saya bersedia","Ya, saya memenuhi seluruh kriteria tersebut",Perempuan,20.0,Semester 3,Rp3.000.000 atau lebih,Universitas Ciputra,"Sangat sering, lebih dari 10 kali dalam seminggu",Transfer ke teman / orang lain,5.0,DANA,"DANA, GoPay, OVO, ShopeePay, LinkAja",3 tahun atau lebih,Rp100.000 – Rp199.999,Rp1.000.000 atau lebih,Mudah untuk transfer uang,Saat transfer ke teman/keluarga,Tidak memengaruhi,Tidak pernah,2.0,2.0,2.0,1.0,2.0,1.0,2.0,3.0,2.0,2.0,3.0,2.0,1.0,2.0,2.0,1.0,2.0,2.0,1.0,2.0,2.0,2.0,1.0,2.0,Pembayaran UKT/kampus,Perlindungan data pribadi,Sangat tidak berniat,1.0,,1.75,2.0,2.25,1.5,1.75,1.75,5,False,5.0,20.0,3.0,6,5,5,4,5,2,1,1,1.0,2,Pengguna Positif Moderat/Selektif
384,"Ya, saya bersedia","Ya, saya memenuhi seluruh kriteria tersebut",Perempuan,20.0,Semester 3,Rp1.500.000 – Rp1.999.999,Universitas Garut,"Sering, 6–10 kali dalam seminggu",Pembelian makanan/minuman,3.0,OVO,"DANA, ShopeePay, LinkAja",2 tahun – kurang dari 3 tahun,Rp25.000 – Rp49.999,Rp500.000 – Rp999.999,Banyak merchant yang menerima e-wallet,Saat membeli makanan/minuman,Sangat tidak memengaruhi,Tidak pernah,2.0,2.0,2.0,2.0,2.0,2.0,2.0,2.0,2.0,2.0,2.0,2.0,2.0,2.0,1.0,1.0,2.0,1.0,2.0,2.0,2.0,2.0,2.0,2.0,Top-up mudah dan murah,Kemudahan top-up,Sangat tidak berniat,1.0,,2.0,2.0,2.0,1.5,1.75,2.0,3,False,3.0,20.0,3.0,4,4,4,2,4,1,1,1,1.0,2,Pengguna Positif Moderat/Selektif
385,"Ya, saya bersedia","Ya, saya memenuhi seluruh kriteria tersebut",Perempuan,20.0,Semester 4,Rp2.000.000 – Rp2.999.999,Universitas Telkom,"Cukup sering, 3–5 kali dalam seminggu",Transfer ke teman / orang lain,2.0,DANA,"DANA, GoPay, ShopeePay, LinkAja",1 tahun – kurang dari 2 tahun,Rp100.000 – Rp199.999,Rp300.000 – Rp499.999,Mudah untuk transfer uang,Saat transfer ke teman/keluarga,Memengaruhi,Sering,5.0,4.0,4.0,4.0,4.0,4.0,4.0,5.0,4.0,4.0,4.0,4.0,4.0,5.0,4.0,4.0,4.0,4.0,4.0,5.0,4.0,5.0,4.0,5.0,Transfer gratis,Biaya admin,Berniat,4.0,,4.25,4.25,4.0,4.25,4.25,4.5,4,False,2.0,20.0,4.0,5,3,3,4,3,4,4,4,4.0,1,Pengguna Aktif Responsif Promo
386,"Ya, saya bersedia","Ya, saya memenuhi seluruh kriteria tersebut",Perempuan,20.0,Semester 4,Rp1.000.000 – Rp1.499.999,Universitas Sumatera Utara,"Cukup sering, 3–5 kali dalam seminggu",Transfer ke teman / orang lain,2.0,DANA,"DANA, GoPay, LinkAja",1 tahun – kurang dari 2 tahun,Rp100.000 – Rp199.999,Rp300.000 – Rp499.999,Mudah untuk transfer uang,Saat transfer ke teman/keluarga,Memengaruhi,Sangat sering,5.0,5.0,4.0,5.0,4.0,4.0,5.0,5.0,4.0,5.0,5.0,4.0,4.0,5.0,4.0,5.0,5.0,4.0,4.0,4.0,5.0,4.0,5.0,4.0,Promo makanan/minuman,Jumlah promo/cashback,Berniat,5.0,,4.75,4.5,4.5,4.5,4.25,4.5,3,False,2.0,20.0,4.0,3,3,3,4,3,4,5,4,5.0,1,Pengguna Aktif Responsif Promo
387,"Ya, saya bersedia","Ya, saya memenuhi seluruh kriteria tersebut",Perempuan,21.0,Semester 5,Rp3.000.000 atau lebih,Universitas Negeri Yogyakarta,"Sering, 6–10 kali dalam seminggu",Transportasi,3.0,GoPay,"DANA, GoPay, ShopeePay",2 tahun – kurang dari 3 tahun,Rp25.000 – Rp49.999,Rp500.000 – Rp999.999,Praktis dan cepat,Saat tidak membawa uang tunai,Sangat memengaruhi,Sangat sering,4.0,4.0,4.0,5.0,4.0,4.0,5.0,4.0,5.0,5.0,4.0,5.0,4.0,4.0,5.0,5.0,4.0,4.0,5.0,4.0,5.0,5.0,4.0,4.0,Keamanan akun yang lebih kuat,Keamanan akun,Sangat berniat,5.0,,4.25,4.25,4.75,4.5,4.25,4.5,3,False,3.0,21.0,5.0,6,4,4,2,4,5,5,5,5.0,1,Pengguna Aktif Responsif Promo
388,"Ya, saya bersedia","Ya, saya memenuhi seluruh kriteria tersebut",Perempuan,21.0,Semester 7,Rp1.500.000 – Rp1.999.999,Universitas Negeri Padang,"Sering, 6–10 kali dalam seminggu",Pembelian makanan/minuman,3.0,DANA,"DANA, GoPay, OVO, ShopeePay, LinkAja",2 tahun – kurang dari 3 tahun,Rp25.000 – Rp49.999,Rp500.000 – Rp999.999,Praktis dan cepat,Saat tidak membawa uang tunai,Sangat memengaruhi,Sering,4.0,4.0,4.0,5.0,4.0,5.0,4.0,4.0,5.0,4.0,5.0,4.0,4.0,4.0,5.0,4.0,4.0,5.0,5.0,4.0,5.0,4.0,4.0,4.0,Integrasi dengan aplikasi belanja/transportasi,Kecepatan transaksi,Sangat berniat,4.0,,4.25,4.25,4.5,4.25,4.5,4.25,5,False,3.0,21.0,7.0,4,4,4,2,4,5,4,5,4.0,1,Pengguna Aktif Responsif Promo
389,"Ya, saya bersedia","Ya, saya memenuhi seluruh kriteria tersebut",Laki-Laki,20.0,Semester 3,Rp3.000.000 atau lebih,Universitas Brawijaya,"Sangat sering, lebih dari 10 kali dalam seminggu",Transfer ke teman / orang lain,4.0,DANA,"DANA, GoPay, OVO, ShopeePay, LinkAja",3 tahun atau lebih,Rp100.000 – Rp199.999,Rp1.000.000 atau lebih,Mudah untuk transfer uang,Saat transfer ke teman/keluarga,Sangat memengaruhi,Sangat sering,4.0,4.0,5.0,5.0,4.0,4.0,5.0,4.0,4.0,4.0,4.0,5.0,4.0,4.0,5.0,5.0,4.0,4.0,4.0,4.0,5.0,5.0,4.0,4.0,Promo makanan/minuman,Jumlah promo/cashback,Sangat berniat,5.0,,4.5,4.25,4.25,4.5,4.0,4.5,5,False,4.0,20.0,3.0,6,5,5,4,5,5,5,5,5.0,1,Pengguna Aktif Responsif Promo
390,"Ya, saya bersedia","Ya, saya memenuhi seluruh kriteria tersebut",Perempuan,21.0,Semester 6,Rp1.500.000 – Rp1.999.999,Universitas Wiraraja,"Sering, 6–10 kali dalam seminggu",Pembelian makanan/minuman,3.0,DANA,"OVO, LinkAja",2 tahun – kurang dari 3 tahun,Rp25.000 – Rp49.999,Rp500.000 – Rp999.999,Banyak merchant yang menerima e-wallet,Saat membeli makanan/minuman,Sangat tidak memengaruhi,Jarang,1.0,2.0,2.0,1.0,1.0,1.0,1.0,3.0,1.0,2.0,1.0,1.0,1.0,1.0,2.0,1.0,2.0,3.0,2.0,2.0,1.0,2.0,2.0,1.0,Keamanan akun yang lebih kuat,Keamanan akun,Tidak berniat,2.0,,1.5,1.5,1.25,1.25,2.25,1.5,2,False,3.0,21.0,6.0,4,4,4,2,4,1,2,2,2.0,2,Pengguna Positif Moderat/Selektif
391,"Ya, saya bersedia","Ya, saya memenuhi seluruh kriteria tersebut",Perempuan,23.0,Semester 7,Rp2.000.000 – Rp2.999.999,Universitas Syiah Kuala,"Cukup sering, 3–5 kali dalam seminggu",Belanja online,2.0,ShopeePay,"DANA, GoPay, ShopeePay, LinkAja",1 tahun – kurang dari 2 tahun,Rp50.000 – Rp99.999,Rp300.000 – Rp499.999,Mudah untuk belanja online,Saat belanja online,Sangat memengaruhi,Sangat sering,4.0,4.0,5.0,4.0,5.0,4.0,5.0,5.0,4.0,5.0,4.0,5.0,4.0,5.0,4.0,5.0,4.0,4.0,5.0,5.0,5.0,4.0,5.0,4.0,Pembayaran UKT/kampus,Perlindungan data pribadi,Sangat berniat,4.0,,4.25,4.75,4.5,4.5,4.5,4.5,4,False,2.0,23.0,7.0,5,3,3,3,3,5,5,5,4.0,1,Pengguna Aktif Responsif Promo
392,"Ya, saya bersedia","Ya, saya memenuhi seluruh kriteria tersebut",Perempuan,21.0,Semester 7,Rp1.500.000 – Rp1.999.999,Universitas Pancasila,"Sering, 6–10 kali dalam seminggu",Pembelian makanan/minuman,3.0,DANA,"DANA, GoPay, OVO, ShopeePay, LinkAja",2 tahun – kurang dari 3 tahun,Rp25.000 – Rp49.999,Rp500.000 – Rp999.999,Praktis dan cepat,Saat tidak membawa uang tunai,Memengaruhi,Sering,4.0,4.0,5.0,4.0,5.0,4.0,4.0,5.0,4.0,5.0,4.0,4.0,4.0,5.0,4.0,4.0,5.0,5.0,4.0,5.0,4.0,4.0,4.0,5.0,Integrasi dengan aplikasi belanja/transportasi,Kecepatan transaksi,Berniat,5.0,,4.25,4.5,4.25,4.25,4.75,4.25,5,False,3.0,21.0,7.0,4,4,4,2,4,4,4,4,5.0,1,Pengguna Aktif Responsif Promo
393,"Ya, saya bersedia","Ya, saya memenuhi seluruh kriteria tersebut",Laki-Laki,20.0,Semester 5,Rp1.000.000 – Rp1.499.999,Universitas Jenderal Soedirman,"Sangat sering, lebih dari 10 kali dalam seminggu",Transfer ke teman / orang lain,5.0,DANA,"DANA, GoPay, OVO, ShopeePay, LinkAja",3 tahun atau lebih,Rp100.000 – Rp199.999,Rp1.000.000 atau lebih,Mudah untuk transfer uang,Saat transfer ke teman/keluarga,Sangat memengaruhi,Sering,4.0,4.0,5.0,5.0,4.0,5.0,4.0,4.0,5.0,4.0,5.0,4.0,4.0,5.0,5.0,4.0,4.0,4.0,4.0,4.0,5.0,5.0,4.0,5.0,Top-up mudah dan murah,Kemudahan top-up,Sangat berniat,4.0,,4.5,4.25,4.5,4.5,4.0,4.75,5,False,5.0,20.0,5.0,3,5,5,4,5,5,4,5,4.0,1,Pengguna Aktif Responsif Promo
394,"Ya, saya bersedia","Ya, saya memenuhi seluruh kriteria tersebut",Perempuan,22.0,Semester 8,Rp3.000.000 atau lebih,Universitas Muhammadiyah Surakarta,"Sering, 6–10 kali dalam seminggu",Transportasi,3.0,GoPay,"DANA, GoPay, OVO",2 tahun – kurang dari 3 tahun,Rp25.000 – Rp49.999,Rp500.000 – Rp999.999,Praktis dan cepat,Saat tidak membawa uang tunai,Sangat tidak memengaruhi,Jarang,1.0,1.0,2.0,2.0,1.0,2.0,3.0,2.0,2.0,1.0,2.0,2.0,2.0,1.0,2.0,2.0,1.0,1.0,1.0,1.0,2.0,1.0,1.0,2.0,Transfer gratis,Biaya admin,Tidak berniat,1.0,,1.5,2.0,1.75,1.75,1.0,1.5,3,False,3.0,22.0,8.0,6,4,4,2,4,1,2,2,1.0,2,Pengguna Positif Moderat/Selektif
395,"Ya, saya bersedia","Ya, saya memenuhi seluruh kriteria tersebut",Perempuan,22.0,Semester 7,Rp1.500.000 – Rp1.999.999,Universitas Muhammadiyah Surakarta,"Cukup sering, 3–5 kali dalam seminggu",Pembayaran tagihan,2.0,DANA,"DANA, GoPay",1 tahun – kurang dari 2 tahun,Rp100.000 – Rp199.999,Rp300.000 – Rp499.999,Tidak perlu membawa uang tunai,Saat melakukan pembayaran rutin,Sangat memengaruhi,Sering,4.0,5.0,5.0,4.0,4.0,5.0,5.0,4.0,5.0,5.0,4.0,4.0,4.0,5.0,4.0,5.0,5.0,4.0,4.0,4.0,4.0,5.0,5.0,4.0,Pembayaran transportasi,Jumlah merchant yang menerima e-wallet,Berniat,4.0,,4.5,4.5,4.5,4.5,4.25,4.5,2,False,2.0,22.0,7.0,4,3,3,4,3,5,4,4,4.0,1,Pengguna Aktif Responsif Promo
396,"Ya, saya bersedia","Ya, saya memenuhi seluruh kriteria tersebut",Perempuan,21.0,Semester 5,Rp1.000.000 – Rp1.499.999,Universitas Negeri Jakarta,"Sangat sering, lebih dari 10 kali dalam seminggu",Belanja online,4.0,ShopeePay,"DANA, GoPay, OVO, ShopeePay, LinkAja",3 tahun atau lebih,Rp100.000 – Rp199.999,Rp1.000.000 atau lebih,Banyak promo/cashback,Saat belanja online,Sangat memengaruhi,Sangat sering,4.0,4.0,4.0,4.0,5.0,5.0,4.0,4.0,4.0,5.0,5.0,5.0,4.0,4.0,4.0,4.0,5.0,4.0,5.0,4.0,4.0,4.0,4.0,4.0,Integrasi dengan aplikasi belanja/transportasi,Kecepatan transaksi,Berniat,5.0,,4.0,4.5,4.75,4.0,4.5,4.0,5,False,4.0,21.0,5.0,3,5,5,4,5,5,5,4,5.0,1,Pengguna Aktif Responsif Promo
397,"Ya, saya bersedia","Ya, saya memenuhi seluruh kriteria tersebut",Laki-Laki,18.0,Semester 1,Rp3.000.000 atau lebih,Universitas Nusantara PGRI Kediri,"Cukup sering, 3–5 kali dalam seminggu",Pembayaran tagihan,2.0,DANA,"DANA, GoPay, OVO, ShopeePay",1 tahun – kurang dari 2 tahun,Rp100.000 – Rp199.999,Rp300.000 – Rp499.999,Tidak perlu membawa uang tunai,Saat melakukan pembayaran rutin,Memengaruhi,Sering,4.0,4.0,4.0,4.0,2.0,4.0,4.0,4.0,4.0,4.0,4.0,4.0,5.0,4.0,5.0,5.0,5.0,4.0,5.0,5.0,5.0,5.0,4.0,5.0,Pembayaran UKT/kampus,Perlindungan data pribadi,Sangat berniat,5.0,,4.0,3.5,4.0,4.75,4.75,4.75,4,False,2.0,18.0,1.0,6,3,3,4,3,4,4,5,5.0,1,Pengguna Aktif Responsif Promo
398,"Ya, saya bersedia","Ya, saya memenuhi seluruh kriteria tersebut",Perempuan,20.0,Semester 4,Rp1.000.000 – Rp1.499.999,Universitas Sebelas Maret,"Cukup sering, 3–5 kali dalam seminggu",Transfer ke teman / orang lain,2.0,DANA,DANA,1 tahun – kurang dari 2 tahun,Rp100.000 – Rp199.999,Rp300.000 – Rp499.999,Mudah untuk transfer uang,Saat transfer ke teman/keluarga,Memengaruhi,Sering,5.0,5.0,4.0,5.0,4.0,5.0,4.0,4.0,5.0,4.0,5.0,5.0,5.0,5.0,5.0,5.0,4.0,5.0,5.0,4.0,5.0,5.0,4.0,5.0,Transfer gratis,Biaya admin,Sangat berniat,4.0,,4.75,4.25,4.75,5.0,4.5,4.75,1,False,2.0,20.0,4.0,3,3,3,4,3,4,4,5,4.0,1,Pengguna Aktif Responsif Promo
399,"Ya, saya bersedia","Ya, saya memenuhi seluruh kriteria tersebut",Laki-Laki,20.0,Semester 4,Rp1.000.000 – Rp1.499.999,Universitas Nahdlatul Ulama Surabaya,"Sangat sering, lebih dari 10 kali dalam seminggu",Pembelian makanan/minuman,5.0,DANA,"GoPay, OVO, ShopeePay",3 tahun atau lebih,Rp50.000 – Rp99.999,Rp1.000.000 atau lebih,Praktis dan cepat,Saat ada promo/cashback,Tidak memengaruhi,Tidak pernah,1.0,1.0,2.0,1.0,2.0,1.0,1.0,1.0,3.0,2.0,3.0,2.0,1.0,2.0,2.0,1.0,2.0,2.0,1.0,2.0,2.0,1.0,1.0,1.0,Transfer gratis,Biaya admin,Tidak berniat,2.0,,1.25,1.25,2.5,1.5,1.75,1.25,3,False,5.0,20.0,4.0,3,5,5,3,5,2,1,2,2.0,2,Pengguna Positif Moderat/Selektif
400,"Ya, saya bersedia","Ya, saya memenuhi seluruh kriteria tersebut",Perempuan,20.0,Semester 4,Rp2.000.000 – Rp2.999.999,Universitas Bina Nusantara,"Sering, 6–10 kali dalam seminggu",Pembelian makanan/minuman,3.0,OVO,"DANA, OVO, ShopeePay",2 tahun – kurang dari 3 tahun,Rp25.000 – Rp49.999,Rp500.000 – Rp999.999,Banyak merchant yang menerima e-wallet,Saat membeli makanan/minuman,Memengaruhi,Sering,4.0,4.0,4.0,4.0,4.0,4.0,4.0,4.0,4.0,5.0,4.0,5.0,4.0,5.0,4.0,4.0,4.0,5.0,4.0,5.0,4.0,5.0,4.0,4.0,Cashback transaksi,Jumlah promo/cashback,Sangat berniat,5.0,,4.0,4.0,4.5,4.25,4.5,4.25,3,False,3.0,20.0,4.0,5,4,4,2,4,4,4,5,5.0,1,Pengguna Aktif Responsif Promo
401,"Ya, saya bersedia","Ya, saya memenuhi seluruh kriteria tersebut",Laki-Laki,21.0,Semester 5,Rp500.000 – Rp999.999,Universitas Sultan Ageng Tirtayasa,"Sering, 6–10 kali dalam seminggu",Belanja online,3.0,ShopeePay,DANA,2 tahun – kurang dari 3 tahun,Rp50.000 – Rp99.999,Rp500.000 – Rp999.999,Banyak promo/cashback,Saat belanja online,Memengaruhi,Sangat sering,3.0,4.0,3.0,3.0,5.0,4.0,5.0,4.0,3.0,4.0,3.0,4.0,5.0,3.0,5.0,4.0,4.0,5.0,3.0,5.0,4.0,3.0,4.0,3.0,Cashback transaksi,Jumlah promo/cashback,Sangat berniat,4.0,,3.25,4.5,3.5,4.25,4.25,3.5,1,False,3.0,21.0,5.0,2,4,4,3,4,4,5,5,4.0,1,Pengguna Aktif Responsif Promo
402,"Ya, saya bersedia","Ya, saya memenuhi seluruh kriteria tersebut",Laki-Laki,21.0,Semester 6,Kurang dari Rp500.000,Universitas Telkom,"Sering, 6–10 kali dalam seminggu",Belanja online,3.0,ShopeePay,"DANA, GoPay, OVO, ShopeePay, LinkAja",2 tahun – kurang dari 3 tahun,Rp50.000 – Rp99.999,Rp500.000 – Rp999.999,Banyak promo/cashback,Saat belanja online,Sangat memengaruhi,Sangat sering,4.0,5.0,5.0,4.0,5.0,5.0,4.0,5.0,4.0,4.0,5.0,5.0,5.0,4.0,4.0,5.0,4.0,5.0,4.0,4.0,4.0,4.0,5.0,5.0,Top-up mudah dan murah,Kemudahan top-up,Berniat,4.0,,4.5,4.75,4.5,4.5,4.25,4.5,5,False,3.0,21.0,6.0,1,4,4,3,4,5,5,4,4.0,1,Pengguna Aktif Responsif Promo
403,"Ya, saya bersedia","Ya, saya memenuhi seluruh kriteria tersebut",Laki-Laki,19.0,Semester 3,Rp500.000 – Rp999.999,Universitas Muhammadiyah Surakarta,"Sangat sering, lebih dari 10 kali dalam seminggu",Belanja online,4.0,ShopeePay,"DANA, OVO, ShopeePay, LinkAja",3 tahun atau lebih,Rp100.000 – Rp199.999,Rp1.000.000 atau lebih,Mudah untuk belanja online,Saat belanja online,Sangat tidak memengaruhi,Tidak pernah,2.0,2.0,2.0,1.0,1.0,2.0,1.0,1.0,1.0,1.0,1.0,1.0,1.0,1.0,2.0,2.0,1.0,1.0,1.0,2.0,2.0,1.0,1.0,2.0,Promo makanan/minuman,Jumlah promo/cashback,Tidak berniat,2.0,,1.75,1.25,1.0,1.5,1.25,1.5,4,False,4.0,19.0,3.0,2,5,5,4,5,1,1,2,2.0,2,Pengguna Positif Moderat/Selektif
404,"Ya, saya bersedia","Ya, saya memenuhi seluruh kriteria tersebut",Laki-Laki,18.0,Semester 2,Rp2.000.000 – Rp2.999.999,Universitas Muhammadiyah Semarang,"Sangat sering, lebih dari 10 kali dalam seminggu",Transfer ke teman / orang lain,5.0,DANA,"OVO, ShopeePay",3 tahun atau lebih,Rp100.000 – Rp199.999,Rp1.000.000 atau lebih,Mudah untuk transfer uang,Saat transfer ke teman/keluarga,Cukup memengaruhi,Sering,5.0,4.0,5.0,5.0,4.0,4.0,5.0,5.0,4.0,4.0,4.0,5.0,4.0,5.0,5.0,5.0,5.0,5.0,4.0,5.0,4.0,5.0,5.0,5.0,Promo makanan/minuman,Jumlah promo/cashback,Sangat berniat,5.0,,4.75,4.5,4.25,4.75,4.75,4.75,2,False,5.0,18.0,2.0,5,5,5,4,5,3,4,5,5.0,1,Pengguna Aktif Responsif Promo
405,"Ya, saya bersedia","Ya, saya memenuhi seluruh kriteria tersebut",Perempuan,21.0,Semester 5,Rp500.000 – Rp999.999,Universitas Negeri Semarang,"Sering, 6–10 kali dalam seminggu",Pembelian makanan/minuman,3.0,GoPay,"DANA, GoPay, OVO, LinkAja",2 tahun – kurang dari 3 tahun,Rp25.000 – Rp49.999,Rp500.000 – Rp999.999,Banyak merchant yang menerima e-wallet,Saat membeli makanan/minuman,Memengaruhi,Sering,5.0,4.0,4.0,5.0,4.0,4.0,4.0,5.0,4.0,4.0,4.0,5.0,4.0,4.0,5.0,4.0,5.0,4.0,4.0,4.0,4.0,5.0,5.0,4.0,Integrasi dengan aplikasi belanja/transportasi,Kecepatan transaksi,Sangat berniat,4.0,,4.5,4.25,4.25,4.25,4.25,4.5,4,False,3.0,21.0,5.0,2,4,4,2,4,4,4,5,4.0,1,Pengguna Aktif Responsif Promo
406,"Ya, saya bersedia","Ya, saya memenuhi seluruh kriteria tersebut",Laki-Laki,19.0,Semester 1,Rp3.000.000 atau lebih,Universitas Trisakti,"Sangat sering, lebih dari 10 kali dalam seminggu",Pembelian makanan/minuman,4.0,GoPay,"DANA, GoPay, OVO, ShopeePay, LinkAja",3 tahun atau lebih,Rp25.000 – Rp49.999,Rp1.000.000 atau lebih,Praktis dan cepat,Saat ada promo/cashback,Memengaruhi,Sangat sering,4.0,5.0,4.0,5.0,4.0,5.0,4.0,4.0,5.0,4.0,5.0,4.0,4.0,5.0,5.0,4.0,5.0,4.0,4.0,5.0,5.0,4.0,4.0,5.0,Keamanan akun yang lebih kuat,Keamanan akun,Berniat,5.0,,4.5,4.25,4.5,4.5,4.5,4.5,5,False,4.0,19.0,1.0,6,5,5,2,5,4,5,4,5.0,1,Pengguna Aktif Responsif Promo
407,"Ya, saya bersedia","Ya, saya memenuhi seluruh kriteria tersebut",Perempuan,21.0,Semester 5,Rp3.000.000 atau lebih,Universitas Indonesia,"Sangat sering, lebih dari 10 kali dalam seminggu",Pembelian makanan/minuman,5.0,DANA,"DANA, GoPay, OVO, ShopeePay, LinkAja, iSaku",3 tahun atau lebih,Rp25.000 – Rp49.999,Rp1.000.000 atau lebih,Praktis dan cepat,Saat membeli makanan/minuman,Sangat memengaruhi,Sering,5.0,5.0,4.0,4.0,4.0,4.0,5.0,4.0,5.0,4.0,4.0,5.0,4.0,5.0,4.0,5.0,4.0,5.0,4.0,5.0,5.0,4.0,5.0,4.0,Top-up mudah dan murah,Kemudahan top-up,Berniat,5.0,,4.5,4.25,4.5,4.5,4.5,4.5,6,False,5.0,21.0,5.0,6,5,5,2,5,5,4,4,5.0,1,Pengguna Aktif Responsif Promo
408,"Ya, saya bersedia","Ya, saya memenuhi seluruh kriteria tersebut",Laki-Laki,21.0,Semester 5,Rp2.000.000 – Rp2.999.999,Universitas Negeri Yogyakarta,"Sangat sering, lebih dari 10 kali dalam seminggu",Pembelian makanan/minuman,5.0,DANA,"DANA, GoPay, OVO, ShopeePay, Sakuku",3 tahun atau lebih,Rp50.000 – Rp99.999,Rp1.000.000 atau lebih,Praktis dan cepat,Saat ada promo/cashback,Memengaruhi,Sering,4.0,4.0,4.0,4.0,2.0,4.0,4.0,4.0,4.0,4.0,4.0,4.0,5.0,4.0,5.0,5.0,5.0,4.0,5.0,5.0,5.0,5.0,4.0,5.0,Transfer gratis,Biaya admin,Sangat berniat,5.0,,4.0,3.5,4.0,4.75,4.75,4.75,5,False,5.0,21.0,5.0,5,5,5,3,5,4,4,5,5.0,1,Pengguna Aktif Responsif Promo
409,"Ya, saya bersedia","Ya, saya memenuhi seluruh kriteria tersebut",Perempuan,20.0,Semester 3,Rp3.000.000 atau lebih,Universitas Katolik Indonesia Atma Jaya,"Sangat sering, lebih dari 10 kali dalam seminggu",Pembelian makanan/minuman,5.0,DANA,"DANA, GoPay, OVO, ShopeePay, Sakuku",3 tahun atau lebih,Rp50.000 – Rp99.999,Rp1.000.000 atau lebih,Praktis dan cepat,Saat ada promo/cashback,Sangat memengaruhi,Sangat sering,5.0,5.0,4.0,5.0,4.0,4.0,5.0,4.0,5.0,5.0,4.0,5.0,5.0,4.0,5.0,4.0,4.0,5.0,5.0,5.0,5.0,4.0,4.0,4.0,Pembayaran transportasi,Jumlah merchant yang menerima e-wallet,Sangat berniat,4.0,,4.75,4.25,4.75,4.5,4.75,4.25,5,False,5.0,20.0,3.0,6,5,5,3,5,5,5,5,4.0,1,Pengguna Aktif Responsif Promo
410,"Ya, saya bersedia","Ya, saya memenuhi seluruh kriteria tersebut",Perempuan,19.0,Semester 3,Rp500.000 – Rp999.999,Universitas Jenderal Soedirman,"Sering, 6–10 kali dalam seminggu",Pembelian makanan/minuman,3.0,DANA,"DANA, GoPay, OVO",2 tahun – kurang dari 3 tahun,Rp25.000 – Rp49.999,Rp500.000 – Rp999.999,Praktis dan cepat,Saat membeli makanan/minuman,Sangat memengaruhi,Sangat sering,4.0,4.0,4.0,5.0,5.0,4.0,4.0,5.0,5.0,4.0,4.0,4.0,4.0,5.0,5.0,4.0,4.0,4.0,4.0,5.0,5.0,5.0,4.0,4.0,Cashback transaksi,Jumlah promo/cashback,Berniat,5.0,,4.25,4.5,4.25,4.5,4.25,4.5,3,False,3.0,19.0,3.0,2,4,4,2,4,5,5,4,5.0,1,Pengguna Aktif Responsif Promo
411,"Ya, saya bersedia","Ya, saya memenuhi seluruh kriteria tersebut",Perempuan,22.0,Semester 7,Rp3.000.000 atau lebih,Institut Teknologi Sepuluh Nopember,"Jarang, 1–2 kali dalam seminggu",Pembelian pulsa / paket data,2.0,LinkAja,LinkAja,6 bulan – kurang dari 1 tahun,Rp25.000 – Rp49.999,Rp100.000 – Rp299.999,Tidak perlu membawa uang tunai,Saat melakukan pembayaran rutin,Memengaruhi,Sangat sering,4.0,5.0,4.0,5.0,4.0,4.0,4.0,5.0,4.0,5.0,4.0,5.0,4.0,4.0,4.0,4.0,4.0,5.0,4.0,4.0,5.0,4.0,5.0,5.0,Keamanan akun yang lebih kuat,Keamanan akun,Berniat,5.0,,4.5,4.25,4.5,4.0,4.25,4.75,1,False,2.0,22.0,7.0,6,2,2,2,2,4,5,4,5.0,1,Pengguna Aktif Responsif Promo
412,"Ya, saya bersedia","Ya, saya memenuhi seluruh kriteria tersebut",Laki-Laki,18.0,Semester 1,Rp1.500.000 – Rp1.999.999,Universitas Hasanuddin,"Cukup sering, 3–5 kali dalam seminggu",Transportasi,2.0,ShopeePay,"OVO, ShopeePay",1 tahun – kurang dari 2 tahun,Rp25.000 – Rp49.999,Rp300.000 – Rp499.999,Banyak promo/cashback,Saat belanja online,Sangat tidak memengaruhi,Jarang,1.0,2.0,2.0,1.0,1.0,1.0,1.0,3.0,1.0,2.0,1.0,1.0,1.0,1.0,2.0,1.0,2.0,3.0,2.0,2.0,1.0,2.0,2.0,1.0,Top-up mudah dan murah,Kemudahan top-up,Tidak berniat,2.0,,1.5,1.5,1.25,1.25,2.25,1.5,2,False,2.0,18.0,1.0,4,3,3,2,3,1,2,2,2.0,2,Pengguna Positif Moderat/Selektif
413,"Ya, saya bersedia","Ya, saya memenuhi seluruh kriteria tersebut",Perempuan,23.0,Semester 9 atau lebih,Rp500.000 – Rp999.999,Universitas Islam Negeri Sumatera Utara,"Sering, 6–10 kali dalam seminggu",Pembelian makanan/minuman,3.0,DANA,"DANA, GoPay, OVO, ShopeePay, LinkAja",2 tahun – kurang dari 3 tahun,Rp25.000 – Rp49.999,Rp500.000 – Rp999.999,Praktis dan cepat,Saat membeli makanan/minuman,Memengaruhi,Sering,5.0,4.0,4.0,4.0,4.0,4.0,5.0,5.0,4.0,4.0,4.0,4.0,5.0,4.0,4.0,5.0,5.0,4.0,4.0,5.0,5.0,4.0,4.0,4.0,Promo makanan/minuman,Jumlah promo/cashback,Sangat berniat,5.0,,4.25,4.5,4.0,4.5,4.5,4.25,5,False,3.0,23.0,9.0,2,4,4,2,4,4,4,5,5.0,1,Pengguna Aktif Responsif Promo
414,"Ya, saya bersedia","Ya, saya memenuhi seluruh kriteria tersebut",Laki-Laki,21.0,Semester 6,Kurang dari Rp500.000,Universitas Negeri Jakarta,"Jarang, 1–2 kali dalam seminggu",Pembelian pulsa / paket data,2.0,LinkAja,LinkAja,6 bulan – kurang dari 1 tahun,Rp25.000 – Rp49.999,Rp100.000 – Rp299.999,Tidak perlu membawa uang tunai,Saat melakukan pembayaran rutin,Memengaruhi,Sangat sering,4.0,5.0,4.0,5.0,4.0,4.0,5.0,5.0,4.0,5.0,4.0,4.0,4.0,5.0,4.0,4.0,4.0,5.0,5.0,5.0,4.0,5.0,5.0,5.0,Keamanan akun yang lebih kuat,Keamanan akun,Berniat,5.0,,4.5,4.5,4.25,4.25,4.75,4.75,1,False,2.0,21.0,6.0,1,2,2,2,2,4,5,4,5.0,1,Pengguna Aktif Responsif Promo
415,"Ya, saya bersedia","Ya, saya memenuhi seluruh kriteria tersebut",Perempuan,19.0,Semester 2,Rp1.000.000 – Rp1.499.999,Universitas Negeri Yogyakarta,"Jarang, 1–2 kali dalam seminggu",Pembelian pulsa / paket data,2.0,LinkAja,LinkAja,6 bulan – kurang dari 1 tahun,Rp25.000 – Rp49.999,Rp100.000 – Rp299.999,Tidak perlu membawa uang tunai,Saat melakukan pembayaran rutin,Memengaruhi,Sangat sering,5.0,4.0,4.0,4.0,4.0,4.0,5.0,4.0,5.0,4.0,4.0,4.0,5.0,5.0,4.0,5.0,4.0,4.0,5.0,4.0,4.0,4.0,4.0,5.0,Promo makanan/minuman,Jumlah promo/cashback,Sangat berniat,4.0,,4.25,4.25,4.25,4.75,4.25,4.25,1,False,2.0,19.0,2.0,3,2,2,2,2,4,5,5,4.0,1,Pengguna Aktif Responsif Promo
416,"Ya, saya bersedia","Ya, saya memenuhi seluruh kriteria tersebut",Laki-Laki,22.0,Semester 8,Rp2.000.000 – Rp2.999.999,Universitas Borobudur,"Sangat sering, lebih dari 10 kali dalam seminggu",Belanja online,4.0,ShopeePay,"DANA, GoPay, OVO, ShopeePay, lainnya",3 tahun atau lebih,Rp100.000 – Rp199.999,Rp1.000.000 atau lebih,Banyak promo/cashback,Saat belanja online,Memengaruhi,Sering,4.0,4.0,4.0,4.0,2.0,4.0,4.0,4.0,4.0,4.0,4.0,4.0,5.0,4.0,5.0,5.0,5.0,4.0,5.0,5.0,5.0,5.0,4.0,5.0,Pembayaran UKT/kampus,Perlindungan data pribadi,Sangat berniat,5.0,,4.0,3.5,4.0,4.75,4.75,4.75,5,False,4.0,22.0,8.0,5,5,5,4,5,4,4,5,5.0,1,Pengguna Aktif Responsif Promo
417,"Ya, saya bersedia","Ya, saya memenuhi seluruh kriteria tersebut",Perempuan,20.0,Semester 4,Rp500.000 – Rp999.999,Universitas Padjadjaran,"Cukup sering, 3–5 kali dalam seminggu",Transfer ke teman / orang lain,2.0,DANA,DANA,1 tahun – kurang dari 2 tahun,Rp100.000 – Rp199.999,Rp300.000 – Rp499.999,Mudah untuk transfer uang,Saat transfer ke teman/keluarga,Memengaruhi,Sering,4.0,4.0,5.0,4.0,5.0,4.0,5.0,4.0,5.0,5.0,5.0,5.0,4.0,5.0,4.0,5.0,5.0,4.0,4.0,4.0,5.0,5.0,4.0,4.0,Riwayat transaksi yang jelas,Perlindungan data pribadi,Sangat berniat,4.0,,4.25,4.5,5.0,4.5,4.25,4.5,1,False,2.0,20.0,4.0,2,3,3,4,3,4,4,5,4.0,1,Pengguna Aktif Responsif Promo
418,"Ya, saya bersedia","Ya, saya memenuhi seluruh kriteria tersebut",Laki-Laki,22.0,Semester 8,Rp1.500.000 – Rp1.999.999,Universitas Sumatera Utara,"Sangat sering, lebih dari 10 kali dalam seminggu",Pembelian makanan/minuman,4.0,GoPay,"DANA, GoPay, OVO, ShopeePay",3 tahun atau lebih,Rp50.000 – Rp99.999,Rp1.000.000 atau lebih,Tidak perlu membawa uang tunai,Saat membeli makanan/minuman,Memengaruhi,Sering,5.0,4.0,4.0,4.0,5.0,4.0,4.0,5.0,4.0,5.0,4.0,4.0,4.0,5.0,4.0,4.0,5.0,4.0,4.0,4.0,5.0,4.0,5.0,4.0,Top-up mudah dan murah,Kemudahan top-up,Berniat,4.0,,4.25,4.5,4.25,4.25,4.25,4.5,4,False,4.0,22.0,8.0,4,5,5,3,5,4,4,4,4.0,1,Pengguna Aktif Responsif Promo
419,"Ya, saya bersedia","Ya, saya memenuhi seluruh kriteria tersebut",Laki-Laki,22.0,Semester 7,Rp500.000 – Rp999.999,Universitas PGRI Semarang,"Sering, 6–10 kali dalam seminggu",Pembelian makanan/minuman,3.0,DANA,"OVO, ShopeePay",2 tahun – kurang dari 3 tahun,Rp25.000 – Rp49.999,Rp500.000 – Rp999.999,Praktis dan cepat,Saat membeli makanan/minuman,Sangat tidak memengaruhi,Jarang,2.0,2.0,1.0,2.0,2.0,1.0,1.0,3.0,2.0,3.0,2.0,1.0,2.0,2.0,1.0,2.0,2.0,1.0,2.0,2.0,1.0,1.0,1.0,2.0,Cashback transaksi,Jumlah promo/cashback,Tidak berniat,2.0,,1.75,1.75,2.0,1.75,1.75,1.25,2,False,3.0,22.0,7.0,2,4,4,2,4,1,2,2,2.0,2,Pengguna Positif Moderat/Selektif
420,"Ya, saya bersedia","Ya, saya memenuhi seluruh kriteria tersebut",Laki-Laki,20.0,Semester 3,Rp1.000.000 – Rp1.499.999,Universitas Gadjah Mada,"Sering, 6–10 kali dalam seminggu",Pembelian makanan/minuman,3.0,GoPay,"DANA, GoPay, OVO, LinkAja",2 tahun – kurang dari 3 tahun,Rp25.000 – Rp49.999,Rp500.000 – Rp999.999,Praktis dan cepat,Saat tidak membawa uang tunai,Sangat memengaruhi,Sering,4.0,5.0,4.0,4.0,4.0,5.0,5.0,4.0,5.0,4.0,5.0,4.0,5.0,4.0,4.0,5.0,4.0,4.0,2.0,5.0,4.0,5.0,4.0,5.0,Top-up mudah dan murah,Kemudahan top-up,Sangat berniat,4.0,,4.25,4.5,4.5,4.5,3.75,4.5,4,False,3.0,20.0,3.0,3,4,4,2,4,5,4,5,4.0,1,Pengguna Aktif Responsif Promo
421,"Ya, saya bersedia","Ya, saya memenuhi seluruh kriteria tersebut",Laki-Laki,18.0,Semester 2,Rp3.000.000 atau lebih,Universitas Telkom,"Cukup sering, 3–5 kali dalam seminggu",Belanja online,2.0,ShopeePay,"DANA, OVO, ShopeePay",1 tahun – kurang dari 2 tahun,Rp50.000 – Rp99.999,Rp300.000 – Rp499.999,Mudah untuk belanja online,Saat belanja online,Memengaruhi,Sangat sering,4.0,5.0,4.0,4.0,4.0,5.0,5.0,4.0,5.0,4.0,4.0,4.0,4.0,5.0,4.0,4.0,5.0,4.0,4.0,4.0,4.0,5.0,5.0,4.0,Keamanan akun yang lebih kuat,Keamanan akun,Berniat,4.0,,4.25,4.5,4.25,4.25,4.25,4.5,3,False,2.0,18.0,2.0,6,3,3,3,3,4,5,4,4.0,1,Pengguna Aktif Responsif Promo
422,"Ya, saya bersedia","Ya, saya memenuhi seluruh kriteria tersebut",Perempuan,21.0,Semester 6,Rp1.000.000 – Rp1.499.999,Universitas Muhammadiyah Malang,"Sering, 6–10 kali dalam seminggu",Pembelian makanan/minuman,3.0,GoPay,"DANA, GoPay, ShopeePay",2 tahun – kurang dari 3 tahun,Rp25.000 – Rp49.999,Rp500.000 – Rp999.999,Praktis dan cepat,Saat tidak membawa uang tunai,Memengaruhi,Sangat sering,4.0,4.0,5.0,5.0,4.0,4.0,4.0,5.0,4.0,4.0,5.0,5.0,5.0,4.0,5.0,5.0,4.0,4.0,5.0,4.0,4.0,4.0,4.0,4.0,Integrasi dengan aplikasi belanja/transportasi,Kecepatan transaksi,Sangat berniat,4.0,,4.5,4.25,4.5,4.75,4.25,4.0,3,False,3.0,21.0,6.0,3,4,4,2,4,4,5,5,4.0,1,Pengguna Aktif Responsif Promo
423,"Ya, saya bersedia","Ya, saya memenuhi seluruh kriteria tersebut",Perempuan,21.0,Semester 6,Kurang dari Rp500.000,Universitas Dian Nuswantoro,"Cukup sering, 3–5 kali dalam seminggu",Transfer ke teman / orang lain,2.0,DANA,DANA,1 tahun – kurang dari 2 tahun,Rp100.000 – Rp199.999,Rp300.000 – Rp499.999,Mudah untuk transfer uang,Saat transfer ke teman/keluarga,Memengaruhi,Sering,4.0,5.0,4.0,4.0,4.0,5.0,5.0,4.0,5.0,5.0,5.0,5.0,4.0,4.0,4.0,5.0,4.0,5.0,5.0,4.0,5.0,4.0,4.0,4.0,Top-up mudah dan murah,Kemudahan top-up,Sangat berniat,4.0,,4.25,4.5,5.0,4.25,4.5,4.25,1,False,2.0,21.0,6.0,1,3,3,4,3,4,4,5,4.0,1,Pengguna Aktif Responsif Promo
424,"Ya, saya bersedia","Ya, saya memenuhi seluruh kriteria tersebut",Perempuan,22.0,Semester 8,Rp3.000.000 atau lebih,Universitas Bina Nusantara,"Sering, 6–10 kali dalam seminggu",Transportasi,3.0,GoPay,"DANA, GoPay, LinkAja",2 tahun – kurang dari 3 tahun,Rp25.000 – Rp49.999,Rp500.000 – Rp999.999,Praktis dan cepat,Saat tidak membawa uang tunai,Tidak memengaruhi,Tidak pernah,2.0,1.0,1.0,2.0,2.0,1.0,2.0,3.0,2.0,2.0,1.0,2.0,2.0,2.0,1.0,2.0,2.0,1.0,1.0,1.0,1.0,2.0,1.0,1.0,Transfer gratis,Biaya admin,Tidak berniat,2.0,,1.5,2.0,1.75,1.75,1.25,1.25,3,False,3.0,22.0,8.0,6,4,4,2,4,2,1,2,2.0,2,Pengguna Positif Moderat/Selektif
425,"Ya, saya bersedia","Ya, saya memenuhi seluruh kriteria tersebut",Perempuan,18.0,Semester 2,Kurang dari Rp500.000,Universitas Pendidikan Indonesia,"Sangat jarang, kurang dari 1 kali dalam seminggu",Pembelian pulsa / paket data,1.0,ShopeePay,ShopeePay,6 bulan – kurang dari 1 tahun,Rp25.000 – Rp49.999,Kurang dari Rp100.000,Tidak perlu membawa uang tunai,Saat ada promo/cashback,Tidak memengaruhi,Tidak pernah,1.0,2.0,2.0,2.0,2.0,2.0,1.0,1.0,1.0,1.0,2.0,2.0,1.0,1.0,1.0,2.0,2.0,1.0,1.0,2.0,2.0,2.0,2.0,1.0,Integrasi dengan aplikasi belanja/transportasi,Kecepatan transaksi,Tidak berniat,1.0,,1.75,1.5,1.5,1.25,1.5,1.75,1,False,1.0,18.0,2.0,1,1,2,2,1,2,1,2,1.0,2,Pengguna Positif Moderat/Selektif
426,"Ya, saya bersedia","Ya, saya memenuhi seluruh kriteria tersebut",Laki-Laki,22.0,Semester 9 atau lebih,Kurang dari Rp500.000,Universitas Muhammadiyah Semarang,"Sering, 6–10 kali dalam seminggu",Pembelian makanan/minuman,3.0,DANA,"DANA, GoPay, OVO",2 tahun – kurang dari 3 tahun,Rp25.000 – Rp49.999,Rp500.000 – Rp999.999,Praktis dan cepat,Saat membeli makanan/minuman,Sangat memengaruhi,Sering,5.0,5.0,4.0,5.0,4.0,5.0,4.0,5.0,5.0,5.0,5.0,4.0,5.0,5.0,5.0,4.0,4.0,4.0,5.0,5.0,5.0,5.0,5.0,5.0,Integrasi dengan aplikasi belanja/transportasi,Kecepatan transaksi,Berniat,5.0,,4.75,4.5,4.75,4.75,4.5,5.0,3,False,3.0,22.0,9.0,1,4,4,2,4,5,4,4,5.0,1,Pengguna Aktif Responsif Promo
427,"Ya, saya bersedia","Ya, saya memenuhi seluruh kriteria tersebut",Laki-Laki,20.0,Semester 4,Rp1.000.000 – Rp1.499.999,Universitas Djuanda,"Sangat sering, lebih dari 10 kali dalam seminggu",Pembelian makanan/minuman,5.0,DANA,"DANA, GoPay, OVO, ShopeePay, iSaku",3 tahun atau lebih,Rp50.000 – Rp99.999,Rp1.000.000 atau lebih,Praktis dan cepat,Saat ada promo/cashback,Sangat tidak memengaruhi,Tidak pernah,1.0,2.0,1.0,2.0,1.0,1.0,1.0,3.0,2.0,3.0,2.0,1.0,2.0,2.0,1.0,2.0,2.0,1.0,2.0,2.0,1.0,1.0,1.0,2.0,Transfer gratis,Biaya admin,Tidak berniat,2.0,,1.5,1.5,2.0,1.75,1.75,1.25,5,False,5.0,20.0,4.0,3,5,5,3,5,1,1,2,2.0,2,Pengguna Positif Moderat/Selektif
428,"Ya, saya bersedia","Ya, saya memenuhi seluruh kriteria tersebut",Laki-Laki,23.0,Semester 9 atau lebih,Rp500.000 – Rp999.999,Universitas Jenderal Soedirman,"Sangat sering, lebih dari 10 kali dalam seminggu",Transfer ke teman / orang lain,5.0,DANA,"DANA, GoPay, OVO, ShopeePay, LinkAja",3 tahun atau lebih,Rp100.000 – Rp199.999,Rp1.000.000 atau lebih,Mudah untuk transfer uang,Saat transfer ke teman/keluarga,Memengaruhi,Sangat sering,5.0,5.0,5.0,4.0,4.0,5.0,4.0,5.0,5.0,4.0,5.0,5.0,4.0,5.0,4.0,5.0,5.0,5.0,4.0,5.0,4.0,4.0,5.0,5.0,Promo makanan/minuman,Jumlah promo/cashback,Berniat,4.0,,4.75,4.5,4.75,4.5,4.75,4.5,5,False,5.0,23.0,9.0,2,5,5,4,5,4,5,4,4.0,1,Pengguna Aktif Responsif Promo
429,"Ya, saya bersedia","Ya, saya memenuhi seluruh kriteria tersebut",Perempuan,22.0,Semester 7,Rp1.500.000 – Rp1.999.999,Universitas Sumatera Utara,"Sangat sering, lebih dari 10 kali dalam seminggu",Transfer ke teman / orang lain,5.0,DANA,"DANA, GoPay, OVO, ShopeePay, LinkAja, iSaku",3 tahun atau lebih,Rp100.000 – Rp199.999,Rp1.000.000 atau lebih,Praktis dan cepat,Saat transfer ke teman/keluarga,Sangat memengaruhi,Sangat sering,5.0,5.0,5.0,5.0,5.0,5.0,5.0,5.0,5.0,5.0,5.0,5.0,5.0,5.0,5.0,5.0,5.0,5.0,5.0,5.0,5.0,5.0,5.0,5.0,Cashback transaksi,Jumlah promo/cashback,Sangat berniat,5.0,,5.0,5.0,5.0,5.0,5.0,5.0,6,False,5.0,22.0,7.0,4,5,5,4,5,5,5,5,5.0,1,Pengguna Aktif Responsif Promo
430,"Ya, saya bersedia","Ya, saya memenuhi seluruh kriteria tersebut",Laki-Laki,21.0,Semester 7,Kurang dari Rp500.000,Universitas Katolik Indonesia Atma Jaya,"Sangat sering, lebih dari 10 kali dalam seminggu",Transfer ke teman / orang lain,4.0,DANA,"DANA, GoPay, OVO, ShopeePay, LinkAja",3 tahun atau lebih,Rp100.000 – Rp199.999,Rp1.000.000 atau lebih,Mudah untuk transfer uang,Saat transfer ke teman/keluarga,Sangat tidak memengaruhi,Tidak pernah,2.0,2.0,2.0,1.0,1.0,2.0,1.0,1.0,1.0,1.0,1.0,1.0,1.0,1.0,2.0,2.0,1.0,1.0,1.0,2.0,2.0,1.0,1.0,2.0,Transfer gratis,Biaya admin,Tidak berniat,2.0,,1.75,1.25,1.0,1.5,1.25,1.5,5,False,4.0,21.0,7.0,1,5,5,4,5,1,1,2,2.0,2,Pengguna Positif Moderat/Selektif
431,"Ya, saya bersedia","Ya, saya memenuhi seluruh kriteria tersebut",Laki-Laki,21.0,Semester 5,Rp500.000 – Rp999.999,Universitas Indonesia,"Sangat sering, lebih dari 10 kali dalam seminggu",Transfer ke teman / orang lain,4.0,DANA,"DANA, GoPay, OVO, ShopeePay, LinkAja, iSaku",3 tahun atau lebih,Rp100.000 – Rp199.999,Rp1.000.000 atau lebih,Mudah untuk transfer uang,Saat transfer ke teman/keluarga,Memengaruhi,Sangat sering,4.0,4.0,4.0,5.0,4.0,4.0,5.0,5.0,4.0,4.0,5.0,4.0,4.0,4.0,4.0,4.0,4.0,5.0,4.0,4.0,4.0,4.0,5.0,4.0,Transfer gratis,Biaya admin,Sangat berniat,4.0,,4.25,4.5,4.25,4.0,4.25,4.25,6,False,4.0,21.0,5.0,2,5,5,4,5,4,5,5,4.0,1,Pengguna Aktif Responsif Promo
432,"Ya, saya bersedia","Ya, saya memenuhi seluruh kriteria tersebut",Laki-Laki,22.0,Semester 7,Rp1.000.000 – Rp1.499.999,Universitas Presiden,"Sering, 6–10 kali dalam seminggu",Pembelian makanan/minuman,3.0,DANA,"DANA, GoPay, OVO, ShopeePay, LinkAja",2 tahun – kurang dari 3 tahun,Rp25.000 – Rp49.999,Rp500.000 – Rp999.999,Praktis dan cepat,Saat membeli makanan/minuman,Sangat tidak memengaruhi,Jarang,2.0,2.0,2.0,1.0,1.0,1.0,1.0,4.0,1.0,2.0,4.0,1.0,1.0,1.0,2.0,1.0,2.0,2.0,2.0,2.0,2.0,2.0,1.0,1.0,Transfer gratis,Biaya admin,Sangat tidak berniat,2.0,,1.75,1.75,2.0,1.25,2.0,1.5,5,False,3.0,22.0,7.0,3,4,4,2,4,1,2,1,2.0,2,Pengguna Positif Moderat/Selektif
433,"Ya, saya bersedia","Ya, saya memenuhi seluruh kriteria tersebut",Perempuan,21.0,Semester 6,Rp2.000.000 – Rp2.999.999,Universitas Bina Nusantara,"Cukup sering, 3–5 kali dalam seminggu",Transfer ke teman / orang lain,2.0,DANA,"DANA, GoPay",1 tahun – kurang dari 2 tahun,Rp100.000 – Rp199.999,Rp300.000 – Rp499.999,Mudah untuk transfer uang,Saat transfer ke teman/keluarga,Sangat memengaruhi,Sangat sering,4.0,5.0,5.0,4.0,5.0,5.0,4.0,4.0,4.0,4.0,4.0,4.0,4.0,4.0,5.0,4.0,4.0,5.0,5.0,4.0,4.0,5.0,5.0,5.0,Pembayaran transportasi,Jumlah merchant yang menerima e-wallet,Berniat,5.0,,4.5,4.5,4.0,4.25,4.5,4.75,2,False,2.0,21.0,6.0,5,3,3,4,3,5,5,4,5.0,1,Pengguna Aktif Responsif Promo
434,"Ya, saya bersedia","Ya, saya memenuhi seluruh kriteria tersebut",Perempuan,18.0,Semester 1,Kurang dari Rp500.000,Universitas Pelita Harapan,"Sangat sering, lebih dari 10 kali dalam seminggu",Belanja online,4.0,ShopeePay,"DANA, GoPay, OVO",3 tahun atau lebih,Rp50.000 – Rp99.999,Rp1.000.000 atau lebih,Banyak promo/cashback,Saat belanja online,Sangat memengaruhi,Sering,4.0,5.0,4.0,4.0,5.0,4.0,4.0,4.0,5.0,4.0,5.0,4.0,4.0,4.0,5.0,4.0,5.0,5.0,4.0,4.0,5.0,4.0,4.0,4.0,Promo makanan/minuman,Jumlah promo/cashback,Berniat,4.0,,4.25,4.25,4.5,4.25,4.5,4.25,3,False,4.0,18.0,1.0,1,5,5,3,5,5,4,4,4.0,1,Pengguna Aktif Responsif Promo
435,"Ya, saya bersedia","Ya, saya memenuhi seluruh kriteria tersebut",Perempuan,20.0,Semester 4,Rp2.000.000 – Rp2.999.999,Universitas PGRI Semarang,"Sangat sering, lebih dari 10 kali dalam seminggu",Belanja online,4.0,ShopeePay,"DANA, GoPay, OVO",3 tahun atau lebih,Rp50.000 – Rp99.999,Rp1.000.000 atau lebih,Banyak promo/cashback,Saat belanja online,Tidak memengaruhi,Jarang,2.0,2.0,2.0,1.0,2.0,1.0,2.0,1.0,1.0,1.0,2.0,1.0,2.0,1.0,1.0,1.0,2.0,2.0,1.0,1.0,1.0,2.0,4.0,5.0,Transfer gratis,Biaya admin,Tidak berniat,1.0,,1.75,1.5,1.25,1.25,1.5,3.0,3,False,4.0,20.0,4.0,5,5,5,3,5,2,2,2,1.0,2,Pengguna Positif Moderat/Selektif
436,"Ya, saya bersedia","Ya, saya memenuhi seluruh kriteria tersebut",Laki-Laki,20.0,Semester 3,Rp2.000.000 – Rp2.999.999,Universitas Tarumanagara,"Sangat sering, lebih dari 10 kali dalam seminggu",Belanja online,4.0,ShopeePay,"DANA, GoPay, OVO, ShopeePay, LinkAja",3 tahun atau lebih,Rp50.000 – Rp99.999,Rp1.000.000 atau lebih,Banyak promo/cashback,Saat belanja online,Memengaruhi,Sering,4.0,5.0,4.0,4.0,4.0,5.0,4.0,5.0,4.0,4.0,4.0,5.0,4.0,5.0,4.0,4.0,4.0,4.0,4.0,5.0,4.0,4.0,5.0,5.0,Riwayat transaksi yang jelas,Perlindungan data pribadi,Berniat,5.0,,4.25,4.5,4.25,4.25,4.25,4.5,5,False,4.0,20.0,3.0,5,5,5,3,5,4,4,4,5.0,1,Pengguna Aktif Responsif Promo
437,"Ya, saya bersedia","Ya, saya memenuhi seluruh kriteria tersebut",Laki-Laki,19.0,Semester 3,Rp1.000.000 – Rp1.499.999,Universitas Syiah Kuala,"Sangat sering, lebih dari 10 kali dalam seminggu",Pembelian makanan/minuman,5.0,GoPay,"DANA, GoPay, OVO, ShopeePay, LinkAja, iSaku",3 tahun atau lebih,Rp25.000 – Rp49.999,Rp1.000.000 atau lebih,Praktis dan cepat,Saat ada promo/cashback,Sangat memengaruhi,Sangat sering,5.0,5.0,4.0,5.0,4.0,4.0,5.0,4.0,5.0,5.0,4.0,5.0,5.0,4.0,5.0,4.0,4.0,5.0,5.0,5.0,5.0,4.0,4.0,4.0,Integrasi dengan aplikasi belanja/transportasi,Kecepatan transaksi,Sangat berniat,4.0,,4.75,4.25,4.75,4.5,4.75,4.25,6,False,5.0,19.0,3.0,3,5,5,2,5,5,5,5,4.0,1,Pengguna Aktif Responsif Promo
438,"Ya, saya bersedia","Ya, saya memenuhi seluruh kriteria tersebut",Perempuan,22.0,Semester 7,Rp1.500.000 – Rp1.999.999,Universitas Brawijaya,"Cukup sering, 3–5 kali dalam seminggu",Belanja online,2.0,ShopeePay,"GoPay, OVO, ShopeePay",1 tahun – kurang dari 2 tahun,Rp50.000 – Rp99.999,Rp300.000 – Rp499.999,Mudah untuk belanja online,Saat ada promo/cashback,Sangat memengaruhi,Sering,4.0,5.0,5.0,4.0,4.0,5.0,5.0,4.0,4.0,5.0,4.0,5.0,5.0,4.0,5.0,5.0,4.0,4.0,4.0,5.0,4.0,4.0,4.0,5.0,Integrasi dengan aplikasi belanja/transportasi,Kecepatan transaksi,Berniat,4.0,,4.5,4.5,4.5,4.75,4.25,4.25,3,False,2.0,22.0,7.0,4,3,3,3,3,5,4,4,4.0,1,Pengguna Aktif Responsif Promo
439,"Ya, saya bersedia","Ya, saya memenuhi seluruh kriteria tersebut",Laki-Laki,18.0,Semester 1,Rp1.000.000 – Rp1.499.999,Universitas Airlangga,"Sangat sering, lebih dari 10 kali dalam seminggu",Belanja online,4.0,ShopeePay,"DANA, GoPay, OVO, ShopeePay, LinkAja",3 tahun atau lebih,Rp50.000 – Rp99.999,Rp1.000.000 atau lebih,Banyak promo/cashback,Saat belanja online,Sangat memengaruhi,Sering,4.0,5.0,4.0,4.0,5.0,5.0,4.0,5.0,5.0,4.0,4.0,5.0,4.0,5.0,4.0,5.0,5.0,4.0,5.0,5.0,4.0,4.0,4.0,4.0,Pembayaran transportasi,Jumlah merchant yang menerima e-wallet,Sangat berniat,5.0,,4.25,4.75,4.5,4.5,4.75,4.0,5,False,4.0,18.0,1.0,3,5,5,3,5,5,4,5,5.0,1,Pengguna Aktif Responsif Promo
440,"Ya, saya bersedia","Ya, saya memenuhi seluruh kriteria tersebut",Perempuan,19.0,Semester 1,Rp1.000.000 – Rp1.499.999,Universitas Muhammadiyah Purworejo,"Sering, 6–10 kali dalam seminggu",Pembelian makanan/minuman,3.0,GoPay,"DANA, GoPay, OVO, LinkAja",2 tahun – kurang dari 3 tahun,Rp25.000 – Rp49.999,Rp500.000 – Rp999.999,Banyak merchant yang menerima e-wallet,Saat membeli makanan/minuman,Sangat memengaruhi,Sering,5.0,5.0,5.0,4.0,5.0,5.0,5.0,5.0,5.0,4.0,5.0,5.0,5.0,5.0,4.0,5.0,5.0,5.0,4.0,5.0,5.0,5.0,4.0,5.0,Pembayaran transportasi,Jumlah merchant yang menerima e-wallet,Sangat berniat,4.0,,4.75,5.0,4.75,4.75,4.75,4.75,4,False,3.0,19.0,1.0,3,4,4,2,4,5,4,5,4.0,1,Pengguna Aktif Responsif Promo
441,"Ya, saya bersedia","Ya, saya memenuhi seluruh kriteria tersebut",Perempuan,19.0,Semester 2,Rp500.000 – Rp999.999,Universitas Negeri Jakarta,"Sering, 6–10 kali dalam seminggu",Pembelian makanan/minuman,3.0,DANA,"GoPay, OVO, ShopeePay, LinkAja",2 tahun – kurang dari 3 tahun,Rp25.000 – Rp49.999,Rp500.000 – Rp999.999,Praktis dan cepat,Saat membeli makanan/minuman,Sangat memengaruhi,Sangat sering,5.0,5.0,5.0,5.0,5.0,5.0,5.0,4.0,5.0,5.0,5.0,5.0,4.0,4.0,4.0,4.0,4.0,5.0,4.0,5.0,5.0,5.0,5.0,4.0,Integrasi dengan aplikasi belanja/transportasi,Kecepatan transaksi,Sangat berniat,5.0,,5.0,4.75,5.0,4.0,4.5,4.75,4,False,3.0,19.0,2.0,2,4,4,2,4,5,5,5,5.0,1,Pengguna Aktif Responsif Promo
442,"Ya, saya bersedia","Ya, saya memenuhi seluruh kriteria tersebut",Perempuan,20.0,Semester 3,Kurang dari Rp500.000,Universitas Atma Jaya Yogyakarta,"Cukup sering, 3–5 kali dalam seminggu",Belanja online,2.0,ShopeePay,"GoPay, OVO, ShopeePay",1 tahun – kurang dari 2 tahun,Rp50.000 – Rp99.999,Rp300.000 – Rp499.999,Mudah untuk belanja online,Saat ada promo/cashback,Memengaruhi,Sering,5.0,4.0,5.0,4.0,5.0,4.0,4.0,4.0,4.0,5.0,5.0,4.0,5.0,5.0,5.0,5.0,4.0,5.0,5.0,5.0,5.0,4.0,5.0,5.0,Transfer gratis,Biaya admin,Sangat berniat,5.0,,4.5,4.25,4.5,5.0,4.75,4.75,3,False,2.0,20.0,3.0,1,3,3,3,3,4,4,5,5.0,1,Pengguna Aktif Responsif Promo
443,"Ya, saya bersedia","Ya, saya memenuhi seluruh kriteria tersebut",Perempuan,19.0,Semester 2,Rp2.000.000 – Rp2.999.999,Universitas Airlangga,"Sangat sering, lebih dari 10 kali dalam seminggu",Belanja online,4.0,ShopeePay,"GoPay, OVO, ShopeePay, LinkAja",3 tahun atau lebih,Rp100.000 – Rp199.999,Rp1.000.000 atau lebih,Mudah untuk belanja online,Saat belanja online,Memengaruhi,Sering,5.0,4.0,5.0,4.0,4.0,4.0,4.0,4.0,5.0,4.0,4.0,5.0,4.0,4.0,4.0,4.0,4.0,4.0,4.0,4.0,4.0,5.0,4.0,5.0,Cashback transaksi,Jumlah promo/cashback,Berniat,5.0,,4.5,4.0,4.5,4.0,4.0,4.5,4,False,4.0,19.0,2.0,5,5,5,4,5,4,4,4,5.0,1,Pengguna Aktif Responsif Promo
444,"Ya, saya bersedia","Ya, saya memenuhi seluruh kriteria tersebut",Perempuan,22.0,Semester 8,Rp1.500.000 – Rp1.999.999,Universitas Tarumanagara,"Sering, 6–10 kali dalam seminggu",Pembelian makanan/minuman,3.0,DANA,"DANA, GoPay, ShopeePay",2 tahun – kurang dari 3 tahun,Rp25.000 – Rp49.999,Rp500.000 – Rp999.999,Praktis dan cepat,Saat membeli makanan/minuman,Memengaruhi,Sangat sering,5.0,4.0,5.0,5.0,4.0,5.0,5.0,4.0,4.0,4.0,5.0,4.0,4.0,5.0,5.0,4.0,5.0,4.0,5.0,5.0,4.0,5.0,5.0,5.0,Keamanan akun yang lebih kuat,Keamanan akun,Sangat berniat,4.0,,4.75,4.5,4.25,4.5,4.75,4.75,3,False,3.0,22.0,8.0,4,4,4,2,4,4,5,5,4.0,1,Pengguna Aktif Responsif Promo
445,"Ya, saya bersedia","Ya, saya memenuhi seluruh kriteria tersebut",Perempuan,23.0,Semester 9 atau lebih,Rp1.000.000 – Rp1.499.999,Universitas Andalas,"Sangat jarang, kurang dari 1 kali dalam seminggu",Pembayaran tagihan,1.0,LinkAja,"DANA, GoPay, OVO, LinkAja",6 bulan – kurang dari 1 tahun,Rp100.000 – Rp199.999,Kurang dari Rp100.000,Tidak perlu membawa uang tunai,Saat melakukan pembayaran rutin,Memengaruhi,Sangat sering,4.0,4.0,5.0,4.0,5.0,5.0,4.0,5.0,4.0,5.0,5.0,4.0,4.0,4.0,5.0,4.0,4.0,5.0,4.0,5.0,4.0,4.0,5.0,4.0,Riwayat transaksi yang jelas,Perlindungan data pribadi,Berniat,5.0,,4.25,4.75,4.5,4.25,4.5,4.25,4,False,1.0,23.0,9.0,3,1,2,4,1,4,5,4,5.0,1,Pengguna Aktif Responsif Promo
446,"Ya, saya bersedia","Ya, saya memenuhi seluruh kriteria tersebut",Perempuan,22.0,Semester 7,Rp1.000.000 – Rp1.499.999,Universitas Jenderal Soedirman,"Sering, 6–10 kali dalam seminggu",Pembelian makanan/minuman,3.0,DANA,"DANA, GoPay, OVO, ShopeePay, LinkAja",2 tahun – kurang dari 3 tahun,Rp25.000 – Rp49.999,Rp500.000 – Rp999.999,Praktis dan cepat,Saat membeli makanan/minuman,Sangat memengaruhi,Sangat sering,5.0,4.0,5.0,4.0,4.0,5.0,4.0,5.0,5.0,4.0,5.0,5.0,5.0,5.0,4.0,4.0,4.0,5.0,5.0,4.0,4.0,4.0,5.0,4.0,Transfer gratis,Biaya admin,Berniat,5.0,,4.5,4.5,4.75,4.5,4.5,4.25,5,False,3.0,22.0,7.0,3,4,4,2,4,5,5,4,5.0,1,Pengguna Aktif Responsif Promo
447,"Ya, saya bersedia","Ya, saya memenuhi seluruh kriteria tersebut",Laki-Laki,21.0,Semester 7,Kurang dari Rp500.000,Universitas Negeri Surabaya,"Sangat sering, lebih dari 10 kali dalam seminggu",Transfer ke teman / orang lain,4.0,DANA,"DANA, GoPay, OVO, ShopeePay, LinkAja",3 tahun atau lebih,Rp100.000 – Rp199.999,Rp1.000.000 atau lebih,Mudah untuk transfer uang,Saat transfer ke teman/keluarga,Sangat tidak memengaruhi,Jarang,2.0,2.0,1.0,1.0,2.0,1.0,1.0,1.0,1.0,1.0,1.0,1.0,1.0,2.0,2.0,1.0,1.0,1.0,2.0,2.0,1.0,1.0,2.0,2.0,Transfer gratis,Biaya admin,Tidak berniat,2.0,,1.5,1.25,1.0,1.5,1.5,1.5,5,False,4.0,21.0,7.0,1,5,5,4,5,1,2,2,2.0,2,Pengguna Positif Moderat/Selektif
448,"Ya, saya bersedia","Ya, saya memenuhi seluruh kriteria tersebut",Perempuan,18.0,Semester 1,Rp1.000.000 – Rp1.499.999,Universitas Sebelas Maret,"Cukup sering, 3–5 kali dalam seminggu",Pembelian makanan/minuman,2.0,OVO,"DANA, LinkAja",1 tahun – kurang dari 2 tahun,Rp25.000 – Rp49.999,Rp300.000 – Rp499.999,Banyak merchant yang menerima e-wallet,Saat membeli makanan/minuman,Sangat memengaruhi,Sering,4.0,4.0,4.0,4.0,4.0,4.0,5.0,4.0,4.0,5.0,4.0,5.0,4.0,5.0,4.0,5.0,4.0,4.0,4.0,4.0,5.0,5.0,4.0,4.0,Cashback transaksi,Jumlah promo/cashback,Sangat berniat,4.0,,4.0,4.25,4.5,4.5,4.0,4.5,2,False,2.0,18.0,1.0,3,3,3,2,3,5,4,5,4.0,1,Pengguna Aktif Responsif Promo
449,"Ya, saya bersedia","Ya, saya memenuhi seluruh kriteria tersebut",Laki-Laki,19.0,Semester 3,Rp500.000 – Rp999.999,Universitas Airlangga,"Sering, 6–10 kali dalam seminggu",Pembelian makanan/minuman,3.0,GoPay,"DANA, GoPay, OVO, LinkAja",2 tahun – kurang dari 3 tahun,Rp25.000 – Rp49.999,Rp500.000 – Rp999.999,Praktis dan cepat,Saat tidak membawa uang tunai,Sangat memengaruhi,Sering,4.0,4.0,5.0,5.0,5.0,5.0,4.0,5.0,4.0,4.0,4.0,4.0,5.0,4.0,4.0,5.0,5.0,4.0,4.0,5.0,5.0,4.0,4.0,4.0,Pembayaran transportasi,Jumlah merchant yang menerima e-wallet,Sangat berniat,5.0,,4.5,4.75,4.0,4.5,4.5,4.25,4,False,3.0,19.0,3.0,2,4,4,2,4,5,4,5,5.0,1,Pengguna Aktif Responsif Promo
450,"Ya, saya bersedia","Ya, saya memenuhi seluruh kriteria tersebut",Perempuan,21.0,Semester 5,Kurang dari Rp500.000,Institut Teknologi Bandung,"Sangat sering, lebih dari 10 kali dalam seminggu",Pembelian makanan/minuman,4.0,GoPay,"DANA, GoPay, OVO, ShopeePay",3 tahun atau lebih,Rp50.000 – Rp99.999,Rp1.000.000 atau lebih,Tidak perlu membawa uang tunai,Saat membeli makanan/minuman,Memengaruhi,Sangat sering,5.0,4.0,4.0,4.0,5.0,5.0,5.0,4.0,4.0,4.0,4.0,4.0,5.0,4.0,4.0,4.0,5.0,5.0,4.0,4.0,4.0,4.0,4.0,4.0,Top-up mudah dan murah,Kemudahan top-up,Sangat berniat,5.0,,4.25,4.75,4.0,4.25,4.5,4.0,4,False,4.0,21.0,5.0,1,5,5,3,5,4,5,5,5.0,1,Pengguna Aktif Responsif Promo
451,"Ya, saya bersedia","Ya, saya memenuhi seluruh kriteria tersebut",Laki-Laki,19.0,Semester 1,Rp1.000.000 – Rp1.499.999,Universitas Muhammadiyah Purworejo,"Sering, 6–10 kali dalam seminggu",Pembelian makanan/minuman,3.0,GoPay,"DANA, ShopeePay",2 tahun – kurang dari 3 tahun,Rp25.000 – Rp49.999,Rp500.000 – Rp999.999,Banyak merchant yang menerima e-wallet,Saat membeli makanan/minuman,Memengaruhi,Sering,5.0,4.0,4.0,4.0,5.0,5.0,4.0,5.0,4.0,5.0,4.0,5.0,4.0,4.0,5.0,4.0,4.0,2.0,5.0,4.0,5.0,4.0,5.0,5.0,Pembayaran transportasi,Jumlah merchant yang menerima e-wallet,Berniat,4.0,,4.25,4.75,4.5,4.25,3.75,4.75,2,False,3.0,19.0,1.0,3,4,4,2,4,4,4,4,4.0,1,Pengguna Aktif Responsif Promo
452,"Ya, saya bersedia","Ya, saya memenuhi seluruh kriteria tersebut",Laki-Laki,19.0,Semester 2,Kurang dari Rp500.000,Universitas Katolik Indonesia Atma Jaya,"Jarang, 1–2 kali dalam seminggu",Pembelian pulsa / paket data,2.0,LinkAja,LinkAja,6 bulan – kurang dari 1 tahun,Rp25.000 – Rp49.999,Rp100.000 – Rp299.999,Tidak perlu membawa uang tunai,Saat melakukan pembayaran rutin,Memengaruhi,Sering,5.0,4.0,4.0,5.0,4.0,5.0,4.0,5.0,4.0,4.0,4.0,5.0,5.0,4.0,4.0,4.0,4.0,4.0,5.0,5.0,4.0,4.0,4.0,4.0,Transfer gratis,Biaya admin,Sangat berniat,4.0,,4.5,4.5,4.25,4.25,4.5,4.0,1,False,2.0,19.0,2.0,1,2,2,2,2,4,4,5,4.0,1,Pengguna Aktif Responsif Promo
453,"Ya, saya bersedia","Ya, saya memenuhi seluruh kriteria tersebut",Laki-Laki,21.0,Semester 5,Rp500.000 – Rp999.999,Universitas Bina Nusantara,"Cukup sering, 3–5 kali dalam seminggu",Pembelian pulsa / paket data,2.0,DANA,"ShopeePay, LinkAja, iSaku",1 tahun – kurang dari 2 tahun,Rp25.000 – Rp49.999,Rp300.000 – Rp499.999,Tidak perlu membawa uang tunai,Saat melakukan pembayaran rutin,Sangat memengaruhi,Sangat sering,5.0,5.0,5.0,5.0,5.0,5.0,5.0,4.0,5.0,5.0,5.0,5.0,4.0,4.0,4.0,4.0,4.0,5.0,4.0,5.0,5.0,5.0,5.0,4.0,Pembayaran transportasi,Jumlah merchant yang menerima e-wallet,Sangat berniat,5.0,,5.0,4.75,5.0,4.0,4.5,4.75,3,False,2.0,21.0,5.0,2,3,3,2,3,5,5,5,5.0,1,Pengguna Aktif Responsif Promo
454,"Ya, saya bersedia","Ya, saya memenuhi seluruh kriteria tersebut",Perempuan,21.0,Semester 5,Rp1.500.000 – Rp1.999.999,Universitas Maranatha,"Sering, 6–10 kali dalam seminggu",Pembelian makanan/minuman,3.0,DANA,"DANA, GoPay, OVO, ShopeePay, LinkAja",2 tahun – kurang dari 3 tahun,Rp25.000 – Rp49.999,Rp500.000 – Rp999.999,Praktis dan cepat,Saat tidak membawa uang tunai,Sangat memengaruhi,Kadang-kadang,4.0,3.0,3.0,5.0,4.0,4.0,5.0,4.0,4.0,5.0,3.0,4.0,5.0,4.0,4.0,5.0,3.0,4.0,5.0,5.0,4.0,5.0,4.0,4.0,Cashback transaksi,Jumlah promo/cashback,Sangat berniat,3.0,,3.75,4.25,4.0,4.5,4.25,4.25,5,False,3.0,21.0,5.0,4,4,4,2,4,5,3,5,3.0,1,Pengguna Aktif Responsif Promo
455,"Ya, saya bersedia","Ya, saya memenuhi seluruh kriteria tersebut",Laki-Laki,20.0,Semester 4,Rp3.000.000 atau lebih,Universitas Islam Negeri Maulana Malik Ibrahim,"Jarang, 1–2 kali dalam seminggu",Pembelian pulsa / paket data,2.0,LinkAja,LinkAja,6 bulan – kurang dari 1 tahun,Rp25.000 – Rp49.999,Rp100.000 – Rp299.999,Tidak perlu membawa uang tunai,Saat melakukan pembayaran rutin,Memengaruhi,Sering,4.0,4.0,5.0,4.0,5.0,4.0,5.0,5.0,5.0,4.0,5.0,4.0,4.0,5.0,5.0,4.0,5.0,4.0,4.0,4.0,5.0,4.0,5.0,4.0,Cashback transaksi,Jumlah promo/cashback,Berniat,4.0,,4.25,4.75,4.5,4.5,4.25,4.5,1,False,2.0,20.0,4.0,6,2,2,2,2,4,4,4,4.0,1,Pengguna Aktif Responsif Promo
456,"Ya, saya bersedia","Ya, saya memenuhi seluruh kriteria tersebut",Perempuan,22.0,Semester 8,Rp2.000.000 – Rp2.999.999,Universitas Islam Negeri Sumatera Utara,"Cukup sering, 3–5 kali dalam seminggu",Belanja online,2.0,ShopeePay,"GoPay, OVO, ShopeePay",1 tahun – kurang dari 2 tahun,Rp50.000 – Rp99.999,Rp300.000 – Rp499.999,Banyak promo/cashback,Saat belanja online,Sangat memengaruhi,Sering,4.0,5.0,4.0,4.0,4.0,4.0,5.0,4.0,4.0,5.0,4.0,4.0,4.0,5.0,4.0,4.0,5.0,4.0,4.0,4.0,4.0,5.0,5.0,4.0,Pembayaran UKT/kampus,Perlindungan data pribadi,Sangat berniat,4.0,,4.25,4.25,4.25,4.25,4.25,4.5,3,False,2.0,22.0,8.0,5,3,3,3,3,5,4,5,4.0,1,Pengguna Aktif Responsif Promo
457,"Ya, saya bersedia","Ya, saya memenuhi seluruh kriteria tersebut",Perempuan,19.0,Semester 1,Rp1.000.000 – Rp1.499.999,Universitas Veteran Bangun Nusantara,"Sering, 6–10 kali dalam seminggu",Pembelian makanan/minuman,3.0,GoPay,"DANA, GoPay, OVO, ShopeePay",2 tahun – kurang dari 3 tahun,Rp25.000 – Rp49.999,Rp500.000 – Rp999.999,Banyak merchant yang menerima e-wallet,Saat membeli makanan/minuman,Sangat memengaruhi,Sering,4.0,5.0,4.0,4.0,4.0,5.0,5.0,4.0,5.0,4.0,5.0,4.0,5.0,4.0,4.0,5.0,4.0,4.0,2.0,5.0,4.0,5.0,4.0,5.0,Pembayaran transportasi,Jumlah merchant yang menerima e-wallet,Sangat berniat,4.0,,4.25,4.5,4.5,4.5,3.75,4.5,4,False,3.0,19.0,1.0,3,4,4,2,4,5,4,5,4.0,1,Pengguna Aktif Responsif Promo
458,"Ya, saya bersedia","Ya, saya memenuhi seluruh kriteria tersebut",Perempuan,18.0,Semester 1,Rp1.000.000 – Rp1.499.999,Universitas PGRI Madiun,"Sering, 6–10 kali dalam seminggu",Pembelian makanan/minuman,3.0,GoPay,"DANA, GoPay, ShopeePay",2 tahun – kurang dari 3 tahun,Rp25.000 – Rp49.999,Rp500.000 – Rp999.999,Praktis dan cepat,Saat tidak membawa uang tunai,Sangat memengaruhi,Sangat sering,5.0,4.0,5.0,5.0,4.0,4.0,5.0,5.0,5.0,5.0,5.0,5.0,5.0,4.0,4.0,5.0,5.0,5.0,5.0,5.0,5.0,5.0,5.0,5.0,Pembayaran transportasi,Jumlah merchant yang menerima e-wallet,Sangat berniat,5.0,,4.75,4.5,5.0,4.5,5.0,5.0,3,False,3.0,18.0,1.0,3,4,4,2,4,5,5,5,5.0,1,Pengguna Aktif Responsif Promo
459,"Ya, saya bersedia","Ya, saya memenuhi seluruh kriteria tersebut",Perempuan,21.0,Semester 6,Rp500.000 – Rp999.999,Universitas Negeri Yogyakarta,"Sangat sering, lebih dari 10 kali dalam seminggu",Belanja online,4.0,ShopeePay,"DANA, OVO, ShopeePay, LinkAja, iSaku",3 tahun atau lebih,Rp100.000 – Rp199.999,Rp1.000.000 atau lebih,Banyak promo/cashback,Saat belanja online,Sangat memengaruhi,Sangat sering,4.0,4.0,5.0,4.0,5.0,5.0,5.0,5.0,5.0,4.0,4.0,5.0,4.0,5.0,5.0,5.0,4.0,4.0,5.0,4.0,4.0,4.0,5.0,5.0,Integrasi dengan aplikasi belanja/transportasi,Kecepatan transaksi,Sangat berniat,4.0,,4.25,5.0,4.5,4.75,4.25,4.5,5,False,4.0,21.0,6.0,2,5,5,4,5,5,5,5,4.0,1,Pengguna Aktif Responsif Promo
460,"Ya, saya bersedia","Ya, saya memenuhi seluruh kriteria tersebut",Laki-Laki,19.0,Semester 2,Rp1.000.000 – Rp1.499.999,Universitas Islam Negeri Ar-Raniry,"Sering, 6–10 kali dalam seminggu",Transfer ke teman / orang lain,3.0,OVO,"DANA, GoPay, OVO, ShopeePay, LinkAja",2 tahun – kurang dari 3 tahun,Rp100.000 – Rp199.999,Rp500.000 – Rp999.999,Mudah untuk transfer uang,Saat transfer ke teman/keluarga,Memengaruhi,Sangat sering,3.0,5.0,4.0,4.0,5.0,3.0,4.0,5.0,5.0,3.0,4.0,4.0,3.0,3.0,4.0,5.0,5.0,3.0,4.0,4.0,5.0,4.0,5.0,3.0,Integrasi dengan aplikasi belanja/transportasi,Kecepatan transaksi,Berniat,5.0,,4.0,4.25,4.0,3.75,4.0,4.25,5,False,3.0,19.0,2.0,3,4,4,4,4,4,5,4,5.0,1,Pengguna Aktif Responsif Promo
461,"Ya, saya bersedia","Ya, saya memenuhi seluruh kriteria tersebut",Perempuan,19.0,Semester 2,Kurang dari Rp500.000,Universitas Islam Indonesia,"Cukup sering, 3–5 kali dalam seminggu",Pembelian makanan/minuman,2.0,GoPay,DANA,1 tahun – kurang dari 2 tahun,Rp25.000 – Rp49.999,Rp300.000 – Rp499.999,Praktis dan cepat,Saat tidak membawa uang tunai,Sangat tidak memengaruhi,Jarang,2.0,2.0,3.0,1.0,2.0,1.0,1.0,1.0,1.0,1.0,2.0,2.0,2.0,2.0,2.0,1.0,2.0,2.0,2.0,2.0,2.0,2.0,2.0,2.0,Cashback transaksi,Jumlah promo/cashback,Tidak berniat,2.0,,2.0,1.25,1.5,1.75,2.0,2.0,1,False,2.0,19.0,2.0,1,3,3,2,3,1,2,2,2.0,2,Pengguna Positif Moderat/Selektif
462,"Ya, saya bersedia","Ya, saya memenuhi seluruh kriteria tersebut",Perempuan,21.0,Semester 6,Rp1.000.000 – Rp1.499.999,Universitas Jenderal Soedirman,"Sering, 6–10 kali dalam seminggu",Pembelian makanan/minuman,3.0,OVO,"DANA, OVO, ShopeePay",2 tahun – kurang dari 3 tahun,Rp25.000 – Rp49.999,Rp500.000 – Rp999.999,Banyak merchant yang menerima e-wallet,Saat membeli makanan/minuman,Sangat memengaruhi,Sangat sering,4.0,4.0,4.0,5.0,5.0,4.0,4.0,5.0,5.0,4.0,4.0,4.0,4.0,4.0,5.0,5.0,4.0,4.0,4.0,4.0,5.0,5.0,4.0,5.0,Pembayaran UKT/kampus,Perlindungan data pribadi,Sangat berniat,4.0,,4.25,4.5,4.25,4.5,4.0,4.75,3,False,3.0,21.0,6.0,3,4,4,2,4,5,5,5,4.0,1,Pengguna Aktif Responsif Promo
463,"Ya, saya bersedia","Ya, saya memenuhi seluruh kriteria tersebut",Perempuan,18.0,Semester 2,Rp1.000.000 – Rp1.499.999,Universitas Muhammadiyah Surakarta,"Sangat sering, lebih dari 10 kali dalam seminggu",Belanja online,4.0,ShopeePay,"DANA, GoPay, OVO, ShopeePay",3 tahun atau lebih,Rp100.000 – Rp199.999,Rp1.000.000 atau lebih,Banyak promo/cashback,Saat belanja online,Sangat tidak memengaruhi,Tidak pernah,2.0,2.0,2.0,1.0,1.0,2.0,1.0,1.0,1.0,3.0,3.0,1.0,1.0,3.0,2.0,2.0,1.0,1.0,1.0,2.0,2.0,1.0,1.0,2.0,Promo makanan/minuman,Jumlah promo/cashback,Tidak berniat,2.0,,1.75,1.25,2.0,2.0,1.25,1.5,4,False,4.0,18.0,2.0,3,5,5,4,5,1,1,2,2.0,2,Pengguna Positif Moderat/Selektif
464,"Ya, saya bersedia","Ya, saya memenuhi seluruh kriteria tersebut",Laki-Laki,22.0,Semester 8,Rp1.500.000 – Rp1.999.999,Universitas Islam Majapahit,"Jarang, 1–2 kali dalam seminggu",Pembelian pulsa / paket data,2.0,LinkAja,"DANA, GoPay, OVO, ShopeePay, LinkAja, Sakuku",6 bulan – kurang dari 1 tahun,Rp25.000 – Rp49.999,Rp100.000 – Rp299.999,Tidak perlu membawa uang tunai,Saat melakukan pembayaran rutin,Sangat tidak memengaruhi,Tidak pernah,1.0,1.0,1.0,1.0,2.0,1.0,2.0,1.0,2.0,2.0,1.0,2.0,2.0,1.0,2.0,2.0,2.0,2.0,2.0,1.0,2.0,1.0,2.0,2.0,Promo makanan/minuman,Jumlah promo/cashback,Sangat tidak berniat,2.0,,1.0,1.5,1.75,1.75,1.75,1.75,6,False,2.0,22.0,8.0,4,2,2,2,2,1,1,1,2.0,2,Pengguna Positif Moderat/Selektif
465,"Ya, saya bersedia","Ya, saya memenuhi seluruh kriteria tersebut",Perempuan,22.0,Semester 8,Rp2.000.000 – Rp2.999.999,Universitas Langlangbuana,"Sangat sering, lebih dari 10 kali dalam seminggu",Belanja online,4.0,ShopeePay,"DANA, GoPay, OVO, ShopeePay, LinkAja, iSaku",3 tahun atau lebih,Rp100.000 – Rp199.999,Rp1.000.000 atau lebih,Banyak promo/cashback,Saat belanja online,Memengaruhi,Sering,4.0,4.0,4.0,2.0,4.0,4.0,4.0,4.0,4.0,4.0,4.0,5.0,4.0,5.0,5.0,5.0,4.0,5.0,5.0,5.0,5.0,4.0,5.0,5.0,Pembayaran UKT/kampus,Perlindungan data pribadi,Sangat berniat,4.0,,3.5,4.0,4.25,4.75,4.75,4.75,6,False,4.0,22.0,8.0,5,5,5,4,5,4,4,5,4.0,1,Pengguna Aktif Responsif Promo
466,"Ya, saya bersedia","Ya, saya memenuhi seluruh kriteria tersebut",Perempuan,19.0,Semester 1,Rp2.000.000 – Rp2.999.999,Universitas Islam Negeri Walisongo,"Cukup sering, 3–5 kali dalam seminggu",Belanja online,2.0,ShopeePay,"DANA, OVO, ShopeePay",1 tahun – kurang dari 2 tahun,Rp50.000 – Rp99.999,Rp300.000 – Rp499.999,Mudah untuk belanja online,Saat belanja online,Sangat memengaruhi,Sering,4.0,4.0,5.0,4.0,4.0,5.0,5.0,4.0,5.0,5.0,5.0,4.0,4.0,5.0,5.0,4.0,5.0,4.0,4.0,5.0,4.0,4.0,5.0,4.0,Pembayaran transportasi,Jumlah merchant yang menerima e-wallet,Berniat,4.0,,4.25,4.5,4.75,4.5,4.5,4.25,3,False,2.0,19.0,1.0,5,3,3,3,3,5,4,4,4.0,1,Pengguna Aktif Responsif Promo
467,"Ya, saya bersedia","Ya, saya memenuhi seluruh kriteria tersebut",Laki-Laki,18.0,Semester 1,Rp1.000.000 – Rp1.499.999,Universitas Pembangunan Nasional Veteran Jatim,"Sangat sering, lebih dari 10 kali dalam seminggu",Belanja online,4.0,ShopeePay,"GoPay, OVO, ShopeePay, LinkAja",3 tahun atau lebih,Rp100.000 – Rp199.999,Rp1.000.000 atau lebih,Mudah untuk belanja online,Saat belanja online,Sangat memengaruhi,Sering,4.0,5.0,4.0,4.0,4.0,5.0,4.0,5.0,5.0,3.0,4.0,4.0,5.0,5.0,4.0,5.0,4.0,4.0,4.0,5.0,3.0,4.0,5.0,3.0,Transfer gratis,Biaya admin,Berniat,5.0,,4.25,4.5,4.0,4.75,4.25,3.75,4,False,4.0,18.0,1.0,3,5,5,4,5,5,4,4,5.0,1,Pengguna Aktif Responsif Promo
468,"Ya, saya bersedia","Ya, saya memenuhi seluruh kriteria tersebut",Laki-Laki,20.0,Semester 4,Rp2.000.000 – Rp2.999.999,Universitas Widya Dharma,"Sangat sering, lebih dari 10 kali dalam seminggu",Belanja online,4.0,ShopeePay,"DANA, GoPay, OVO, ShopeePay, LinkAja",3 tahun atau lebih,Rp50.000 – Rp99.999,Rp1.000.000 atau lebih,Banyak promo/cashback,Saat belanja online,Memengaruhi,Sering,2.0,5.0,4.0,5.0,4.0,4.0,4.0,4.0,4.0,5.0,4.0,4.0,5.0,4.0,4.0,4.0,5.0,5.0,4.0,4.0,4.0,5.0,4.0,5.0,Transfer gratis,Biaya admin,Berniat,4.0,,4.0,4.0,4.25,4.25,4.5,4.5,5,False,4.0,20.0,4.0,5,5,5,3,5,4,4,4,4.0,1,Pengguna Aktif Responsif Promo
469,"Ya, saya bersedia","Ya, saya memenuhi seluruh kriteria tersebut",Perempuan,20.0,Semester 4,Rp500.000 – Rp999.999,Universitas Bakrie,"Sering, 6–10 kali dalam seminggu",Pembelian makanan/minuman,3.0,OVO,"DANA, GoPay, LinkAja",2 tahun – kurang dari 3 tahun,Rp25.000 – Rp49.999,Rp500.000 – Rp999.999,Praktis dan cepat,Saat tidak membawa uang tunai,Sangat memengaruhi,Sering,5.0,4.0,4.0,4.0,5.0,4.0,5.0,4.0,4.0,4.0,5.0,4.0,4.0,5.0,5.0,5.0,4.0,5.0,4.0,4.0,4.0,5.0,5.0,4.0,Integrasi dengan aplikasi belanja/transportasi,Kecepatan transaksi,Berniat,5.0,,4.25,4.5,4.25,4.75,4.25,4.5,3,False,3.0,20.0,4.0,2,4,4,2,4,5,4,4,5.0,1,Pengguna Aktif Responsif Promo
470,"Ya, saya bersedia","Ya, saya memenuhi seluruh kriteria tersebut",Laki-Laki,19.0,Semester 2,Kurang dari Rp500.000,Universitas Borobudur,"Cukup sering, 3–5 kali dalam seminggu",Transfer ke teman / orang lain,2.0,DANA,"DANA, OVO, ShopeePay",1 tahun – kurang dari 2 tahun,Rp100.000 – Rp199.999,Rp300.000 – Rp499.999,Mudah untuk transfer uang,Saat transfer ke teman/keluarga,Sangat tidak memengaruhi,Tidak pernah,1.0,2.0,1.0,2.0,1.0,2.0,1.0,3.0,2.0,3.0,2.0,1.0,2.0,2.0,1.0,2.0,1.0,1.0,2.0,2.0,1.0,2.0,1.0,2.0,Transfer gratis,Biaya admin,Tidak berniat,2.0,,1.5,1.75,2.0,1.75,1.5,1.5,3,False,2.0,19.0,2.0,1,3,3,4,3,1,1,2,2.0,2,Pengguna Positif Moderat/Selektif
471,"Ya, saya bersedia","Ya, saya memenuhi seluruh kriteria tersebut",Laki-Laki,18.0,Semester 2,Kurang dari Rp500.000,Universitas Sriwijaya,"Sangat jarang, kurang dari 1 kali dalam seminggu",Pembelian pulsa / paket data,1.0,ShopeePay,"DANA, GoPay",6 bulan – kurang dari 1 tahun,Rp25.000 – Rp49.999,Kurang dari Rp100.000,Tidak perlu membawa uang tunai,Saat ada promo/cashback,Sangat tidak memengaruhi,Tidak pernah,2.0,2.0,2.0,2.0,2.0,1.0,1.0,1.0,1.0,2.0,2.0,1.0,1.0,1.0,2.0,2.0,1.0,1.0,2.0,2.0,2.0,2.0,1.0,2.0,Integrasi dengan aplikasi belanja/transportasi,Kecepatan transaksi,Sangat tidak berniat,2.0,,2.0,1.25,1.5,1.5,1.5,1.75,2,False,1.0,18.0,2.0,1,1,2,2,1,1,1,1,2.0,2,Pengguna Positif Moderat/Selektif
472,"Ya, saya bersedia","Ya, saya memenuhi seluruh kriteria tersebut",Perempuan,20.0,Semester 3,Kurang dari Rp500.000,Universitas Islam Malang,"Sangat sering, lebih dari 10 kali dalam seminggu",Pembelian makanan/minuman,4.0,GoPay,"DANA, GoPay, OVO, ShopeePay, LinkAja, iSaku",3 tahun atau lebih,Rp50.000 – Rp99.999,Rp1.000.000 atau lebih,Praktis dan cepat,Saat membeli makanan/minuman,Sangat tidak memengaruhi,Tidak pernah,2.0,2.0,1.0,2.0,2.0,3.0,1.0,3.0,2.0,2.0,1.0,2.0,1.0,2.0,2.0,1.0,2.0,1.0,2.0,1.0,2.0,2.0,1.0,2.0,Transfer gratis,Biaya admin,Tidak berniat,1.0,,1.75,2.25,1.75,1.5,1.5,1.75,6,False,4.0,20.0,3.0,1,5,5,3,5,1,1,2,1.0,2,Pengguna Positif Moderat/Selektif
473,"Ya, saya bersedia","Ya, saya memenuhi seluruh kriteria tersebut",Perempuan,22.0,Semester 8,Rp1.000.000 – Rp1.499.999,Universitas Negeri Jakarta,"Cukup sering, 3–5 kali dalam seminggu",Transportasi,2.0,ShopeePay,"OVO, ShopeePay",1 tahun – kurang dari 2 tahun,Rp25.000 – Rp49.999,Rp300.000 – Rp499.999,Banyak promo/cashback,Saat belanja online,Sangat memengaruhi,Sangat sering,5.0,4.0,4.0,5.0,4.0,4.0,5.0,5.0,5.0,4.0,4.0,4.0,5.0,5.0,4.0,5.0,4.0,5.0,5.0,4.0,5.0,4.0,5.0,5.0,Transfer gratis,Biaya admin,Berniat,5.0,,4.5,4.5,4.25,4.75,4.5,4.75,2,False,2.0,22.0,8.0,3,3,3,2,3,5,5,4,5.0,1,Pengguna Aktif Responsif Promo
474,"Ya, saya bersedia","Ya, saya memenuhi seluruh kriteria tersebut",Perempuan,18.0,Semester 1,Rp1.500.000 – Rp1.999.999,Universitas Sumatera Utara,"Cukup sering, 3–5 kali dalam seminggu",Transportasi,2.0,ShopeePay,"OVO, ShopeePay",1 tahun – kurang dari 2 tahun,Rp25.000 – Rp49.999,Rp300.000 – Rp499.999,Banyak promo/cashback,Saat belanja online,Tidak memengaruhi,Tidak pernah,2.0,2.0,1.0,1.0,1.0,1.0,3.0,1.0,2.0,1.0,1.0,1.0,1.0,2.0,1.0,2.0,3.0,2.0,2.0,1.0,2.0,2.0,1.0,2.0,Top-up mudah dan murah,Kemudahan top-up,Tidak berniat,2.0,,1.5,1.5,1.25,1.5,2.0,1.75,2,False,2.0,18.0,1.0,4,3,3,2,3,2,1,2,2.0,2,Pengguna Positif Moderat/Selektif
475,"Ya, saya bersedia","Ya, saya memenuhi seluruh kriteria tersebut",Perempuan,22.0,Semester 8,Rp2.000.000 – Rp2.999.999,Universitas Padjadjaran,"Sering, 6–10 kali dalam seminggu",Pembelian makanan/minuman,3.0,GoPay,"DANA, GoPay, OVO",2 tahun – kurang dari 3 tahun,Rp25.000 – Rp49.999,Rp500.000 – Rp999.999,Praktis dan cepat,Saat membeli makanan/minuman,Sangat tidak memengaruhi,Tidak pernah,2.0,2.0,2.0,1.0,1.0,2.0,1.0,1.0,1.0,1.0,1.0,1.0,1.0,1.0,2.0,2.0,1.0,1.0,1.0,2.0,2.0,1.0,1.0,2.0,Top-up mudah dan murah,Biaya admin,Tidak berniat,2.0,,1.75,1.25,1.0,1.5,1.25,1.5,3,False,3.0,22.0,8.0,5,4,4,2,4,1,1,2,2.0,2,Pengguna Positif Moderat/Selektif
476,"Ya, saya bersedia","Ya, saya memenuhi seluruh kriteria tersebut",Perempuan,21.0,Semester 5,Rp3.000.000 atau lebih,Universitas Negeri Malang,"Sangat sering, lebih dari 10 kali dalam seminggu",Belanja online,4.0,ShopeePay,"DANA, GoPay, OVO, ShopeePay, LinkAja",3 tahun atau lebih,Rp50.000 – Rp99.999,Rp1.000.000 atau lebih,Banyak promo/cashback,Saat belanja online,Sangat memengaruhi,Sangat sering,4.0,4.0,4.0,4.0,4.0,5.0,4.0,5.0,5.0,4.0,5.0,5.0,5.0,4.0,5.0,4.0,4.0,4.0,5.0,4.0,5.0,4.0,5.0,4.0,Integrasi dengan aplikasi belanja/transportasi,Kecepatan transaksi,Sangat berniat,4.0,,4.0,4.5,4.75,4.5,4.25,4.5,5,False,4.0,21.0,5.0,6,5,5,3,5,5,5,5,4.0,1,Pengguna Aktif Responsif Promo
477,"Ya, saya bersedia","Ya, saya memenuhi seluruh kriteria tersebut",Laki-Laki,21.0,Semester 6,Kurang dari Rp500.000,Universitas Telkom,"Sering, 6–10 kali dalam seminggu",Pembelian makanan/minuman,3.0,DANA,"DANA, GoPay, OVO",2 tahun – kurang dari 3 tahun,Rp25.000 – Rp49.999,Rp500.000 – Rp999.999,Banyak merchant yang menerima e-wallet,Saat membeli makanan/minuman,Sangat memengaruhi,Sangat sering,5.0,4.0,4.0,5.0,4.0,4.0,5.0,5.0,5.0,4.0,4.0,4.0,5.0,5.0,4.0,5.0,4.0,5.0,5.0,4.0,5.0,4.0,5.0,5.0,Top-up mudah dan murah,Keamanan akun,Berniat,5.0,,4.5,4.5,4.25,4.75,4.5,4.75,3,False,3.0,21.0,6.0,1,4,4,2,4,5,5,4,5.0,1,Pengguna Aktif Responsif Promo
478,"Ya, saya bersedia","Ya, saya memenuhi seluruh kriteria tersebut",Perempuan,22.0,Semester 7,Rp1.500.000 – Rp1.999.999,Institut Teknologi Bandung,"Cukup sering, 3–5 kali dalam seminggu",Belanja online,2.0,ShopeePay,"GoPay, OVO, ShopeePay",1 tahun – kurang dari 2 tahun,Rp50.000 – Rp99.999,Rp300.000 – Rp499.999,Mudah untuk belanja online,Saat ada promo/cashback,Sangat memengaruhi,Sangat sering,4.0,4.0,5.0,5.0,4.0,4.0,5.0,5.0,4.0,4.0,5.0,4.0,5.0,5.0,4.0,5.0,5.0,4.0,4.0,4.0,5.0,4.0,4.0,4.0,Integrasi dengan aplikasi belanja/transportasi,Kecepatan transaksi,Sangat berniat,4.0,,4.5,4.5,4.25,4.75,4.25,4.25,3,False,2.0,22.0,7.0,4,3,3,3,3,5,5,5,4.0,1,Pengguna Aktif Responsif Promo
479,"Ya, saya bersedia","Ya, saya memenuhi seluruh kriteria tersebut",Perempuan,18.0,Semester 1,Rp1.000.000 – Rp1.499.999,Universitas Diponegoro,"Sangat sering, lebih dari 10 kali dalam seminggu",Belanja online,4.0,ShopeePay,"DANA, GoPay, OVO, ShopeePay, LinkAja",3 tahun atau lebih,Rp50.000 – Rp99.999,Rp1.000.000 atau lebih,Banyak promo/cashback,Saat belanja online,Memengaruhi,Sangat sering,4.0,4.0,5.0,4.0,4.0,5.0,5.0,4.0,5.0,5.0,4.0,4.0,5.0,4.0,5.0,4.0,5.0,5.0,4.0,5.0,5.0,4.0,4.0,4.0,Pembayaran transportasi,Jumlah merchant yang menerima e-wallet,Berniat,5.0,,4.25,4.5,4.5,4.5,4.75,4.25,5,False,4.0,18.0,1.0,3,5,5,3,5,4,5,4,5.0,1,Pengguna Aktif Responsif Promo
480,"Ya, saya bersedia","Ya, saya memenuhi seluruh kriteria tersebut",Laki-Laki,21.0,Semester 5,Rp1.500.000 – Rp1.999.999,Universitas Islam Negeri Alauddin,"Jarang, 1–2 kali dalam seminggu",Pembelian pulsa / paket data,2.0,DANA,"DANA, GoPay, LinkAja",6 bulan – kurang dari 1 tahun,Rp25.000 – Rp49.999,Rp100.000 – Rp299.999,Tidak perlu membawa uang tunai,Saat melakukan pembayaran rutin,Sangat memengaruhi,Sering,4.0,5.0,5.0,4.0,5.0,4.0,4.0,4.0,5.0,4.0,4.0,4.0,5.0,4.0,5.0,5.0,5.0,4.0,4.0,4.0,4.0,4.0,5.0,4.0,Keamanan akun yang lebih kuat,Keamanan akun,Berniat,5.0,,4.5,4.25,4.25,4.75,4.25,4.25,3,False,2.0,21.0,5.0,4,2,2,2,2,5,4,4,5.0,1,Pengguna Aktif Responsif Promo
481,"Ya, saya bersedia","Ya, saya memenuhi seluruh kriteria tersebut",Perempuan,21.0,Semester 5,Rp3.000.000 atau lebih,Universitas Padjadjaran,"Sangat jarang, kurang dari 1 kali dalam seminggu",Pembayaran tagihan,1.0,DANA,"DANA, GoPay, OVO, ShopeePay",6 bulan – kurang dari 1 tahun,Rp100.000 – Rp199.999,Kurang dari Rp100.000,Mudah untuk transfer uang,Saat melakukan pembayaran rutin,Sangat memengaruhi,Sangat sering,4.0,5.0,5.0,5.0,5.0,4.0,5.0,5.0,5.0,5.0,5.0,4.0,5.0,5.0,5.0,5.0,4.0,5.0,5.0,5.0,4.0,5.0,5.0,5.0,Keamanan akun yang lebih kuat,Keamanan akun,Sangat berniat,5.0,,4.75,4.75,4.75,5.0,4.75,4.75,4,False,1.0,21.0,5.0,6,1,2,4,1,5,5,5,5.0,1,Pengguna Aktif Responsif Promo
482,"Ya, saya bersedia","Ya, saya memenuhi seluruh kriteria tersebut",Perempuan,22.0,Semester 7,Rp3.000.000 atau lebih,Universitas Amikom Yogyakarta,"Sering, 6–10 kali dalam seminggu",Pembelian makanan/minuman,3.0,OVO,"DANA, OVO, ShopeePay",2 tahun – kurang dari 3 tahun,Rp25.000 – Rp49.999,Rp500.000 – Rp999.999,Banyak merchant yang menerima e-wallet,Saat membeli makanan/minuman,Memengaruhi,Sering,4.0,5.0,4.0,4.0,5.0,4.0,5.0,4.0,5.0,5.0,5.0,4.0,4.0,4.0,4.0,5.0,4.0,5.0,4.0,4.0,4.0,5.0,4.0,4.0,Cashback transaksi,Jumlah promo/cashback,Sangat berniat,4.0,,4.25,4.5,4.75,4.25,4.25,4.25,3,False,3.0,22.0,7.0,6,4,4,2,4,4,4,5,4.0,1,Pengguna Aktif Responsif Promo
483,"Ya, saya bersedia","Ya, saya memenuhi seluruh kriteria tersebut",Laki-Laki,19.0,Semester 2,Rp500.000 – Rp999.999,Universitas Udayana,"Jarang, 1–2 kali dalam seminggu",Belanja online,2.0,ShopeePay,"OVO, ShopeePay",2 tahun – kurang dari 3 tahun,Rp50.000 – Rp99.999,Rp100.000 – Rp299.999,Mudah untuk belanja online,Saat ada promo/cashback,Sangat memengaruhi,Sangat sering,5.0,5.0,5.0,5.0,5.0,5.0,4.0,5.0,5.0,4.0,5.0,5.0,4.0,5.0,5.0,5.0,5.0,4.0,5.0,5.0,4.0,5.0,5.0,4.0,Promo makanan/minuman,Jumlah promo/cashback,Sangat berniat,4.0,,5.0,4.75,4.75,4.75,4.75,4.5,2,False,2.0,19.0,2.0,2,2,4,3,2,5,5,5,4.0,1,Pengguna Aktif Responsif Promo
484,"Ya, saya bersedia","Ya, saya memenuhi seluruh kriteria tersebut",Laki-Laki,21.0,Semester 6,Rp1.000.000 – Rp1.499.999,Universitas Esa Unggul,"Sering, 6–10 kali dalam seminggu",Pembelian makanan/minuman,3.0,GoPay,"DANA, GoPay, OVO, LinkAja",2 tahun – kurang dari 3 tahun,Rp25.000 – Rp49.999,Rp500.000 – Rp999.999,Praktis dan cepat,Saat tidak membawa uang tunai,Memengaruhi,Sering,5.0,4.0,4.0,5.0,5.0,4.0,4.0,4.0,5.0,4.0,4.0,5.0,5.0,5.0,4.0,5.0,5.0,4.0,4.0,5.0,4.0,4.0,4.0,4.0,Integrasi dengan aplikasi belanja/transportasi,Kecepatan transaksi,Berniat,5.0,,4.5,4.25,4.5,4.75,4.5,4.0,4,False,3.0,21.0,6.0,3,4,4,2,4,4,4,4,5.0,1,Pengguna Aktif Responsif Promo
485,"Ya, saya bersedia","Ya, saya memenuhi seluruh kriteria tersebut",Laki-Laki,20.0,Semester 3,Kurang dari Rp500.000,Universitas Mercu Buana Yogyakarta,"Sangat sering, lebih dari 10 kali dalam seminggu",Pembelian makanan/minuman,4.0,GoPay,"DANA, GoPay, ShopeePay, LinkAja",3 tahun atau lebih,Rp50.000 – Rp99.999,Rp1.000.000 atau lebih,Praktis dan cepat,Saat membeli makanan/minuman,Sangat tidak memengaruhi,Jarang,2.0,1.0,2.0,2.0,3.0,1.0,3.0,2.0,2.0,1.0,2.0,1.0,2.0,2.0,1.0,2.0,1.0,2.0,1.0,2.0,2.0,1.0,2.0,2.0,Transfer gratis,Biaya admin,Sangat tidak berniat,1.0,,1.75,2.25,1.5,1.75,1.5,1.75,4,False,4.0,20.0,3.0,1,5,5,3,5,1,2,1,1.0,2,Pengguna Positif Moderat/Selektif
486,"Ya, saya bersedia","Ya, saya memenuhi seluruh kriteria tersebut",Laki-Laki,22.0,Semester 8,Rp2.000.000 – Rp2.999.999,Universitas Diponegoro,"Cukup sering, 3–5 kali dalam seminggu",Belanja online,2.0,ShopeePay,"DANA, OVO, ShopeePay",1 tahun – kurang dari 2 tahun,Rp50.000 – Rp99.999,Rp300.000 – Rp499.999,Banyak promo/cashback,Saat belanja online,Memengaruhi,Sering,5.0,4.0,4.0,4.0,4.0,5.0,4.0,4.0,5.0,4.0,4.0,4.0,5.0,4.0,4.0,5.0,4.0,4.0,4.0,4.0,5.0,5.0,4.0,5.0,Pembayaran UKT/kampus,Perlindungan data pribadi,Berniat,5.0,,4.25,4.25,4.25,4.5,4.0,4.75,3,False,2.0,22.0,8.0,5,3,3,3,3,4,4,4,5.0,1,Pengguna Aktif Responsif Promo
487,"Ya, saya bersedia","Ya, saya memenuhi seluruh kriteria tersebut",Laki-Laki,21.0,Semester 5,Rp500.000 – Rp999.999,Universitas Jenderal Soedirman,"Sangat sering, lebih dari 10 kali dalam seminggu",Transfer ke teman / orang lain,4.0,DANA,"DANA, GoPay, OVO, ShopeePay, LinkAja, iSaku",3 tahun atau lebih,Rp100.000 – Rp199.999,Rp1.000.000 atau lebih,Mudah untuk transfer uang,Saat transfer ke teman/keluarga,Memengaruhi,Sering,5.0,4.0,4.0,4.0,5.0,4.0,4.0,5.0,5.0,4.0,4.0,5.0,4.0,4.0,4.0,4.0,4.0,4.0,5.0,4.0,4.0,4.0,4.0,5.0,Transfer gratis,Biaya admin,Berniat,5.0,,4.25,4.5,4.5,4.0,4.25,4.25,6,False,4.0,21.0,5.0,2,5,5,4,5,4,4,4,5.0,1,Pengguna Aktif Responsif Promo
488,"Ya, saya bersedia","Ya, saya memenuhi seluruh kriteria tersebut",Perempuan,21.0,Semester 6,Rp500.000 – Rp999.999,Universitas Negeri Malang,"Sangat sering, lebih dari 10 kali dalam seminggu",Belanja online,4.0,ShopeePay,"DANA, GoPay, OVO, ShopeePay, LinkAja",3 tahun atau lebih,Rp100.000 – Rp199.999,Rp1.000.000 atau lebih,Banyak promo/cashback,Saat belanja online,Sangat memengaruhi,Sering,4.0,5.0,4.0,5.0,5.0,5.0,5.0,5.0,4.0,4.0,5.0,4.0,5.0,5.0,5.0,4.0,4.0,5.0,4.0,4.0,4.0,5.0,5.0,5.0,Integrasi dengan aplikasi belanja/transportasi,Kecepatan transaksi,Berniat,5.0,,4.5,5.0,4.25,4.75,4.25,4.75,5,False,4.0,21.0,6.0,2,5,5,4,5,5,4,4,5.0,1,Pengguna Aktif Responsif Promo
489,"Ya, saya bersedia","Ya, saya memenuhi seluruh kriteria tersebut",Perempuan,23.0,Semester 9 atau lebih,Rp500.000 – Rp999.999,Universitas Brawijaya,"Sering, 6–10 kali dalam seminggu",Pembelian makanan/minuman,3.0,DANA,"DANA, GoPay, OVO, ShopeePay, LinkAja",2 tahun – kurang dari 3 tahun,Rp25.000 – Rp49.999,Rp500.000 – Rp999.999,Praktis dan cepat,Saat membeli makanan/minuman,Memengaruhi,Sering,4.0,5.0,4.0,4.0,4.0,4.0,4.0,5.0,5.0,4.0,4.0,4.0,4.0,5.0,4.0,4.0,5.0,5.0,4.0,4.0,5.0,5.0,4.0,4.0,Promo makanan/minuman,Jumlah promo/cashback,Berniat,5.0,,4.25,4.25,4.25,4.25,4.5,4.5,5,False,3.0,23.0,9.0,2,4,4,2,4,4,4,4,5.0,1,Pengguna Aktif Responsif Promo
490,"Ya, saya bersedia","Ya, saya memenuhi seluruh kriteria tersebut",Laki-Laki,21.0,Semester 6,Kurang dari Rp500.000,Universitas Negeri Papua,"Cukup sering, 3–5 kali dalam seminggu",Belanja online,2.0,ShopeePay,"GoPay, OVO, ShopeePay",1 tahun – kurang dari 2 tahun,Rp50.000 – Rp99.999,Rp300.000 – Rp499.999,Mudah untuk belanja online,Saat ada promo/cashback,Sangat memengaruhi,Sering,4.0,5.0,4.0,4.0,4.0,4.0,5.0,5.0,5.0,5.0,4.0,4.0,5.0,5.0,4.0,4.0,5.0,4.0,4.0,5.0,4.0,5.0,5.0,4.0,Keamanan akun yang lebih kuat,Keamanan akun,Berniat,4.0,,4.25,4.5,4.5,4.5,4.5,4.5,3,False,2.0,21.0,6.0,1,3,3,3,3,5,4,4,4.0,1,Pengguna Aktif Responsif Promo
491,"Ya, saya bersedia","Ya, saya memenuhi seluruh kriteria tersebut",Perempuan,20.0,Semester 4,Rp1.000.000 – Rp1.499.999,Universitas Airlangga,"Jarang, 1–2 kali dalam seminggu",Pembelian pulsa / paket data,2.0,iSaku,"LinkAja, iSaku",6 bulan – kurang dari 1 tahun,Rp25.000 – Rp49.999,Rp100.000 – Rp299.999,Tidak perlu membawa uang tunai,Saat melakukan pembayaran rutin,Memengaruhi,Sering,5.0,4.0,4.0,4.0,5.0,4.0,4.0,4.0,4.0,4.0,4.0,5.0,5.0,4.0,4.0,4.0,5.0,5.0,4.0,4.0,4.0,4.0,4.0,5.0,Pembayaran transportasi,Jumlah merchant yang menerima e-wallet,Sangat berniat,5.0,,4.25,4.25,4.25,4.25,4.5,4.25,2,False,2.0,20.0,4.0,3,2,2,2,2,4,4,5,5.0,1,Pengguna Aktif Responsif Promo
492,"Ya, saya bersedia","Ya, saya memenuhi seluruh kriteria tersebut",Laki-Laki,22.0,Semester 8,Rp1.500.000 – Rp1.999.999,Universitas Negeri Surabaya,"Jarang, 1–2 kali dalam seminggu",Pembelian pulsa / paket data,2.0,iSaku,iSaku,6 bulan – kurang dari 1 tahun,Rp25.000 – Rp49.999,Rp100.000 – Rp299.999,Tidak perlu membawa uang tunai,Saat melakukan pembayaran rutin,Sangat memengaruhi,Sangat sering,5.0,4.0,4.0,4.0,4.0,5.0,4.0,5.0,4.0,5.0,5.0,4.0,5.0,4.0,5.0,5.0,5.0,4.0,4.0,5.0,4.0,5.0,4.0,4.0,Pembayaran transportasi,Jumlah merchant yang menerima e-wallet,Sangat berniat,4.0,,4.25,4.5,4.5,4.75,4.5,4.25,1,False,2.0,22.0,8.0,4,2,2,2,2,5,5,5,4.0,1,Pengguna Aktif Responsif Promo
493,"Ya, saya bersedia","Ya, saya memenuhi seluruh kriteria tersebut",Perempuan,23.0,Semester 9 atau lebih,Rp2.000.000 – Rp2.999.999,Universitas Islam Negeri Mataram,"Cukup sering, 3–5 kali dalam seminggu",Transfer ke teman / orang lain,2.0,DANA,"ShopeePay, LinkAja",1 tahun – kurang dari 2 tahun,Rp100.000 – Rp199.999,Rp300.000 – Rp499.999,Mudah untuk transfer uang,Saat transfer ke teman/keluarga,Sangat memengaruhi,Sangat sering,3.0,4.0,4.0,5.0,4.0,4.0,4.0,5.0,4.0,5.0,4.0,4.0,5.0,4.0,4.0,5.0,5.0,3.0,4.0,4.0,4.0,5.0,4.0,4.0,Pembayaran UKT/kampus,Perlindungan data pribadi,Sangat berniat,5.0,,4.0,4.25,4.25,4.5,4.0,4.25,2,False,2.0,23.0,9.0,5,3,3,4,3,5,5,5,5.0,1,Pengguna Aktif Responsif Promo
494,"Ya, saya bersedia","Ya, saya memenuhi seluruh kriteria tersebut",Perempuan,19.0,Semester 2,Kurang dari Rp500.000,Universitas Negeri Jakarta,"Jarang, 1–2 kali dalam seminggu",Pembelian pulsa / paket data,2.0,LinkAja,LinkAja,6 bulan – kurang dari 1 tahun,Rp25.000 – Rp49.999,Rp100.000 – Rp299.999,Tidak perlu membawa uang tunai,Saat melakukan pembayaran rutin,Memengaruhi,Sering,4.0,5.0,4.0,4.0,5.0,4.0,5.0,4.0,5.0,4.0,4.0,4.0,5.0,5.0,4.0,4.0,4.0,4.0,4.0,5.0,5.0,4.0,4.0,4.0,Transfer gratis,Biaya admin,Berniat,5.0,,4.25,4.5,4.25,4.5,4.25,4.25,1,False,2.0,19.0,2.0,1,2,2,2,2,4,4,4,5.0,1,Pengguna Aktif Responsif Promo
495,"Ya, saya bersedia","Ya, saya memenuhi seluruh kriteria tersebut",Perempuan,22.0,Semester 8,Rp2.000.000 – Rp2.999.999,Universitas Katolik Soegijapranata,"Cukup sering, 3–5 kali dalam seminggu",Transfer ke teman / orang lain,2.0,DANA,"ShopeePay, LinkAja",1 tahun – kurang dari 2 tahun,Rp100.000 – Rp199.999,Rp300.000 – Rp499.999,Mudah untuk transfer uang,Saat transfer ke teman/keluarga,Sangat memengaruhi,Sering,4.0,4.0,5.0,4.0,5.0,4.0,4.0,5.0,4.0,4.0,5.0,4.0,4.0,4.0,4.0,5.0,4.0,5.0,5.0,5.0,4.0,5.0,4.0,5.0,Transfer gratis,Biaya admin,Berniat,4.0,,4.25,4.5,4.25,4.25,4.75,4.5,2,False,2.0,22.0,8.0,5,3,3,4,3,5,4,4,4.0,1,Pengguna Aktif Responsif Promo
496,"Ya, saya bersedia","Ya, saya memenuhi seluruh kriteria tersebut",Laki-Laki,20.0,Semester 4,Rp3.000.000 atau lebih,Universitas Kuningan,"Jarang, 1–2 kali dalam seminggu",Pembelian pulsa / paket data,2.0,LinkAja,"DANA, GoPay, OVO, ShopeePay, LinkAja, iSaku",6 bulan – kurang dari 1 tahun,Rp25.000 – Rp49.999,Rp100.000 – Rp299.999,Tidak perlu membawa uang tunai,Saat melakukan pembayaran rutin,Memengaruhi,Sering,4.0,4.0,4.0,4.0,4.0,4.0,4.0,4.0,4.0,4.0,4.0,4.0,5.0,4.0,4.0,5.0,4.0,5.0,5.0,5.0,5.0,5.0,5.0,4.0,Promo makanan/minuman,Jumlah promo/cashback,Sangat berniat,5.0,,4.0,4.0,4.0,4.5,4.75,4.75,6,False,2.0,20.0,4.0,6,2,2,2,2,4,4,5,5.0,1,Pengguna Aktif Responsif Promo
497,"Ya, saya bersedia","Ya, saya memenuhi seluruh kriteria tersebut",Laki-Laki,22.0,Semester 8,Rp3.000.000 atau lebih,Universitas Padjadjaran,"Sangat sering, lebih dari 10 kali dalam seminggu",Pembelian makanan/minuman,4.0,GoPay,"DANA, GoPay, OVO, ShopeePay, LinkAja",3 tahun atau lebih,Rp25.000 – Rp49.999,Rp1.000.000 atau lebih,Praktis dan cepat,Saat ada promo/cashback,Memengaruhi,Sering,4.0,4.0,4.0,4.0,4.0,4.0,4.0,4.0,4.0,4.0,4.0,4.0,5.0,4.0,4.0,5.0,4.0,5.0,5.0,5.0,5.0,5.0,5.0,4.0,Keamanan akun yang lebih kuat,Keamanan akun,Sangat berniat,5.0,,4.0,4.0,4.0,4.5,4.75,4.75,5,False,4.0,22.0,8.0,6,5,5,2,5,4,4,5,5.0,1,Pengguna Aktif Responsif Promo
498,"Ya, saya bersedia","Ya, saya memenuhi seluruh kriteria tersebut",Laki-Laki,21.0,Semester 5,Rp500.000 – Rp999.999,Universitas Mercu Buana,"Sering, 6–10 kali dalam seminggu",Pembelian makanan/minuman,3.0,OVO,"DANA, GoPay, OVO, ShopeePay, LinkAja",2 tahun – kurang dari 3 tahun,Rp25.000 – Rp49.999,Rp500.000 – Rp999.999,Praktis dan cepat,Saat tidak membawa uang tunai,Memengaruhi,Sering,5.0,4.0,4.0,4.0,5.0,4.0,4.0,4.0,4.0,4.0,5.0,4.0,4.0,4.0,5.0,4.0,4.0,5.0,4.0,4.0,4.0,4.0,5.0,4.0,Promo makanan/minuman,Layanan bantuan/customer service,Sangat berniat,4.0,,4.25,4.25,4.25,4.25,4.25,4.25,5,False,3.0,21.0,5.0,2,4,4,2,4,4,4,5,4.0,1,Pengguna Aktif Responsif Promo
499,"Ya, saya bersedia","Ya, saya memenuhi seluruh kriteria tersebut",Perempuan,21.0,Semester 6,Rp3.000.000 atau lebih,Universitas Bina Nusantara,"Sangat sering, lebih dari 10 kali dalam seminggu",Pembelian makanan/minuman,4.0,GoPay,"DANA, GoPay, OVO, ShopeePay, LinkAja, iSaku",3 tahun atau lebih,Rp50.000 – Rp99.999,Rp1.000.000 atau lebih,Praktis dan cepat,Saat membeli makanan/minuman,Sangat tidak memengaruhi,Tidak pernah,1.0,2.0,1.0,2.0,1.0,1.0,1.0,3.0,2.0,3.0,2.0,1.0,2.0,2.0,1.0,2.0,2.0,1.0,2.0,2.0,1.0,1.0,1.0,2.0,Transfer gratis,Biaya admin,Tidak berniat,2.0,,1.5,1.5,2.0,1.75,1.75,1.25,6,False,4.0,21.0,6.0,6,5,5,3,5,1,1,2,2.0,2,Pengguna Positif Moderat/Selektif
500,"Ya, saya bersedia","Ya, saya memenuhi seluruh kriteria tersebut",Perempuan,21.0,Semester 5,Rp500.000 – Rp999.999,Universitas Sriwijaya,"Cukup sering, 3–5 kali dalam seminggu",Pembelian pulsa / paket data,2.0,DANA,"DANA, ShopeePay",1 tahun – kurang dari 2 tahun,Rp25.000 – Rp49.999,Rp300.000 – Rp499.999,Tidak perlu membawa uang tunai,Saat melakukan pembayaran rutin,Sangat memengaruhi,Sangat sering,5.0,5.0,5.0,5.0,5.0,5.0,5.0,5.0,4.0,5.0,5.0,5.0,5.0,4.0,4.0,4.0,4.0,4.0,5.0,4.0,5.0,5.0,5.0,5.0,Pembayaran transportasi,Jumlah merchant yang menerima e-wallet,Berniat,5.0,,5.0,5.0,4.75,4.25,4.25,5.0,2,False,2.0,21.0,5.0,2,3,3,2,3,5,5,4,5.0,1,Pengguna Aktif Responsif Promo
501,"Ya, saya bersedia","Ya, saya memenuhi seluruh kriteria tersebut",Perempuan,22.0,Semester 7,Rp1.500.000 – Rp1.999.999,Universitas Bengkulu,"Sering, 6–10 kali dalam seminggu",Belanja online,3.0,ShopeePay,"DANA, GoPay, OVO, ShopeePay",2 tahun – kurang dari 3 tahun,Rp50.000 – Rp99.999,Rp500.000 – Rp999.999,Mudah untuk belanja online,Saat belanja online,Tidak memengaruhi,Kadang-kadang,1.0,2.0,2.0,1.0,1.0,1.0,1.0,3.0,1.0,2.0,1.0,3.0,1.0,3.0,2.0,2.0,2.0,2.0,2.0,2.0,2.0,2.0,2.0,1.0,Top-up mudah dan murah,Kemudahan top-up,Sangat tidak berniat,2.0,,1.5,1.5,1.75,2.0,2.0,1.75,4,False,3.0,22.0,7.0,4,4,4,3,4,2,3,1,2.0,2,Pengguna Positif Moderat/Selektif
502,"Ya, saya bersedia","Ya, saya memenuhi seluruh kriteria tersebut",Perempuan,21.0,Semester 6,Kurang dari Rp500.000,Universitas Negeri Semarang,"Sering, 6–10 kali dalam seminggu",Belanja online,3.0,ShopeePay,"GoPay, OVO, ShopeePay",2 tahun – kurang dari 3 tahun,Rp50.000 – Rp99.999,Rp500.000 – Rp999.999,Banyak promo/cashback,Saat belanja online,Memengaruhi,Sangat sering,5.0,4.0,5.0,5.0,4.0,5.0,5.0,4.0,5.0,4.0,4.0,5.0,5.0,5.0,4.0,4.0,5.0,4.0,5.0,4.0,4.0,4.0,4.0,5.0,Top-up mudah dan murah,Kemudahan top-up,Sangat berniat,4.0,,4.75,4.5,4.5,4.5,4.5,4.25,3,False,3.0,21.0,6.0,1,4,4,3,4,4,5,5,4.0,1,Pengguna Aktif Responsif Promo
503,"Ya, saya bersedia","Ya, saya memenuhi seluruh kriteria tersebut",Laki-Laki,21.0,Semester 6,Kurang dari Rp500.000,Universitas Presiden,"Cukup sering, 3–5 kali dalam seminggu",Belanja online,2.0,ShopeePay,"GoPay, LinkAja",1 tahun – kurang dari 2 tahun,Rp50.000 – Rp99.999,Rp300.000 – Rp499.999,Mudah untuk belanja online,Saat ada promo/cashback,Memengaruhi,Sering,5.0,4.0,4.0,4.0,4.0,5.0,5.0,5.0,5.0,4.0,4.0,5.0,5.0,4.0,4.0,5.0,4.0,4.0,5.0,4.0,5.0,5.0,4.0,4.0,Keamanan akun yang lebih kuat,Keamanan akun,Berniat,4.0,,4.25,4.75,4.5,4.5,4.25,4.5,2,False,2.0,21.0,6.0,1,3,3,3,3,4,4,4,4.0,1,Pengguna Aktif Responsif Promo
504,"Ya, saya bersedia","Ya, saya memenuhi seluruh kriteria tersebut",Perempuan,21.0,Semester 5,Rp1.500.000 – Rp1.999.999,Universitas Islam Nusantara,"Sering, 6–10 kali dalam seminggu",Pembelian makanan/minuman,3.0,DANA,ShopeePay,2 tahun – kurang dari 3 tahun,Rp25.000 – Rp49.999,Rp500.000 – Rp999.999,Praktis dan cepat,Saat tidak membawa uang tunai,Cukup memengaruhi,Sering,3.0,3.0,5.0,4.0,4.0,5.0,4.0,4.0,5.0,3.0,4.0,5.0,4.0,4.0,5.0,3.0,4.0,5.0,5.0,4.0,5.0,4.0,4.0,5.0,Cashback transaksi,Jumlah promo/cashback,Ragu-ragu,4.0,,3.75,4.25,4.25,4.0,4.5,4.5,1,False,3.0,21.0,5.0,4,4,4,2,4,3,4,3,4.0,1,Pengguna Aktif Responsif Promo
505,"Ya, saya bersedia","Ya, saya memenuhi seluruh kriteria tersebut",Perempuan,20.0,Semester 4,Rp2.000.000 – Rp2.999.999,Universitas Jenderal Soedirman,"Sering, 6–10 kali dalam seminggu",Pembelian makanan/minuman,3.0,OVO,"DANA, OVO, ShopeePay",2 tahun – kurang dari 3 tahun,Rp25.000 – Rp49.999,Rp500.000 – Rp999.999,Banyak merchant yang menerima e-wallet,Saat membeli makanan/minuman,Memengaruhi,Sering,4.0,4.0,4.0,4.0,4.0,4.0,4.0,4.0,5.0,4.0,5.0,4.0,5.0,4.0,4.0,4.0,5.0,4.0,5.0,4.0,5.0,4.0,4.0,5.0,Cashback transaksi,Jumlah promo/cashback,Sangat berniat,4.0,,4.0,4.0,4.5,4.25,4.5,4.5,3,False,3.0,20.0,4.0,5,4,4,2,4,4,4,5,4.0,1,Pengguna Aktif Responsif Promo
506,"Ya, saya bersedia","Ya, saya memenuhi seluruh kriteria tersebut",Laki-Laki,20.0,Semester 4,Kurang dari Rp500.000,Institut Teknologi Bandung,"Sering, 6–10 kali dalam seminggu",Pembelian makanan/minuman,3.0,GoPay,"DANA, GoPay, OVO",1 tahun – kurang dari 2 tahun,Rp25.000 – Rp49.999,Rp500.000 – Rp999.999,Praktis dan cepat,Saat membeli makanan/minuman,Sangat memengaruhi,Sering,5.0,4.0,4.0,4.0,5.0,4.0,5.0,4.0,5.0,4.0,5.0,5.0,5.0,5.0,4.0,4.0,4.0,4.0,4.0,5.0,4.0,4.0,5.0,4.0,Transfer gratis,Biaya admin,Berniat,4.0,,4.25,4.5,4.75,4.5,4.25,4.25,3,False,3.0,20.0,4.0,1,4,3,2,4,5,4,4,4.0,1,Pengguna Aktif Responsif Promo
507,"Ya, saya bersedia","Ya, saya memenuhi seluruh kriteria tersebut",Laki-Laki,21.0,Semester 6,Rp1.000.000 – Rp1.499.999,Universitas Lampung,"Sangat sering, lebih dari 10 kali dalam seminggu",Transfer ke teman / orang lain,5.0,DANA,"DANA, GoPay, OVO, ShopeePay, LinkAja",3 tahun atau lebih,Rp100.000 – Rp199.999,Rp1.000.000 atau lebih,Mudah untuk transfer uang,Saat transfer ke teman/keluarga,Sangat memengaruhi,Sering,5.0,4.0,5.0,4.0,4.0,4.0,5.0,4.0,5.0,4.0,5.0,4.0,4.0,5.0,4.0,4.0,5.0,4.0,5.0,4.0,5.0,5.0,4.0,4.0,Pembayaran transportasi,Jumlah merchant yang menerima e-wallet,Sangat berniat,4.0,,4.5,4.25,4.5,4.25,4.5,4.5,5,False,5.0,21.0,6.0,3,5,5,4,5,5,4,5,4.0,1,Pengguna Aktif Responsif Promo
508,"Ya, saya bersedia","Ya, saya memenuhi seluruh kriteria tersebut",Perempuan,20.0,Semester 4,Rp1.500.000 – Rp1.999.999,Universitas Mataram,"Sering, 6–10 kali dalam seminggu",Belanja online,3.0,ShopeePay,"DANA, ShopeePay, LinkAja",2 tahun – kurang dari 3 tahun,Rp50.000 – Rp99.999,Rp500.000 – Rp999.999,Banyak promo/cashback,Saat belanja online,Sangat memengaruhi,Sering,5.0,4.0,5.0,5.0,5.0,5.0,4.0,5.0,5.0,5.0,4.0,5.0,5.0,5.0,4.0,5.0,5.0,5.0,5.0,5.0,5.0,4.0,5.0,5.0,Transfer gratis,Biaya admin,Sangat berniat,5.0,,4.75,4.75,4.75,4.75,5.0,4.75,3,False,3.0,20.0,4.0,4,4,4,3,4,5,4,5,5.0,1,Pengguna Aktif Responsif Promo
509,"Ya, saya bersedia","Ya, saya memenuhi seluruh kriteria tersebut",Perempuan,19.0,Semester 1,Rp3.000.000 atau lebih,Universitas Katolik Widya Mandala,"Sangat sering, lebih dari 10 kali dalam seminggu",Pembelian makanan/minuman,4.0,GoPay,"DANA, GoPay, OVO, ShopeePay, LinkAja",3 tahun atau lebih,Rp50.000 – Rp99.999,Rp1.000.000 atau lebih,Tidak perlu membawa uang tunai,Saat membeli makanan/minuman,Sangat tidak memengaruhi,Tidak pernah,1.0,2.0,1.0,2.0,1.0,1.0,1.0,3.0,2.0,3.0,2.0,1.0,2.0,2.0,1.0,2.0,2.0,1.0,2.0,2.0,1.0,1.0,1.0,2.0,Transfer gratis,Biaya admin,Tidak berniat,2.0,,1.5,1.5,2.0,1.75,1.75,1.25,5,False,4.0,19.0,1.0,6,5,5,3,5,1,1,2,2.0,2,Pengguna Positif Moderat/Selektif
510,"Ya, saya bersedia","Ya, saya memenuhi seluruh kriteria tersebut",Perempuan,21.0,Semester 5,Rp500.000 – Rp999.999,Universitas Airlangga,"Sering, 6–10 kali dalam seminggu",Pembelian makanan/minuman,3.0,GoPay,"DANA, GoPay, OVO, LinkAja",2 tahun – kurang dari 3 tahun,Rp25.000 – Rp49.999,Rp500.000 – Rp999.999,Banyak merchant yang menerima e-wallet,Saat membeli makanan/minuman,Memengaruhi,Sangat sering,4.0,4.0,5.0,4.0,4.0,4.0,5.0,4.0,4.0,4.0,5.0,4.0,4.0,5.0,4.0,5.0,4.0,4.0,4.0,4.0,5.0,5.0,4.0,5.0,Integrasi dengan aplikasi belanja/transportasi,Kecepatan transaksi,Berniat,4.0,,4.25,4.25,4.25,4.5,4.0,4.75,4,False,3.0,21.0,5.0,2,4,4,2,4,4,5,4,4.0,1,Pengguna Aktif Responsif Promo
511,"Ya, saya bersedia","Ya, saya memenuhi seluruh kriteria tersebut",Perempuan,19.0,Semester 1,Rp1.000.000 – Rp1.499.999,Universitas Jember,"Sering, 6–10 kali dalam seminggu",Pembelian makanan/minuman,3.0,GoPay,"DANA, GoPay, OVO, LinkAja",2 tahun – kurang dari 3 tahun,Rp25.000 – Rp49.999,Rp500.000 – Rp999.999,Banyak merchant yang menerima e-wallet,Saat membeli makanan/minuman,Memengaruhi,Sering,5.0,4.0,4.0,4.0,5.0,4.0,5.0,4.0,4.0,5.0,4.0,4.0,4.0,5.0,5.0,4.0,4.0,5.0,4.0,4.0,5.0,5.0,4.0,5.0,Transfer gratis,Biaya admin,Berniat,4.0,,4.25,4.5,4.25,4.5,4.25,4.75,4,False,3.0,19.0,1.0,3,4,4,2,4,4,4,4,4.0,1,Pengguna Aktif Responsif Promo
512,"Ya, saya bersedia","Ya, saya memenuhi seluruh kriteria tersebut",Laki-Laki,21.0,Semester 5,Kurang dari Rp500.000,Universitas Muhammadiyah Sidoarjo,"Sering, 6–10 kali dalam seminggu",Pembelian makanan/minuman,3.0,DANA,ShopeePay,2 tahun – kurang dari 3 tahun,Rp25.000 – Rp49.999,Rp500.000 – Rp999.999,Praktis dan cepat,Saat tidak membawa uang tunai,Sangat tidak memengaruhi,Tidak pernah,1.0,1.0,1.0,1.0,1.0,1.0,2.0,2.0,1.0,2.0,2.0,1.0,2.0,1.0,2.0,2.0,2.0,2.0,2.0,2.0,1.0,2.0,2.0,2.0,Top-up mudah dan murah,Kemudahan top-up,Tidak berniat,2.0,,1.0,1.5,1.5,1.75,2.0,1.75,1,False,3.0,21.0,5.0,1,4,4,2,4,1,1,2,2.0,2,Pengguna Positif Moderat/Selektif
513,"Ya, saya bersedia","Ya, saya memenuhi seluruh kriteria tersebut",Perempuan,21.0,Semester 6,Rp2.000.000 – Rp2.999.999,Universitas Negeri Malang,"Jarang, 1–2 kali dalam seminggu",Pembelian makanan/minuman,2.0,OVO,"DANA, GoPay, ShopeePay",2 tahun – kurang dari 3 tahun,Rp25.000 – Rp49.999,Rp100.000 – Rp299.999,Banyak merchant yang menerima e-wallet,Saat membeli makanan/minuman,Memengaruhi,Sangat sering,5.0,5.0,5.0,5.0,5.0,4.0,4.0,5.0,5.0,4.0,5.0,5.0,4.0,4.0,4.0,5.0,5.0,4.0,4.0,4.0,4.0,5.0,4.0,4.0,Transfer gratis,Biaya admin,Berniat,4.0,,5.0,4.5,4.75,4.25,4.25,4.25,3,False,2.0,21.0,6.0,5,2,4,2,2,4,5,4,4.0,1,Pengguna Aktif Responsif Promo
514,"Ya, saya bersedia","Ya, saya memenuhi seluruh kriteria tersebut",Perempuan,19.0,Semester 2,Kurang dari Rp500.000,Universitas Teknokrat Indonesia,"Sangat sering, lebih dari 10 kali dalam seminggu",Belanja online,4.0,ShopeePay,"DANA, GoPay, OVO, ShopeePay",3 tahun atau lebih,Rp50.000 – Rp99.999,Rp1.000.000 atau lebih,Banyak promo/cashback,Saat belanja online,Memengaruhi,Sangat sering,4.0,5.0,5.0,3.0,4.0,5.0,4.0,5.0,5.0,3.0,4.0,5.0,3.0,4.0,3.0,3.0,5.0,4.0,4.0,5.0,4.0,5.0,5.0,3.0,Transfer gratis,Biaya admin,Berniat,3.0,,4.25,4.5,4.25,3.25,4.5,4.25,4,False,4.0,19.0,2.0,1,5,5,3,5,4,5,4,3.0,1,Pengguna Aktif Responsif Promo
515,"Ya, saya bersedia","Ya, saya memenuhi seluruh kriteria tersebut",Laki-Laki,22.0,Semester 7,Rp500.000 – Rp999.999,Universitas PGRI Semarang,"Sering, 6–10 kali dalam seminggu",Pembelian makanan/minuman,3.0,DANA,"DANA, GoPay, ShopeePay",2 tahun – kurang dari 3 tahun,Rp25.000 – Rp49.999,Rp500.000 – Rp999.999,Praktis dan cepat,Saat membeli makanan/minuman,Sangat memengaruhi,Sangat sering,4.0,5.0,5.0,4.0,5.0,5.0,5.0,5.0,5.0,5.0,5.0,4.0,4.0,5.0,4.0,4.0,4.0,5.0,5.0,5.0,5.0,5.0,5.0,4.0,Cashback transaksi,Jumlah promo/cashback,Sangat berniat,5.0,,4.5,5.0,4.75,4.25,4.75,4.75,3,False,3.0,22.0,7.0,2,4,4,2,4,5,5,5,5.0,1,Pengguna Aktif Responsif Promo
516,"Ya, saya bersedia","Ya, saya memenuhi seluruh kriteria tersebut",Perempuan,20.0,Semester 4,Rp3.000.000 atau lebih,Universitas Islam Bandung,"Sering, 6–10 kali dalam seminggu",Pembelian makanan/minuman,3.0,DANA,"DANA, GoPay, OVO",2 tahun – kurang dari 3 tahun,Rp25.000 – Rp49.999,Rp500.000 – Rp999.999,Praktis dan cepat,Saat membeli makanan/minuman,Sangat memengaruhi,Sering,5.0,5.0,5.0,4.0,5.0,4.0,4.0,5.0,4.0,5.0,5.0,5.0,4.0,5.0,5.0,4.0,5.0,5.0,4.0,5.0,5.0,4.0,5.0,5.0,Transfer gratis,Biaya admin,Berniat,5.0,,4.75,4.5,4.75,4.5,4.75,4.75,3,False,3.0,20.0,4.0,6,4,4,2,4,5,4,4,5.0,1,Pengguna Aktif Responsif Promo
517,"Ya, saya bersedia","Ya, saya memenuhi seluruh kriteria tersebut",Perempuan,20.0,Semester 5,Rp3.000.000 atau lebih,Universitas Padjadjaran,"Sangat sering, lebih dari 10 kali dalam seminggu",Belanja online,4.0,ShopeePay,"DANA, GoPay, OVO, ShopeePay, LinkAja",3 tahun atau lebih,Rp100.000 – Rp199.999,Rp1.000.000 atau lebih,Mudah untuk belanja online,Saat belanja online,Sangat memengaruhi,Sangat sering,5.0,5.0,4.0,4.0,5.0,4.0,5.0,4.0,4.0,5.0,4.0,5.0,5.0,5.0,4.0,4.0,5.0,4.0,4.0,4.0,5.0,4.0,5.0,5.0,Transfer gratis,Biaya admin,Berniat,4.0,,4.5,4.5,4.5,4.5,4.25,4.75,5,False,4.0,20.0,5.0,6,5,5,4,5,5,5,4,4.0,1,Pengguna Aktif Responsif Promo
518,"Ya, saya bersedia","Ya, saya memenuhi seluruh kriteria tersebut",Laki-Laki,19.0,Semester 2,Rp1.500.000 – Rp1.999.999,Institut Teknologi Bandung,"Jarang, 1–2 kali dalam seminggu",Pembayaran tagihan,2.0,LinkAja,"DANA, GoPay, LinkAja",2 tahun – kurang dari 3 tahun,Rp100.000 – Rp199.999,Rp100.000 – Rp299.999,Tidak perlu membawa uang tunai,Saat melakukan pembayaran rutin,Sangat memengaruhi,Sering,5.0,4.0,5.0,5.0,4.0,4.0,5.0,5.0,4.0,5.0,4.0,4.0,4.0,4.0,5.0,4.0,4.0,5.0,5.0,5.0,5.0,4.0,4.0,5.0,Integrasi dengan aplikasi belanja/transportasi,Kecepatan transaksi,Sangat berniat,4.0,,4.75,4.5,4.25,4.25,4.75,4.5,3,False,2.0,19.0,2.0,4,2,4,4,2,5,4,5,4.0,1,Pengguna Aktif Responsif Promo
519,"Ya, saya bersedia","Ya, saya memenuhi seluruh kriteria tersebut",Perempuan,21.0,Semester 5,Rp1.000.000 – Rp1.499.999,Universitas Tadulako,"Sering, 6–10 kali dalam seminggu",Pembelian makanan/minuman,3.0,DANA,"DANA, GoPay, OVO",2 tahun – kurang dari 3 tahun,Rp25.000 – Rp49.999,Rp500.000 – Rp999.999,Praktis dan cepat,Saat membeli makanan/minuman,Sangat memengaruhi,Sering,5.0,5.0,4.0,5.0,5.0,3.0,4.0,5.0,5.0,3.0,4.0,4.0,4.0,5.0,3.0,3.0,5.0,5.0,4.0,5.0,5.0,5.0,4.0,5.0,Cashback transaksi,Jumlah promo/cashback,Berniat,4.0,,4.75,4.25,4.0,3.75,4.75,4.75,3,False,3.0,21.0,5.0,3,4,4,2,4,5,4,4,4.0,1,Pengguna Aktif Responsif Promo
520,"Ya, saya bersedia","Ya, saya memenuhi seluruh kriteria tersebut",Laki-Laki,19.0,Semester 2,Rp1.000.000 – Rp1.499.999,Universitas Sumatera Utara,"Jarang, 1–2 kali dalam seminggu",Pembelian pulsa / paket data,2.0,LinkAja,LinkAja,6 bulan – kurang dari 1 tahun,Rp25.000 – Rp49.999,Rp100.000 – Rp299.999,Tidak perlu membawa uang tunai,Saat melakukan pembayaran rutin,Sangat memengaruhi,Sering,5.0,5.0,4.0,4.0,4.0,4.0,4.0,5.0,4.0,5.0,4.0,4.0,4.0,5.0,5.0,4.0,5.0,4.0,4.0,5.0,4.0,4.0,4.0,4.0,Promo makanan/minuman,Jumlah promo/cashback,Sangat berniat,5.0,,4.5,4.25,4.25,4.5,4.5,4.0,1,False,2.0,19.0,2.0,3,2,2,2,2,5,4,5,5.0,1,Pengguna Aktif Responsif Promo
521,"Ya, saya bersedia","Ya, saya memenuhi seluruh kriteria tersebut",Laki-Laki,20.0,Semester 4,Rp1.500.000 – Rp1.999.999,Universitas Narotama,"Cukup sering, 3–5 kali dalam seminggu",Belanja online,2.0,ShopeePay,"GoPay, OVO, ShopeePay",1 tahun – kurang dari 2 tahun,Rp50.000 – Rp99.999,Rp300.000 – Rp499.999,Mudah untuk belanja online,Saat ada promo/cashback,Sangat memengaruhi,Sering,4.0,4.0,5.0,4.0,4.0,5.0,4.0,4.0,4.0,4.0,4.0,5.0,5.0,5.0,5.0,5.0,4.0,4.0,5.0,5.0,5.0,5.0,5.0,5.0,Pembayaran transportasi,Jumlah merchant yang menerima e-wallet,Berniat,4.0,,4.25,4.25,4.25,5.0,4.5,5.0,3,False,2.0,20.0,4.0,4,3,3,3,3,5,4,4,4.0,1,Pengguna Aktif Responsif Promo
522,"Ya, saya bersedia","Ya, saya memenuhi seluruh kriteria tersebut",Perempuan,22.0,Semester 9 atau lebih,Kurang dari Rp500.000,Universitas Narotama,"Sering, 6–10 kali dalam seminggu",Pembelian makanan/minuman,3.0,DANA,"DANA, GoPay, OVO",2 tahun – kurang dari 3 tahun,Rp25.000 – Rp49.999,Rp500.000 – Rp999.999,Praktis dan cepat,Saat membeli makanan/minuman,Sangat memengaruhi,Sangat sering,4.0,5.0,5.0,4.0,5.0,4.0,5.0,4.0,5.0,5.0,5.0,5.0,4.0,5.0,5.0,5.0,4.0,4.0,4.0,5.0,5.0,5.0,5.0,5.0,Integrasi dengan aplikasi belanja/transportasi,Kecepatan transaksi,Sangat berniat,4.0,,4.5,4.5,5.0,4.75,4.25,5.0,3,False,3.0,22.0,9.0,1,4,4,2,4,5,5,5,4.0,1,Pengguna Aktif Responsif Promo
523,"Ya, saya bersedia","Ya, saya memenuhi seluruh kriteria tersebut",Laki-Laki,23.0,Semester 9 atau lebih,Rp1.500.000 – Rp1.999.999,Universitas Brawijaya,"Sangat sering, lebih dari 10 kali dalam seminggu",Belanja online,4.0,ShopeePay,"DANA, GoPay, OVO, ShopeePay, LinkAja",3 tahun atau lebih,Rp50.000 – Rp99.999,Rp1.000.000 atau lebih,Banyak promo/cashback,Saat belanja online,Memengaruhi,Sangat sering,5.0,4.0,5.0,4.0,4.0,4.0,4.0,5.0,4.0,5.0,4.0,4.0,4.0,5.0,5.0,4.0,5.0,4.0,4.0,5.0,4.0,4.0,5.0,4.0,Promo makanan/minuman,Jumlah promo/cashback,Berniat,4.0,,4.5,4.25,4.25,4.5,4.5,4.25,5,False,4.0,23.0,9.0,4,5,5,3,5,4,5,4,4.0,1,Pengguna Aktif Responsif Promo
524,"Ya, saya bersedia","Ya, saya memenuhi seluruh kriteria tersebut",Laki-Laki,22.0,Semester 8,Rp1.500.000 – Rp1.999.999,Universitas Negeri Yogyakarta,"Sangat sering, lebih dari 10 kali dalam seminggu",Pembelian makanan/minuman,4.0,GoPay,"DANA, GoPay, OVO, ShopeePay",3 tahun atau lebih,Rp50.000 – Rp99.999,Rp1.000.000 atau lebih,Tidak perlu membawa uang tunai,Saat membeli makanan/minuman,Memengaruhi,Sangat sering,4.0,4.0,4.0,5.0,4.0,4.0,5.0,4.0,5.0,4.0,4.0,4.0,5.0,4.0,4.0,5.0,4.0,4.0,4.0,5.0,4.0,5.0,4.0,4.0,Top-up mudah dan murah,Kemudahan top-up,Berniat,5.0,,4.25,4.25,4.25,4.5,4.25,4.25,4,False,4.0,22.0,8.0,4,5,5,3,5,4,5,4,5.0,1,Pengguna Aktif Responsif Promo
525,"Ya, saya bersedia","Ya, saya memenuhi seluruh kriteria tersebut",Laki-Laki,20.0,Semester 5,Rp1.500.000 – Rp1.999.999,Universitas Jenderal Soedirman,"Jarang, 1–2 kali dalam seminggu",Pembelian makanan/minuman,2.0,GoPay,"DANA, GoPay",1 tahun – kurang dari 2 tahun,Rp25.000 – Rp49.999,Rp100.000 – Rp299.999,Praktis dan cepat,Saat tidak membawa uang tunai,Sangat memengaruhi,Sering,5.0,5.0,4.0,5.0,4.0,5.0,4.0,5.0,4.0,4.0,5.0,4.0,5.0,4.0,5.0,4.0,4.0,4.0,5.0,4.0,5.0,4.0,4.0,5.0,Cashback transaksi,Jumlah promo/cashback,Berniat,5.0,,4.75,4.5,4.25,4.5,4.25,4.5,2,False,2.0,20.0,5.0,4,2,3,2,2,5,4,4,5.0,1,Pengguna Aktif Responsif Promo
526,"Ya, saya bersedia","Ya, saya memenuhi seluruh kriteria tersebut",Perempuan,19.0,Semester 1,Kurang dari Rp500.000,Universitas Negeri Malang,"Sering, 6–10 kali dalam seminggu",Belanja online,3.0,ShopeePay,"DANA, GoPay, ShopeePay",1 tahun – kurang dari 2 tahun,Rp50.000 – Rp99.999,Rp500.000 – Rp999.999,Mudah untuk belanja online,Saat belanja online,Memengaruhi,Sangat sering,5.0,4.0,4.0,4.0,4.0,4.0,4.0,4.0,4.0,4.0,4.0,4.0,5.0,4.0,4.0,4.0,4.0,4.0,4.0,5.0,5.0,5.0,5.0,4.0,Top-up mudah dan murah,Kemudahan top-up,Berniat,4.0,,4.25,4.0,4.0,4.25,4.25,4.75,3,False,3.0,19.0,1.0,1,4,3,3,4,4,5,4,4.0,1,Pengguna Aktif Responsif Promo
527,"Ya, saya bersedia","Ya, saya memenuhi seluruh kriteria tersebut",Perempuan,20.0,Semester 3,Rp500.000 – Rp999.999,Universitas Mulawarman,"Sangat sering, lebih dari 10 kali dalam seminggu",Pembelian makanan/minuman,5.0,DANA,"DANA, GoPay, OVO, ShopeePay, Sakuku",3 tahun atau lebih,Rp50.000 – Rp99.999,Rp1.000.000 atau lebih,Praktis dan cepat,Saat ada promo/cashback,Memengaruhi,Sering,5.0,4.0,4.0,4.0,4.0,4.0,4.0,4.0,4.0,5.0,4.0,4.0,4.0,4.0,4.0,4.0,4.0,5.0,4.0,4.0,5.0,5.0,5.0,4.0,Pembayaran UKT/kampus,Perlindungan data pribadi,Sangat berniat,4.0,,4.25,4.0,4.25,4.0,4.25,4.75,5,False,5.0,20.0,3.0,2,5,5,3,5,4,4,5,4.0,1,Pengguna Aktif Responsif Promo
528,"Ya, saya bersedia","Ya, saya memenuhi seluruh kriteria tersebut",Laki-Laki,21.0,Semester 5,Rp1.500.000 – Rp1.999.999,Universitas Negeri Surabaya,"Jarang, 1–2 kali dalam seminggu",Pembelian pulsa / paket data,2.0,DANA,"DANA, ShopeePay",6 bulan – kurang dari 1 tahun,Rp25.000 – Rp49.999,Rp100.000 – Rp299.999,Tidak perlu membawa uang tunai,Saat melakukan pembayaran rutin,Memengaruhi,Sangat sering,5.0,5.0,5.0,4.0,4.0,5.0,5.0,5.0,4.0,5.0,5.0,5.0,5.0,5.0,4.0,5.0,5.0,5.0,4.0,4.0,4.0,5.0,4.0,4.0,Promo makanan/minuman,Jumlah promo/cashback,Sangat berniat,4.0,,4.75,4.75,4.75,4.75,4.5,4.25,2,False,2.0,21.0,5.0,4,2,2,2,2,4,5,5,4.0,1,Pengguna Aktif Responsif Promo
529,"Ya, saya bersedia","Ya, saya memenuhi seluruh kriteria tersebut",Perempuan,20.0,Semester 4,Rp500.000 – Rp999.999,Universitas Sumatera Utara,"Cukup sering, 3–5 kali dalam seminggu",Belanja online,2.0,ShopeePay,"DANA, GoPay, OVO, ShopeePay, LinkAja",1 tahun – kurang dari 2 tahun,Rp50.000 – Rp99.999,Rp300.000 – Rp499.999,Banyak promo/cashback,Saat belanja online,Sangat memengaruhi,Sering,4.0,4.0,4.0,4.0,4.0,4.0,4.0,4.0,4.0,4.0,4.0,4.0,4.0,4.0,4.0,4.0,4.0,4.0,4.0,4.0,4.0,4.0,4.0,4.0,Promo makanan/minuman,Jumlah promo/cashback,Berniat,4.0,,4.0,4.0,4.0,4.0,4.0,4.0,5,False,2.0,20.0,4.0,2,3,3,3,3,5,4,4,4.0,1,Pengguna Aktif Responsif Promo
530,"Ya, saya bersedia","Ya, saya memenuhi seluruh kriteria tersebut",Laki-Laki,20.0,Semester 3,Rp500.000 – Rp999.999,Universitas Peradaban,"Sering, 6–10 kali dalam seminggu",Belanja online,3.0,ShopeePay,"DANA, GoPay, OVO, ShopeePay",2 tahun – kurang dari 3 tahun,Rp50.000 – Rp99.999,Rp500.000 – Rp999.999,Banyak promo/cashback,Saat belanja online,Memengaruhi,Sangat sering,3.0,4.0,5.0,5.0,5.0,5.0,5.0,5.0,4.0,5.0,4.0,4.0,5.0,5.0,5.0,5.0,5.0,4.0,4.0,4.0,5.0,5.0,5.0,5.0,Top-up mudah dan murah,Kemudahan top-up,Sangat berniat,5.0,,4.25,5.0,4.25,5.0,4.25,5.0,4,False,3.0,20.0,3.0,2,4,4,3,4,4,5,5,5.0,1,Pengguna Aktif Responsif Promo
531,"Ya, saya bersedia","Ya, saya memenuhi seluruh kriteria tersebut",Laki-Laki,19.0,Semester 2,Kurang dari Rp500.000,Universitas Widyatama,"Sering, 6–10 kali dalam seminggu",Pembelian makanan/minuman,3.0,DANA,"DANA, GoPay, OVO, ShopeePay",2 tahun – kurang dari 3 tahun,Rp25.000 – Rp49.999,Rp500.000 – Rp999.999,Banyak merchant yang menerima e-wallet,Saat membeli makanan/minuman,Memengaruhi,Sering,4.0,5.0,4.0,5.0,4.0,4.0,5.0,5.0,4.0,5.0,4.0,4.0,4.0,5.0,4.0,5.0,4.0,4.0,4.0,5.0,4.0,5.0,4.0,4.0,Top-up mudah dan murah,Kemudahan top-up,Berniat,5.0,,4.5,4.5,4.25,4.5,4.25,4.25,4,False,3.0,19.0,2.0,1,4,4,2,4,4,4,4,5.0,1,Pengguna Aktif Responsif Promo
532,"Ya, saya bersedia","Ya, saya memenuhi seluruh kriteria tersebut",Perempuan,20.0,Semester 3,Kurang dari Rp500.000,Universitas Negeri Yogyakarta,"Sering, 6–10 kali dalam seminggu",Pembelian makanan/minuman,3.0,DANA,"DANA, GoPay, OVO, ShopeePay, LinkAja",2 tahun – kurang dari 3 tahun,Rp25.000 – Rp49.999,Rp500.000 – Rp999.999,Praktis dan cepat,Saat tidak membawa uang tunai,Memengaruhi,Sangat sering,4.0,5.0,5.0,4.0,4.0,4.0,4.0,5.0,4.0,5.0,5.0,4.0,4.0,4.0,4.0,4.0,5.0,4.0,5.0,4.0,5.0,5.0,4.0,5.0,Top-up mudah dan murah,Kemudahan top-up,Sangat berniat,4.0,,4.5,4.25,4.5,4.0,4.5,4.75,5,False,3.0,20.0,3.0,1,4,4,2,4,4,5,5,4.0,1,Pengguna Aktif Responsif Promo
533,"Ya, saya bersedia","Ya, saya memenuhi seluruh kriteria tersebut",Laki-Laki,20.0,Semester 4,Rp2.000.000 – Rp2.999.999,Universitas Islam Negeri Ar-Raniry,"Cukup sering, 3–5 kali dalam seminggu",Transportasi,2.0,ShopeePay,"DANA, GoPay, OVO, ShopeePay, LinkAja",1 tahun – kurang dari 2 tahun,Rp25.000 – Rp49.999,Rp300.000 – Rp499.999,Banyak promo/cashback,Saat belanja online,Sangat memengaruhi,Sering,5.0,3.0,5.0,5.0,3.0,5.0,4.0,5.0,5.0,5.0,3.0,4.0,5.0,3.0,4.0,4.0,3.0,5.0,4.0,5.0,5.0,3.0,4.0,5.0,Pembayaran transportasi,Jumlah merchant yang menerima e-wallet,Berniat,5.0,,4.5,4.25,4.25,4.0,4.25,4.25,5,False,2.0,20.0,4.0,5,3,3,2,3,5,4,4,5.0,1,Pengguna Aktif Responsif Promo
534,"Ya, saya bersedia","Ya, saya memenuhi seluruh kriteria tersebut",Laki-Laki,21.0,Semester 5,Rp2.000.000 – Rp2.999.999,Universitas Siliwangi,"Cukup sering, 3–5 kali dalam seminggu",Belanja online,2.0,ShopeePay,DANA,1 tahun – kurang dari 2 tahun,Rp50.000 – Rp99.999,Rp300.000 – Rp499.999,Mudah untuk belanja online,Saat belanja online,Memengaruhi,Sering,4.0,5.0,5.0,5.0,4.0,4.0,4.0,4.0,4.0,4.0,4.0,5.0,5.0,5.0,4.0,5.0,5.0,5.0,4.0,4.0,4.0,5.0,5.0,5.0,Cashback transaksi,Jumlah promo/cashback,Sangat berniat,4.0,,4.75,4.0,4.25,4.75,4.5,4.75,1,False,2.0,21.0,5.0,5,3,3,3,3,4,4,5,4.0,1,Pengguna Aktif Responsif Promo
535,"Ya, saya bersedia","Ya, saya memenuhi seluruh kriteria tersebut",Perempuan,19.0,Semester 2,Rp500.000 – Rp999.999,Universitas Diponegoro,"Sering, 6–10 kali dalam seminggu",Belanja online,3.0,ShopeePay,"DANA, ShopeePay, LinkAja",2 tahun – kurang dari 3 tahun,Rp50.000 – Rp99.999,Rp500.000 – Rp999.999,Banyak promo/cashback,Saat belanja online,Memengaruhi,Sering,4.0,5.0,4.0,4.0,4.0,4.0,5.0,4.0,4.0,5.0,4.0,5.0,4.0,4.0,4.0,5.0,4.0,4.0,5.0,4.0,4.0,4.0,5.0,4.0,Transfer gratis,Biaya admin,Berniat,4.0,,4.25,4.25,4.5,4.25,4.25,4.25,3,False,3.0,19.0,2.0,2,4,4,3,4,4,4,4,4.0,1,Pengguna Aktif Responsif Promo
536,"Ya, saya bersedia","Ya, saya memenuhi seluruh kriteria tersebut",Perempuan,21.0,Semester 5,Kurang dari Rp500.000,Universitas Gadjah Mada,"Sangat sering, lebih dari 10 kali dalam seminggu",Pembelian makanan/minuman,4.0,GoPay,"DANA, GoPay, OVO, ShopeePay",3 tahun atau lebih,Rp50.000 – Rp99.999,Rp1.000.000 atau lebih,Tidak perlu membawa uang tunai,Saat membeli makanan/minuman,Sangat memengaruhi,Sering,5.0,5.0,4.0,4.0,4.0,5.0,5.0,5.0,4.0,4.0,4.0,4.0,4.0,5.0,4.0,4.0,4.0,5.0,5.0,4.0,4.0,4.0,4.0,4.0,Top-up mudah dan murah,Kemudahan top-up,Berniat,5.0,,4.5,4.75,4.0,4.25,4.5,4.0,4,False,4.0,21.0,5.0,1,5,5,3,5,5,4,4,5.0,1,Pengguna Aktif Responsif Promo
537,"Ya, saya bersedia","Ya, saya memenuhi seluruh kriteria tersebut",Perempuan,21.0,Semester 5,Rp500.000 – Rp999.999,Universitas Islam Sultan Agung,"Sering, 6–10 kali dalam seminggu",Belanja online,3.0,ShopeePay,"DANA, ShopeePay, LinkAja",2 tahun – kurang dari 3 tahun,Rp50.000 – Rp99.999,Rp500.000 – Rp999.999,Banyak promo/cashback,Saat belanja online,Sangat memengaruhi,Sering,5.0,3.0,4.0,3.0,3.0,5.0,4.0,5.0,4.0,3.0,4.0,3.0,4.0,5.0,3.0,5.0,4.0,4.0,5.0,3.0,5.0,4.0,3.0,4.0,Cashback transaksi,Jumlah promo/cashback,Ragu-ragu,5.0,,3.75,4.25,3.5,4.25,4.0,4.0,3,False,3.0,21.0,5.0,2,4,4,3,4,5,4,3,5.0,1,Pengguna Aktif Responsif Promo
538,"Ya, saya bersedia","Ya, saya memenuhi seluruh kriteria tersebut",Perempuan,20.0,Semester 4,Rp2.000.000 – Rp2.999.999,Universitas Ibn Khaldun,"Cukup sering, 3–5 kali dalam seminggu",Transfer ke teman / orang lain,2.0,DANA,"DANA, GoPay",1 tahun – kurang dari 2 tahun,Rp100.000 – Rp199.999,Rp300.000 – Rp499.999,Mudah untuk transfer uang,Saat transfer ke teman/keluarga,Sangat memengaruhi,Kadang-kadang,4.0,5.0,4.0,4.0,4.0,5.0,4.0,5.0,5.0,3.0,4.0,5.0,3.0,4.0,3.0,3.0,5.0,4.0,5.0,5.0,3.0,4.0,3.0,5.0,Keamanan akun yang lebih kuat,Keamanan akun,Berniat,5.0,,4.25,4.5,4.25,3.25,4.75,3.75,2,False,2.0,20.0,4.0,5,3,3,4,3,5,3,4,5.0,1,Pengguna Aktif Responsif Promo
539,"Ya, saya bersedia","Ya, saya memenuhi seluruh kriteria tersebut",Perempuan,22.0,Semester 8,Rp1.500.000 – Rp1.999.999,Universitas Muhammadiyah Sidoarjo,"Jarang, 1–2 kali dalam seminggu",Pembelian pulsa / paket data,2.0,LinkAja,LinkAja,6 bulan – kurang dari 1 tahun,Rp25.000 – Rp49.999,Rp100.000 – Rp299.999,Tidak perlu membawa uang tunai,Saat melakukan pembayaran rutin,Sangat memengaruhi,Sangat sering,5.0,5.0,5.0,5.0,5.0,5.0,5.0,4.0,5.0,5.0,5.0,5.0,4.0,4.0,4.0,4.0,4.0,5.0,4.0,5.0,5.0,5.0,5.0,4.0,Promo makanan/minuman,Jumlah promo/cashback,Sangat berniat,5.0,,5.0,4.75,5.0,4.0,4.5,4.75,1,False,2.0,22.0,8.0,4,2,2,2,2,5,5,5,5.0,1,Pengguna Aktif Responsif Promo
540,"Ya, saya bersedia","Ya, saya memenuhi seluruh kriteria tersebut",Laki-Laki,20.0,Semester 4,Rp1.000.000 – Rp1.499.999,Universitas Bina Nusantara,"Sering, 6–10 kali dalam seminggu",Pembelian makanan/minuman,3.0,DANA,"DANA, GoPay, OVO",2 tahun – kurang dari 3 tahun,Rp50.000 – Rp99.999,Rp500.000 – Rp999.999,Banyak merchant yang menerima e-wallet,Saat membeli makanan/minuman,Sangat memengaruhi,Sering,4.0,5.0,4.0,5.0,4.0,4.0,5.0,5.0,4.0,4.0,4.0,4.0,4.0,5.0,4.0,4.0,4.0,4.0,5.0,4.0,4.0,4.0,4.0,4.0,Transfer gratis,Biaya admin,Sangat berniat,4.0,,4.5,4.5,4.0,4.25,4.25,4.0,3,False,3.0,20.0,4.0,3,4,4,3,4,5,4,5,4.0,1,Pengguna Aktif Responsif Promo
541,"Ya, saya bersedia","Ya, saya memenuhi seluruh kriteria tersebut",Perempuan,18.0,Semester 1,Rp500.000 – Rp999.999,Universitas Bengkulu,"Jarang, 1–2 kali dalam seminggu",Pembelian pulsa / paket data,2.0,DANA,"DANA, GoPay, OVO, ShopeePay, LinkAja, Sakuku",6 bulan – kurang dari 1 tahun,Rp25.000 – Rp49.999,Rp100.000 – Rp299.999,Tidak perlu membawa uang tunai,Saat melakukan pembayaran rutin,Memengaruhi,Sering,5.0,5.0,4.0,4.0,4.0,4.0,3.0,5.0,4.0,4.0,5.0,4.0,5.0,3.0,4.0,4.0,3.0,4.0,5.0,5.0,4.0,5.0,3.0,4.0,Riwayat transaksi yang jelas,Perlindungan data pribadi,Berniat,5.0,,4.5,4.0,4.25,4.0,4.25,4.0,6,False,2.0,18.0,1.0,2,2,2,2,2,4,4,4,5.0,1,Pengguna Aktif Responsif Promo
542,"Ya, saya bersedia","Ya, saya memenuhi seluruh kriteria tersebut",Perempuan,21.0,Semester 5,Rp1.000.000 – Rp1.499.999,Universitas Pasundan,"Sangat sering, lebih dari 10 kali dalam seminggu",Transfer ke teman / orang lain,5.0,DANA,"DANA, GoPay, OVO, ShopeePay, LinkAja",3 tahun atau lebih,Rp100.000 – Rp199.999,Rp1.000.000 atau lebih,Mudah untuk transfer uang,Saat transfer ke teman/keluarga,Memengaruhi,Sering,4.0,4.0,4.0,4.0,4.0,4.0,5.0,4.0,5.0,5.0,4.0,4.0,5.0,5.0,4.0,5.0,5.0,4.0,5.0,4.0,5.0,5.0,4.0,5.0,Integrasi dengan aplikasi belanja/transportasi,Kecepatan transaksi,Sangat berniat,4.0,,4.0,4.25,4.5,4.75,4.5,4.75,5,False,5.0,21.0,5.0,3,5,5,4,5,4,4,5,4.0,1,Pengguna Aktif Responsif Promo
543,"Ya, saya bersedia","Ya, saya memenuhi seluruh kriteria tersebut",Laki-Laki,20.0,Semester 5,Rp3.000.000 atau lebih,Universitas Islam Negeri Sumatera Utara,"Jarang, 1–2 kali dalam seminggu",Belanja online,2.0,ShopeePay,"OVO, ShopeePay",2 tahun – kurang dari 3 tahun,Rp50.000 – Rp99.999,Rp100.000 – Rp299.999,Mudah untuk belanja online,Saat ada promo/cashback,Memengaruhi,Sering,5.0,5.0,5.0,4.0,5.0,4.0,4.0,5.0,4.0,4.0,4.0,4.0,5.0,4.0,5.0,4.0,4.0,5.0,5.0,4.0,4.0,5.0,4.0,5.0,Transfer gratis,Biaya admin,Berniat,5.0,,4.75,4.5,4.0,4.5,4.5,4.5,2,False,2.0,20.0,5.0,6,2,4,3,2,4,4,4,5.0,1,Pengguna Aktif Responsif Promo
544,"Ya, saya bersedia","Ya, saya memenuhi seluruh kriteria tersebut",Laki-Laki,19.0,Semester 2,Rp2.000.000 – Rp2.999.999,Universitas Atma Jaya Yogyakarta,"Sering, 6–10 kali dalam seminggu",Pembelian makanan/minuman,3.0,DANA,"DANA, GoPay, OVO, ShopeePay, LinkAja",2 tahun – kurang dari 3 tahun,Rp25.000 – Rp49.999,Rp500.000 – Rp999.999,Praktis dan cepat,Saat membeli makanan/minuman,Memengaruhi,Sering,5.0,4.0,5.0,4.0,4.0,5.0,4.0,4.0,5.0,4.0,4.0,5.0,4.0,4.0,5.0,4.0,5.0,4.0,4.0,5.0,5.0,4.0,5.0,4.0,Riwayat transaksi yang jelas,Perlindungan data pribadi,Sangat berniat,4.0,,4.5,4.25,4.5,4.25,4.5,4.5,5,False,3.0,19.0,2.0,5,4,4,2,4,4,4,5,4.0,1,Pengguna Aktif Responsif Promo
545,"Ya, saya bersedia","Ya, saya memenuhi seluruh kriteria tersebut",Laki-Laki,21.0,Semester 7,Kurang dari Rp500.000,Universitas Islam Negeri Sumatera Utara,"Sering, 6–10 kali dalam seminggu",Pembelian makanan/minuman,3.0,DANA,"DANA, GoPay, ShopeePay",2 tahun – kurang dari 3 tahun,Rp25.000 – Rp49.999,Rp500.000 – Rp999.999,Praktis dan cepat,Saat membeli makanan/minuman,Sangat memengaruhi,Sering,4.0,5.0,4.0,4.0,4.0,5.0,5.0,4.0,5.0,5.0,4.0,5.0,4.0,4.0,5.0,4.0,5.0,4.0,5.0,5.0,4.0,4.0,4.0,5.0,Promo makanan/minuman,Jumlah promo/cashback,Sangat berniat,4.0,,4.25,4.5,4.75,4.25,4.75,4.25,3,False,3.0,21.0,7.0,1,4,4,2,4,5,4,5,4.0,1,Pengguna Aktif Responsif Promo
546,"Ya, saya bersedia","Ya, saya memenuhi seluruh kriteria tersebut",Perempuan,18.0,Semester 1,Kurang dari Rp500.000,Universitas Padjadjaran,"Sering, 6–10 kali dalam seminggu",Pembelian makanan/minuman,3.0,DANA,"DANA, GoPay, OVO, ShopeePay, LinkAja",2 tahun – kurang dari 3 tahun,Rp25.000 – Rp49.999,Rp500.000 – Rp999.999,Praktis dan cepat,Saat tidak membawa uang tunai,Sangat memengaruhi,Sering,5.0,4.0,5.0,5.0,4.0,4.0,4.0,4.0,4.0,4.0,5.0,4.0,4.0,5.0,4.0,4.0,4.0,4.0,5.0,5.0,4.0,4.0,4.0,5.0,Top-up mudah dan murah,Kemudahan top-up,Sangat berniat,5.0,,4.75,4.0,4.25,4.25,4.5,4.25,5,False,3.0,18.0,1.0,1,4,4,2,4,5,4,5,5.0,1,Pengguna Aktif Responsif Promo
547,"Ya, saya bersedia","Ya, saya memenuhi seluruh kriteria tersebut",Perempuan,20.0,Semester 3,Rp1.000.000 – Rp1.499.999,Universitas Indonesia,"Sering, 6–10 kali dalam seminggu",Pembelian makanan/minuman,3.0,OVO,"DANA, GoPay, OVO, ShopeePay, LinkAja",2 tahun – kurang dari 3 tahun,Rp25.000 – Rp49.999,Rp500.000 – Rp999.999,Praktis dan cepat,Saat tidak membawa uang tunai,Sangat memengaruhi,Sangat sering,4.0,5.0,4.0,5.0,5.0,5.0,4.0,4.0,5.0,4.0,5.0,4.0,5.0,4.0,5.0,5.0,4.0,5.0,5.0,4.0,5.0,5.0,4.0,5.0,Transfer gratis,Biaya admin,Sangat berniat,4.0,,4.5,4.5,4.5,4.75,4.5,4.75,5,False,3.0,20.0,3.0,3,4,4,2,4,5,5,5,4.0,1,Pengguna Aktif Responsif Promo
548,"Ya, saya bersedia","Ya, saya memenuhi seluruh kriteria tersebut",Perempuan,21.0,Semester 6,Kurang dari Rp500.000,Universitas Airlangga,"Jarang, 1–2 kali dalam seminggu",Transfer ke teman / orang lain,2.0,DANA,"DANA, LinkAja",6 bulan – kurang dari 1 tahun,Rp100.000 – Rp199.999,Rp100.000 – Rp299.999,Mudah untuk transfer uang,Saat transfer ke teman/keluarga,Memengaruhi,Sering,5.0,5.0,4.0,4.0,5.0,4.0,5.0,4.0,4.0,4.0,4.0,5.0,4.0,4.0,4.0,4.0,5.0,4.0,4.0,5.0,5.0,4.0,4.0,5.0,Cashback transaksi,Jumlah promo/cashback,Berniat,4.0,,4.5,4.5,4.25,4.0,4.5,4.5,2,False,2.0,21.0,6.0,1,2,2,4,2,4,4,4,4.0,1,Pengguna Aktif Responsif Promo
549,"Ya, saya bersedia","Ya, saya memenuhi seluruh kriteria tersebut",Perempuan,22.0,Semester 8,Rp2.000.000 – Rp2.999.999,Universitas Hasanuddin,"Sering, 6–10 kali dalam seminggu",Pembelian makanan/minuman,3.0,GoPay,"DANA, GoPay, OVO, ShopeePay, LinkAja",2 tahun – kurang dari 3 tahun,Rp25.000 – Rp49.999,Rp500.000 – Rp999.999,Praktis dan cepat,Saat membeli makanan/minuman,Sangat tidak memengaruhi,Jarang,2.0,2.0,1.0,1.0,2.0,1.0,1.0,1.0,1.0,1.0,1.0,1.0,1.0,2.0,2.0,1.0,1.0,1.0,2.0,2.0,1.0,1.0,2.0,2.0,Top-up mudah dan murah,Biaya admin,Tidak berniat,2.0,,1.5,1.25,1.0,1.5,1.5,1.5,5,False,3.0,22.0,8.0,5,4,4,2,4,1,2,2,2.0,2,Pengguna Positif Moderat/Selektif
550,"Ya, saya bersedia","Ya, saya memenuhi seluruh kriteria tersebut",Laki-Laki,23.0,Semester 9 atau lebih,Rp1.500.000 – Rp1.999.999,Universitas Padjadjaran,"Sangat sering, lebih dari 10 kali dalam seminggu",Belanja online,4.0,ShopeePay,"DANA, GoPay, OVO, ShopeePay, LinkAja",3 tahun atau lebih,Rp50.000 – Rp99.999,Rp1.000.000 atau lebih,Banyak promo/cashback,Saat belanja online,Memengaruhi,Sering,5.0,5.0,4.0,5.0,4.0,4.0,4.0,4.0,5.0,4.0,5.0,4.0,4.0,4.0,5.0,5.0,4.0,5.0,4.0,4.0,5.0,4.0,4.0,5.0,Promo makanan/minuman,Jumlah promo/cashback,Berniat,4.0,,4.75,4.0,4.5,4.5,4.25,4.5,5,False,4.0,23.0,9.0,4,5,5,3,5,4,4,4,4.0,1,Pengguna Aktif Responsif Promo
551,"Ya, saya bersedia","Ya, saya memenuhi seluruh kriteria tersebut",Laki-Laki,18.0,Semester 1,Rp2.000.000 – Rp2.999.999,Universitas Katolik Parahyangan,"Sangat sering, lebih dari 10 kali dalam seminggu",Pembelian makanan/minuman,4.0,GoPay,"DANA, GoPay, OVO, ShopeePay, LinkAja, iSaku",3 tahun atau lebih,Rp50.000 – Rp99.999,Rp1.000.000 atau lebih,Praktis dan cepat,Saat membeli makanan/minuman,Sangat memengaruhi,Sering,4.0,5.0,5.0,4.0,5.0,5.0,5.0,5.0,5.0,4.0,4.0,5.0,5.0,5.0,4.0,5.0,5.0,4.0,5.0,4.0,4.0,5.0,5.0,4.0,Pembayaran transportasi,Jumlah merchant yang menerima e-wallet,Sangat berniat,5.0,,4.5,5.0,4.5,4.75,4.5,4.5,6,False,4.0,18.0,1.0,5,5,5,3,5,5,4,5,5.0,1,Pengguna Aktif Responsif Promo
552,"Ya, saya bersedia","Ya, saya memenuhi seluruh kriteria tersebut",Perempuan,21.0,Semester 5,Rp3.000.000 atau lebih,Universitas Gadjah Mada,"Sangat sering, lebih dari 10 kali dalam seminggu",Pembelian makanan/minuman,5.0,DANA,"DANA, GoPay, OVO, ShopeePay, LinkAja",3 tahun atau lebih,Rp25.000 – Rp49.999,Rp1.000.000 atau lebih,Praktis dan cepat,Saat membeli makanan/minuman,Memengaruhi,Sangat sering,5.0,4.0,4.0,4.0,4.0,5.0,4.0,5.0,4.0,4.0,5.0,4.0,5.0,4.0,5.0,4.0,5.0,4.0,5.0,5.0,4.0,5.0,4.0,4.0,Top-up mudah dan murah,Kemudahan top-up,Sangat berniat,4.0,,4.25,4.5,4.25,4.5,4.75,4.25,5,False,5.0,21.0,5.0,6,5,5,2,5,4,5,5,4.0,1,Pengguna Aktif Responsif Promo
553,"Ya, saya bersedia","Ya, saya memenuhi seluruh kriteria tersebut",Laki-Laki,19.0,Semester 2,Rp1.500.000 – Rp1.999.999,Universitas Merdeka Malang,"Jarang, 1–2 kali dalam seminggu",Belanja online,2.0,ShopeePay,"DANA, GoPay, OVO, ShopeePay, LinkAja",2 tahun – kurang dari 3 tahun,Rp50.000 – Rp99.999,Rp100.000 – Rp299.999,Mudah untuk belanja online,Saat ada promo/cashback,Sangat tidak memengaruhi,Tidak pernah,1.0,2.0,1.0,2.0,1.0,4.0,4.0,4.0,4.0,4.0,5.0,4.0,5.0,4.0,5.0,4.0,5.0,4.0,4.0,5.0,5.0,4.0,4.0,4.0,Riwayat transaksi yang jelas,Perlindungan data pribadi,Sangat berniat,4.0,,1.5,3.25,4.25,4.5,4.5,4.25,5,False,2.0,19.0,2.0,4,2,4,3,2,1,1,5,4.0,1,Pengguna Aktif Responsif Promo
554,"Ya, saya bersedia","Ya, saya memenuhi seluruh kriteria tersebut",Perempuan,20.0,Semester 4,Rp1.000.000 – Rp1.499.999,Universitas Negeri Yogyakarta,"Cukup sering, 3–5 kali dalam seminggu",Transfer ke teman / orang lain,2.0,DANA,"DANA, GoPay, ShopeePay, LinkAja",1 tahun – kurang dari 2 tahun,Rp100.000 – Rp199.999,Rp300.000 – Rp499.999,Mudah untuk transfer uang,Saat transfer ke teman/keluarga,Sangat memengaruhi,Sangat sering,5.0,4.0,5.0,4.0,4.0,5.0,5.0,4.0,5.0,5.0,4.0,4.0,5.0,4.0,5.0,5.0,4.0,4.0,4.0,5.0,4.0,5.0,4.0,4.0,Promo makanan/minuman,Jumlah promo/cashback,Sangat berniat,5.0,,4.5,4.5,4.5,4.75,4.25,4.25,4,False,2.0,20.0,4.0,3,3,3,4,3,5,5,5,5.0,1,Pengguna Aktif Responsif Promo
555,"Ya, saya bersedia","Ya, saya memenuhi seluruh kriteria tersebut",Perempuan,20.0,Semester 4,Rp2.000.000 – Rp2.999.999,Universitas Negeri Surabaya,"Sering, 6–10 kali dalam seminggu",Pembelian makanan/minuman,3.0,DANA,"DANA, GoPay, OVO, ShopeePay",2 tahun – kurang dari 3 tahun,Rp25.000 – Rp49.999,Rp500.000 – Rp999.999,Banyak merchant yang menerima e-wallet,Saat membeli makanan/minuman,Sangat memengaruhi,Sangat sering,5.0,4.0,5.0,4.0,5.0,4.0,5.0,5.0,5.0,4.0,5.0,5.0,4.0,5.0,4.0,5.0,4.0,5.0,4.0,5.0,5.0,4.0,5.0,4.0,Promo makanan/minuman,Jumlah promo/cashback,Berniat,5.0,,4.5,4.75,4.75,4.5,4.5,4.5,4,False,3.0,20.0,4.0,5,4,4,2,4,5,5,4,5.0,1,Pengguna Aktif Responsif Promo
556,"Ya, saya bersedia","Ya, saya memenuhi seluruh kriteria tersebut",Laki-Laki,22.0,Semester 7,Rp3.000.000 atau lebih,Universitas Negeri Manado,"Cukup sering, 3–5 kali dalam seminggu",Transportasi,2.0,ShopeePay,"DANA, GoPay, OVO, ShopeePay, LinkAja",1 tahun – kurang dari 2 tahun,Rp25.000 – Rp49.999,Rp300.000 – Rp499.999,Banyak promo/cashback,Saat belanja online,Memengaruhi,Kadang-kadang,4.0,4.0,5.0,5.0,5.0,5.0,5.0,5.0,5.0,4.0,5.0,5.0,5.0,5.0,5.0,5.0,5.0,5.0,4.0,5.0,5.0,4.0,4.0,5.0,Keamanan akun yang lebih kuat,Keamanan akun,Sangat berniat,5.0,,4.5,5.0,4.75,5.0,4.75,4.5,5,False,2.0,22.0,7.0,6,3,3,2,3,4,3,5,5.0,1,Pengguna Aktif Responsif Promo
557,"Ya, saya bersedia","Ya, saya memenuhi seluruh kriteria tersebut",Perempuan,22.0,Semester 8,Rp2.000.000 – Rp2.999.999,Universitas Negeri Malang,"Sangat jarang, kurang dari 1 kali dalam seminggu",Pembayaran tagihan,1.0,DANA,DANA,6 bulan – kurang dari 1 tahun,Rp100.000 – Rp199.999,Kurang dari Rp100.000,Mudah untuk transfer uang,Saat melakukan pembayaran rutin,Memengaruhi,Sangat sering,5.0,5.0,4.0,4.0,5.0,4.0,4.0,5.0,5.0,5.0,4.0,4.0,4.0,5.0,5.0,4.0,5.0,4.0,5.0,5.0,4.0,5.0,4.0,5.0,Transfer gratis,Biaya admin,Sangat berniat,4.0,,4.5,4.5,4.5,4.5,4.75,4.5,1,False,1.0,22.0,8.0,5,1,2,4,1,4,5,5,4.0,1,Pengguna Aktif Responsif Promo
558,"Ya, saya bersedia","Ya, saya memenuhi seluruh kriteria tersebut",Perempuan,19.0,Semester 2,Kurang dari Rp500.000,Universitas Islam Indonesia,"Sering, 6–10 kali dalam seminggu",Belanja online,3.0,ShopeePay,"DANA, GoPay, OVO, ShopeePay",2 tahun – kurang dari 3 tahun,Rp50.000 – Rp99.999,Rp500.000 – Rp999.999,Mudah untuk belanja online,Saat belanja online,Memengaruhi,Sangat sering,5.0,5.0,5.0,4.0,5.0,4.0,4.0,5.0,5.0,5.0,5.0,4.0,4.0,5.0,4.0,5.0,5.0,5.0,4.0,5.0,4.0,4.0,5.0,5.0,Transfer gratis,Biaya admin,Berniat,5.0,,4.75,4.5,4.75,4.5,4.75,4.5,4,False,3.0,19.0,2.0,1,4,4,3,4,4,5,4,5.0,1,Pengguna Aktif Responsif Promo
559,"Ya, saya bersedia","Ya, saya memenuhi seluruh kriteria tersebut",Perempuan,22.0,Semester 7,Rp500.000 – Rp999.999,Universitas Merdeka Malang,"Sering, 6–10 kali dalam seminggu",Pembelian makanan/minuman,3.0,DANA,"DANA, LinkAja",2 tahun – kurang dari 3 tahun,Rp25.000 – Rp49.999,Rp500.000 – Rp999.999,Praktis dan cepat,Saat membeli makanan/minuman,Tidak memengaruhi,Tidak pernah,2.0,2.0,2.0,1.0,2.0,2.0,1.0,1.0,3.0,2.0,3.0,2.0,1.0,2.0,2.0,1.0,2.0,2.0,1.0,2.0,2.0,1.0,1.0,1.0,Cashback transaksi,Jumlah promo/cashback,Tidak berniat,2.0,,1.75,1.5,2.5,1.5,1.75,1.25,2,False,3.0,22.0,7.0,2,4,4,2,4,2,1,2,2.0,2,Pengguna Positif Moderat/Selektif
560,"Ya, saya bersedia","Ya, saya memenuhi seluruh kriteria tersebut",Perempuan,19.0,Semester 2,Rp1.000.000 – Rp1.499.999,Universitas Pendidikan Indonesia,"Jarang, 1–2 kali dalam seminggu",Pembelian pulsa / paket data,2.0,DANA,"DANA, ShopeePay",6 bulan – kurang dari 1 tahun,Rp25.000 – Rp49.999,Rp100.000 – Rp299.999,Tidak perlu membawa uang tunai,Saat melakukan pembayaran rutin,Memengaruhi,Sering,4.0,4.0,4.0,4.0,4.0,4.0,4.0,4.0,4.0,4.0,4.0,5.0,4.0,4.0,5.0,4.0,5.0,5.0,5.0,5.0,5.0,5.0,4.0,5.0,Promo makanan/minuman,Jumlah promo/cashback,Sangat berniat,4.0,,4.0,4.0,4.25,4.25,5.0,4.75,2,False,2.0,19.0,2.0,3,2,2,2,2,4,4,5,4.0,1,Pengguna Aktif Responsif Promo
561,"Ya, saya bersedia","Ya, saya memenuhi seluruh kriteria tersebut",Perempuan,21.0,Semester 6,Rp500.000 – Rp999.999,Universitas Katolik Indonesia Atma Jaya,"Sering, 6–10 kali dalam seminggu",Transfer ke teman / orang lain,3.0,OVO,"DANA, GoPay, LinkAja",2 tahun – kurang dari 3 tahun,Rp100.000 – Rp199.999,Rp500.000 – Rp999.999,Mudah untuk transfer uang,Saat transfer ke teman/keluarga,Sangat memengaruhi,Sangat sering,5.0,5.0,4.0,5.0,4.0,5.0,5.0,5.0,4.0,4.0,5.0,4.0,5.0,5.0,4.0,4.0,4.0,5.0,5.0,4.0,4.0,4.0,4.0,5.0,Pembayaran transportasi,Jumlah merchant yang menerima e-wallet,Berniat,4.0,,4.75,4.75,4.25,4.5,4.5,4.25,3,False,3.0,21.0,6.0,2,4,4,4,4,5,5,4,4.0,1,Pengguna Aktif Responsif Promo
562,"Ya, saya bersedia","Ya, saya memenuhi seluruh kriteria tersebut",Perempuan,20.0,Semester 3,Rp500.000 – Rp999.999,Universitas Indonesia,"Sering, 6–10 kali dalam seminggu",Belanja online,3.0,ShopeePay,"DANA, GoPay, OVO",2 tahun – kurang dari 3 tahun,Rp50.000 – Rp99.999,Rp500.000 – Rp999.999,Mudah untuk belanja online,Saat belanja online,Sangat memengaruhi,Sering,4.0,4.0,5.0,4.0,5.0,4.0,5.0,4.0,5.0,5.0,4.0,4.0,5.0,4.0,4.0,5.0,4.0,5.0,4.0,4.0,4.0,5.0,4.0,5.0,Keamanan akun yang lebih kuat,Keamanan akun,Berniat,5.0,,4.25,4.5,4.5,4.5,4.25,4.5,3,False,3.0,20.0,3.0,2,4,4,3,4,5,4,4,5.0,1,Pengguna Aktif Responsif Promo
563,"Ya, saya bersedia","Ya, saya memenuhi seluruh kriteria tersebut",Perempuan,22.0,Semester 8,Rp500.000 – Rp999.999,Universitas Komputer Indonesia,"Sangat sering, lebih dari 10 kali dalam seminggu",Transfer ke teman / orang lain,5.0,DANA,"GoPay, OVO, ShopeePay",3 tahun atau lebih,Rp100.000 – Rp199.999,Rp1.000.000 atau lebih,Mudah untuk transfer uang,Saat transfer ke teman/keluarga,Memengaruhi,Sering,5.0,4.0,3.0,5.0,5.0,5.0,4.0,4.0,4.0,5.0,4.0,5.0,4.0,5.0,4.0,5.0,3.0,4.0,3.0,4.0,4.0,5.0,3.0,5.0,Transfer gratis,Biaya admin,Berniat,4.0,,4.25,4.5,4.5,4.5,3.5,4.25,3,False,5.0,22.0,8.0,2,5,5,4,5,4,4,4,4.0,1,Pengguna Aktif Responsif Promo
564,"Ya, saya bersedia","Ya, saya memenuhi seluruh kriteria tersebut",Laki-Laki,18.0,Semester 1,Kurang dari Rp500.000,Universitas Hasanuddin,"Sering, 6–10 kali dalam seminggu",Pembelian makanan/minuman,3.0,DANA,"DANA, GoPay, OVO, ShopeePay",2 tahun – kurang dari 3 tahun,Rp50.000 – Rp99.999,Rp500.000 – Rp999.999,Banyak merchant yang menerima e-wallet,Saat membeli makanan/minuman,Sangat memengaruhi,Sering,4.0,4.0,4.0,4.0,4.0,5.0,5.0,4.0,5.0,5.0,4.0,4.0,5.0,4.0,4.0,5.0,4.0,4.0,5.0,4.0,4.0,5.0,5.0,5.0,Top-up mudah dan murah,Kemudahan top-up,Berniat,5.0,,4.0,4.5,4.5,4.5,4.25,4.75,4,False,3.0,18.0,1.0,1,4,4,3,4,5,4,4,5.0,1,Pengguna Aktif Responsif Promo
565,"Ya, saya bersedia","Ya, saya memenuhi seluruh kriteria tersebut",Perempuan,19.0,Semester 1,Rp500.000 – Rp999.999,Universitas Wahid Hasyim,"Sangat sering, lebih dari 10 kali dalam seminggu",Belanja online,5.0,ShopeePay,"GoPay, LinkAja",3 tahun atau lebih,Rp100.000 – Rp199.999,Rp1.000.000 atau lebih,Banyak promo/cashback,Saat belanja online,Sangat memengaruhi,Sering,3.0,5.0,4.0,4.0,3.0,5.0,4.0,5.0,4.0,5.0,3.0,4.0,4.0,5.0,4.0,4.0,3.0,5.0,4.0,5.0,4.0,5.0,5.0,3.0,Integrasi dengan aplikasi belanja/transportasi,Kecepatan transaksi,Berniat,4.0,,4.0,4.25,4.0,4.25,4.25,4.25,2,False,5.0,19.0,1.0,2,5,5,4,5,5,4,4,4.0,1,Pengguna Aktif Responsif Promo
566,"Ya, saya bersedia","Ya, saya memenuhi seluruh kriteria tersebut",Laki-Laki,21.0,Semester 6,Rp1.000.000 – Rp1.499.999,Universitas Sangga Buana,"Jarang, 1–2 kali dalam seminggu",Pembelian pulsa / paket data,2.0,iSaku,ShopeePay,6 bulan – kurang dari 1 tahun,Rp25.000 – Rp49.999,Rp100.000 – Rp299.999,Tidak perlu membawa uang tunai,Saat melakukan pembayaran rutin,Memengaruhi,Sangat sering,4.0,5.0,5.0,5.0,5.0,5.0,4.0,4.0,5.0,5.0,5.0,5.0,5.0,4.0,4.0,5.0,5.0,5.0,5.0,5.0,5.0,5.0,5.0,5.0,Riwayat transaksi yang jelas,Perlindungan data pribadi,Berniat,4.0,,4.75,4.5,5.0,4.5,5.0,5.0,1,False,2.0,21.0,6.0,3,2,2,2,2,4,5,4,4.0,1,Pengguna Aktif Responsif Promo
567,"Ya, saya bersedia","Ya, saya memenuhi seluruh kriteria tersebut",Perempuan,22.0,Semester 8,Rp2.000.000 – Rp2.999.999,Universitas Pendidikan Indonesia,"Sangat jarang, kurang dari 1 kali dalam seminggu",Pembayaran tagihan,1.0,DANA,DANA,6 bulan – kurang dari 1 tahun,Rp100.000 – Rp199.999,Kurang dari Rp100.000,Mudah untuk transfer uang,Saat melakukan pembayaran rutin,Sangat memengaruhi,Sangat sering,5.0,4.0,4.0,5.0,4.0,4.0,5.0,5.0,5.0,4.0,4.0,4.0,5.0,5.0,4.0,5.0,4.0,5.0,5.0,4.0,5.0,4.0,5.0,5.0,Transfer gratis,Biaya admin,Berniat,5.0,,4.5,4.5,4.25,4.75,4.5,4.75,1,False,1.0,22.0,8.0,5,1,2,4,1,5,5,4,5.0,1,Pengguna Aktif Responsif Promo
568,"Ya, saya bersedia","Ya, saya memenuhi seluruh kriteria tersebut",Perempuan,21.0,Semester 5,Rp3.000.000 atau lebih,Universitas Islam Negeri Raden Fatah,"Cukup sering, 3–5 kali dalam seminggu",Transfer ke teman / orang lain,2.0,DANA,"DANA, GoPay, ShopeePay, LinkAja",1 tahun – kurang dari 2 tahun,Rp100.000 – Rp199.999,Rp300.000 – Rp499.999,Mudah untuk transfer uang,Saat transfer ke teman/keluarga,Memengaruhi,Sering,5.0,4.0,4.0,5.0,4.0,5.0,4.0,4.0,4.0,5.0,4.0,5.0,4.0,5.0,4.0,4.0,4.0,4.0,5.0,4.0,4.0,5.0,4.0,4.0,Transfer gratis,Biaya admin,Sangat berniat,4.0,,4.5,4.25,4.5,4.25,4.25,4.25,4,False,2.0,21.0,5.0,6,3,3,4,3,4,4,5,4.0,1,Pengguna Aktif Responsif Promo
569,"Ya, saya bersedia","Ya, saya memenuhi seluruh kriteria tersebut",Laki-Laki,19.0,Semester 2,Kurang dari Rp500.000,Universitas Islam Negeri Sumatera Utara,"Sangat jarang, kurang dari 1 kali dalam seminggu",Pembelian pulsa / paket data,2.0,DANA,DANA,3 tahun atau lebih,Rp25.000 – Rp49.999,Kurang dari Rp100.000,Lainnya,Saat belanja online,Cukup memengaruhi,Jarang,4.0,4.0,3.0,4.0,3.0,3.0,2.0,3.0,1.0,3.0,5.0,1.0,3.0,3.0,3.0,1.0,4.0,4.0,4.0,4.0,5.0,5.0,5.0,5.0,"Transfer gratis, Top-up mudah dan murah, Pembayaran UKT/kampus, Keamanan akun yang lebih kuat, Riwayat transaksi yang jelas, Integrasi dengan aplikasi belanja/transportasi",Perlindungan data pribadi,Ragu-ragu,3.0,"e-wallet bagus, namun kesalahan nya terlalu banyak sekitar bug nya 35-47% dan keamanannya terkadang -80% dan data pribadi -100% kalau disalah gunakan atau di hack orang",3.75,2.75,2.5,2.5,4.0,5.0,1,False,2.0,19.0,2.0,1,1,5,2,1,3,2,3,3.0,1,Pengguna Aktif Responsif Promo
